problem,strategy,seed,epochs_run,best_epoch,presentations,presentations_total,rho,subset_final,subset_mean,subset_frac_mean,converged,operator_calls,operator_evals,train_mse,train_accuracy,train_macro_f1,train_error_rate,val_mse,val_accuracy,val_macro_f1,val_error_rate,gen_mse,gen_accuracy,gen_macro_f1,gen_error_rate,eta,alpha,lam,p_seed_frac,p_growth,p_rho_max,p_committee,train_rmse,val_rmse,gen_rmse
iris,uncertainty,1000,200,189,1160,1248,1.1505289435155013,8,6.24,0.06933333333333333,1,1,84,0.05795555267268258,0.8777777777777778,0.8774714564188248,0.12222222222222223,0.05203208659771291,0.8666666666666667,0.861111111111111,0.1333333333333333,0.06667954078735847,0.8666666666666667,0.8653198653198654,0.1333333333333333,0.3,0.0,0.0001,0.05,0.02,1.05,1,,,
iris,uncertainty,1000,200,200,1200,1200,1.0953930915749734,6,6.0,0.06666666666666667,1,0,0,0.054189814827350184,0.8777777777777778,0.8749644785450412,0.12222222222222223,0.048178333033897174,0.9,0.899749373433584,0.09999999999999998,0.059359148795606456,0.9,0.899749373433584,0.09999999999999998,0.3,0.0,0.0001,0.05,0.02,1.15,1,,,
iris,uncertainty,1000,200,200,1200,1200,1.0953930915749734,6,6.0,0.06666666666666667,1,0,0,0.054189814827350184,0.8777777777777778,0.8749644785450412,0.12222222222222223,0.048178333033897174,0.9,0.899749373433584,0.09999999999999998,0.059359148795606456,0.9,0.899749373433584,0.09999999999999998,0.3,0.0,0.0001,0.05,0.02,1.3,1,,,
iris,uncertainty,1000,200,195,1758,2048,1.047820827636323,58,10.24,0.11377777777777778,1,13,780,0.04259110821851757,0.9777777777777777,0.9777530589543938,0.022222222222222254,0.04779314318456116,0.9,0.8976982097186701,0.09999999999999998,0.04462785026347528,0.9666666666666667,0.9665831244778613,0.033333333333333326,0.3,0.0,0.0001,0.05,0.05,1.05,1,,,
iris,uncertainty,1000,200,200,1200,1200,1.0953930915749734,6,6.0,0.06666666666666667,1,0,0,0.054189814827350184,0.8777777777777778,0.8749644785450412,0.12222222222222223,0.048178333033897174,0.9,0.899749373433584,0.09999999999999998,0.059359148795606456,0.9,0.899749373433584,0.09999999999999998,0.3,0.0,0.0001,0.05,0.05,1.15,1,,,
iris,uncertainty,1000,200,200,1200,1200,1.0953930915749734,6,6.0,0.06666666666666667,1,0,0,0.054189814827350184,0.8777777777777778,0.8749644785450412,0.12222222222222223,0.048178333033897174,0.9,0.899749373433584,0.09999999999999998,0.059359148795606456,0.9,0.899749373433584,0.09999999999999998,0.3,0.0,0.0001,0.05,0.05,1.3,1,,,
iris,uncertainty,1000,200,198,2160,2280,0.9816445084717549,60,11.4,0.12666666666666668,1,6,369,0.03995259900943677,0.9555555555555556,0.9553571428571429,0.0444444444444444,0.04033614516203588,0.9,0.8976982097186701,0.09999999999999998,0.03921924941678768,0.9333333333333333,0.9333333333333332,0.06666666666666665,0.3,0.0,0.0001,0.05,0.1,1.05,1,,,
iris,uncertainty,1000,200,200,1200,1200,1.0953930915749734,6,6.0,0.06666666666666667,1,0,0,0.054189814827350184,0.8777777777777778,0.8749644785450412,0.12222222222222223,0.048178333033897174,0.9,0.899749373433584,0.09999999999999998,0.059359148795606456,0.9,0.899749373433584,0.09999999999999998,0.3,0.0,0.0001,0.05,0.1,1.15,1,,,
iris,uncertainty,1000,200,200,1200,1200,1.0953930915749734,6,6.0,0.06666666666666667,1,0,0,0.054189814827350184,0.8777777777777778,0.8749644785450412,0.12222222222222223,0.048178333033897174,0.9,0.899749373433584,0.09999999999999998,0.059359148795606456,0.9,0.899749373433584,0.09999999999999998,0.3,0.0,0.0001,0.05,0.1,1.3,1,,,
iris,uncertainty,1000,200,153,9214,13444,0.6263435285056826,90,67.22,0.7468888888888888,1,41,1681,0.00946936229510561,0.9777777777777777,0.9777530589543938,0.022222222222222254,0.02261055224492923,0.9,0.8976982097186701,0.09999999999999998,0.005931073792615117,1.0,1.0,0.0,0.3,0.0,0.0001,0.1,0.02,1.05,1,,,
iris,uncertainty,1000,200,189,6082,7072,0.9250122131708229,90,35.36,0.3928888888888889,1,41,1681,0.010585947366871913,0.9888888888888889,0.9888858016115588,0.011111111111111072,0.03178059894204685,0.8666666666666667,0.861111111111111,0.1333333333333333,0.009792130602340033,1.0,1.0,0.0,0.3,0.0,0.0001,0.1,0.02,1.15,1,,,
iris,uncertainty,1000,200,200,2036,2036,1.153971509239665,17,10.18,0.1131111111111111,1,4,312,0.046275148833751556,0.9111111111111111,0.910213243546577,0.0888888888888889,0.05179229613838577,0.8666666666666667,0.861111111111111,0.1333333333333333,0.0534002033399744,0.9,0.8976982097186701,0.09999999999999998,0.3,0.0,0.0001,0.1,0.02,1.3,1,,,
iris,uncertainty,1000,200,141,9162,14472,0.5984335666941455,90,72.36,0.804,1,21,861,0.009666511384994678,0.9666666666666667,0.9665831244778613,0.033333333333333326,0.02174987431542383,0.9,0.8976982097186701,0.09999999999999998,0.005784764885611929,1.0,1.0,0.0,0.3,0.0,0.0001,0.1,0.05,1.05,1,,,
iris,uncertainty,1000,200,192,7839,8559,0.8575222430199705,90,42.795,0.47550000000000003,1,21,861,0.009979335663788402,0.9888888888888889,0.9888858016115588,0.011111111111111072,0.029954406370118997,0.8666666666666667,0.861111111111111,0.1333333333333333,0.008557502302261016,1.0,1.0,0.0,0.3,0.0,0.0001,0.1,0.05,1.15,1,,,
iris,uncertainty,1000,200,189,2097,2328,1.0723493117451712,21,11.64,0.12933333333333333,1,3,231,0.044096259518059525,0.9666666666666667,0.9665831244778613,0.033333333333333326,0.052753651227176755,0.9,0.8976982097186701,0.09999999999999998,0.04728659354472759,0.9333333333333333,0.9326599326599326,0.06666666666666665,0.3,0.0,0.0001,0.1,0.05,1.3,1,,,
iris,uncertainty,1000,200,132,9108,15228,0.6293030949816759,90,76.14,0.846,1,9,405,0.009147242314125226,0.9777777777777777,0.9777530589543938,0.022222222222222254,0.02357623009690667,0.9,0.8976982097186701,0.09999999999999998,0.005756387898826352,1.0,1.0,0.0,0.3,0.0,0.0001,0.1,0.1,1.05,1,,,
iris,uncertainty,1000,200,200,9144,9144,0.6293971834729942,90,45.72,0.508,1,9,405,0.011492952712180532,0.9666666666666667,0.9665831244778613,0.033333333333333326,0.019657626393911994,0.9333333333333333,0.9326599326599326,0.06666666666666665,0.007233632066834738,1.0,1.0,0.0,0.3,0.0,0.0001,0.1,0.1,1.15,1,,,
iris,uncertainty,1000,200,197,2592,2709,0.9854674142386581,45,13.545,0.1505,1,4,270,0.03922023083630862,0.9888888888888889,0.9888858016115588,0.011111111111111072,0.05138191738521119,0.9,0.8976982097186701,0.09999999999999998,0.03865025946810034,0.9666666666666667,0.9665831244778613,0.033333333333333326,0.3,0.0,0.0001,0.1,0.1,1.3,1,,,
iris,uncertainty,1000,200,145,9150,14100,0.8083714757106416,90,70.5,0.7833333333333333,1,36,1332,0.008966222655564205,0.9888888888888889,0.9888858016115588,0.011111111111111072,0.03114793411835482,0.8666666666666667,0.861111111111111,0.1333333333333333,0.007248038639628624,1.0,1.0,0.0,0.3,0.0,0.0001,0.2,0.02,1.05,1,,,
iris,uncertainty,1000,200,177,9144,11214,0.8227561761685057,90,56.07,0.623,1,36,1332,0.009590395622836645,0.9888888888888889,0.9888858016115588,0.011111111111111072,0.0325450770475778,0.8666666666666667,0.861111111111111,0.1333333333333333,0.007890557230588253,1.0,1.0,0.0,0.3,0.0,0.0001,0.2,0.02,1.15,1,,,
iris,uncertainty,1000,200,189,7858,8848,0.6724627044876111,90,44.24,0.4915555555555556,1,36,1332,0.010550500481571521,0.9666666666666667,0.9665831244778613,0.033333333333333326,0.023943369364211792,0.9,0.8976982097186701,0.09999999999999998,0.0070948180875354296,1.0,1.0,0.0,0.3,0.0,0.0001,0.2,0.02,1.3,1,,,
iris,uncertainty,1000,200,126,9012,15672,0.7802558573788443,90,78.36,0.8706666666666667,1,18,684,0.008682393604847837,0.9888888888888889,0.9888858016115588,0.011111111111111072,0.029962625904596533,0.8666666666666667,0.861111111111111,0.1333333333333333,0.006774488466251143,1.0,1.0,0.0,0.3,0.0,0.0001,0.2,0.05,1.05,1,,,
iris,uncertainty,1000,200,200,12384,12384,0.5880979677414608,90,61.92,0.6880000000000001,1,18,684,0.01069552591561836,0.9666666666666667,0.9665831244778613,0.033333333333333326,0.020356281847136285,0.9333333333333333,0.9326599326599326,0.06666666666666665,0.006290017054901284,1.0,1.0,0.0,0.3,0.0,0.0001,0.2,0.05,1.15,1,,,
iris,uncertainty,1000,200,199,9210,9300,0.875452301545356,90,46.5,0.5166666666666667,1,18,684,0.010138808861045281,0.9888888888888889,0.9888858016115588,0.011111111111111072,0.03358528649905585,0.8666666666666667,0.861111111111111,0.1333333333333333,0.00887604355233054,1.0,1.0,0.0,0.3,0.0,0.0001,0.2,0.05,1.3,1,,,
iris,uncertainty,1000,200,117,8991,16461,0.7487254817053999,90,82.305,0.9145000000000001,1,8,324,0.008711930026787836,0.9888888888888889,0.9888858016115588,0.011111111111111072,0.02855140438122547,0.8666666666666667,0.861111111111111,0.1333333333333333,0.006522844005890459,1.0,1.0,0.0,0.3,0.0,0.0001,0.2,0.1,1.05,1,,,
iris,uncertainty,1000,200,158,9081,12861,0.8027761975490898,90,64.305,0.7145,1,8,324,0.009144494713344452,0.9888888888888889,0.9888858016115588,0.011111111111111072,0.031123517388929316,0.8666666666666667,0.861111111111111,0.1333333333333333,0.007340982694486414,1.0,1.0,0.0,0.3,0.0,0.0001,0.2,0.1,1.15,1,,,
iris,uncertainty,1000,200,186,9198,10458,0.8007219020061689,90,52.29,0.581,1,8,324,0.009634477487024274,0.9888888888888889,0.9888858016115588,0.011111111111111072,0.031154909953483165,0.8666666666666667,0.861111111111111,0.1333333333333333,0.0077145371382456905,1.0,1.0,0.0,0.3,0.0,0.0001,0.2,0.1,1.3,1,,,
iris,uncertainty,1001,200,196,7892,8148,0.6840241886051498,64,40.74,0.45266666666666666,1,29,1624,0.010557978399327267,0.9555555555555556,0.9555061179087875,0.0444444444444444,0.01308334759393691,0.9666666666666667,0.9665831244778613,0.033333333333333326,0.007221912607910531,0.9666666666666667,0.9665831244778613,0.033333333333333326,0.3,0.0,0.0001,0.05,0.02,1.05,1,,,
iris,uncertainty,1001,200,169,1014,1978,0.9000800512171424,60,9.89,0.1098888888888889,1,27,1566,0.08126679784820107,0.9555555555555556,0.9554887608657333,0.0444444444444444,0.08152760761856793,0.9666666666666667,0.9665831244778613,0.033333333333333326,0.07314662356946197,0.9666666666666667,0.9665831244778613,0.033333333333333326,0.3,0.0,0.0001,0.05,0.02,1.15,1,,,
iris,uncertainty,1001,200,200,1200,1200,0.9644310426323095,6,6.0,0.06666666666666667,1,0,0,0.05672666828840115,0.9333333333333333,0.9326599326599326,0.06666666666666665,0.05733705135362511,0.9333333333333333,0.9312169312169312,0.06666666666666665,0.05470895984243989,0.9333333333333333,0.9312169312169312,0.06666666666666665,0.3,0.0,0.0001,0.05,0.02,1.3,1,,,
iris,uncertainty,1001,200,195,8174,8484,0.6674188533525346,62,42.42,0.4713333333333333,1,14,812,0.010102912889692854,0.9666666666666667,0.9666574048346764,0.033333333333333326,0.012601003551300987,0.9666666666666667,0.9665831244778613,0.033333333333333326,0.006742874536359347,0.9666666666666667,0.9665831244778613,0.033333333333333326,0.3,0.0,0.0001,0.05,0.05,1.05,1,,,
iris,uncertainty,1001,200,196,2244,2476,0.769441294625424,58,12.38,0.13755555555555557,1,13,780,0.043716471981783744,0.9555555555555556,0.9555061179087875,0.0444444444444444,0.04287275106896817,0.9666666666666667,0.9665831244778613,0.033333333333333326,0.03363725879811976,1.0,1.0,0.0,0.3,0.0,0.0001,0.05,0.05,1.15,1,,,
iris,uncertainty,1001,200,200,1200,1200,0.9644310426323095,6,6.0,0.06666666666666667,1,0,0,0.05672666828840115,0.9333333333333333,0.9326599326599326,0.06666666666666665,0.05733705135362511,0.9333333333333333,0.9312169312169312,0.06666666666666665,0.05470895984243989,0.9333333333333333,0.9312169312169312,0.06666666666666665,0.3,0.0,0.0001,0.05,0.05,1.3,1,,,
iris,uncertainty,1001,200,199,9834,9924,0.6244085101989909,90,49.62,0.5513333333333333,1,10,435,0.010029708331908024,0.9666666666666667,0.9666574048346764,0.033333333333333326,0.012495097600197583,0.9666666666666667,0.9665831244778613,0.033333333333333326,0.006262635237257095,1.0,1.0,0.0,0.3,0.0,0.0001,0.05,0.1,1.05,1,,,
iris,uncertainty,1001,200,200,2937,2937,0.6050424034725844,69,14.685,0.16316666666666668,1,7,399,0.02474700464077968,0.9444444444444444,0.944429008057794,0.05555555555555558,0.024088059979375638,0.9333333333333333,0.9333333333333332,0.06666666666666665,0.014972987166604538,1.0,1.0,0.0,0.3,0.0,0.0001,0.05,0.1,1.15,1,,,
iris,uncertainty,1001,200,200,1200,1200,0.9644310426323095,6,6.0,0.06666666666666667,1,0,0,0.05672666828840115,0.9333333333333333,0.9326599326599326,0.06666666666666665,0.05733705135362511,0.9333333333333333,0.9312169312169312,0.06666666666666665,0.05470895984243989,0.9333333333333333,0.9312169312169312,0.06666666666666665,0.3,0.0,0.0001,0.05,0.1,1.3,1,,,
iris,uncertainty,1001,200,187,1691,1926,0.9075625105050993,27,9.63,0.10700000000000001,1,9,657,0.07016918581797935,0.8333333333333334,0.8222222222222223,0.16666666666666663,0.06964803333987936,0.8,0.7802197802197802,0.19999999999999996,0.06368292244106415,0.9,0.8976982097186701,0.09999999999999998,0.3,0.0,0.0001,0.1,0.02,1.05,1,,,
iris,uncertainty,1001,200,199,1791,1800,0.9009713038701707,9,9.0,0.1,1,0,0,0.05025617474207375,0.9666666666666667,0.9665831244778613,0.033333333333333326,0.050121834800036916,0.9666666666666667,0.9665831244778613,0.033333333333333326,0.04527937128489332,1.0,1.0,0.0,0.3,0.0,0.0001,0.1,0.02,1.15,1,,,
iris,uncertainty,1001,200,199,1791,1800,0.9009713038701707,9,9.0,0.1,1,0,0,0.05025617474207375,0.9666666666666667,0.9665831244778613,0.033333333333333326,0.050121834800036916,0.9666666666666667,0.9665831244778613,0.033333333333333326,0.04527937128489332,1.0,1.0,0.0,0.3,0.0,0.0001,0.1,0.02,1.3,1,,,
iris,uncertainty,1001,200,200,2192,2192,0.8356374417975163,41,10.96,0.12177777777777779,1,8,536,0.04661923807625631,0.9666666666666667,0.9666574048346764,0.033333333333333326,0.04735028575696076,0.9666666666666667,0.9665831244778613,0.033333333333333326,0.038956780844592184,1.0,1.0,0.0,0.3,0.0,0.0001,0.1,0.05,1.05,1,,,
iris,uncertainty,1001,200,199,1791,1800,0.9009713038701707,9,9.0,0.1,1,0,0,0.05025617474207375,0.9666666666666667,0.9665831244778613,0.033333333333333326,0.050121834800036916,0.9666666666666667,0.9665831244778613,0.033333333333333326,0.04527937128489332,1.0,1.0,0.0,0.3,0.0,0.0001,0.1,0.05,1.15,1,,,
iris,uncertainty,1001,200,199,1791,1800,0.9009713038701707,9,9.0,0.1,1,0,0,0.05025617474207375,0.9666666666666667,0.9665831244778613,0.033333333333333326,0.050121834800036916,0.9666666666666667,0.9665831244778613,0.033333333333333326,0.04527937128489332,1.0,1.0,0.0,0.3,0.0,0.0001,0.1,0.05,1.3,1,,,
iris,uncertainty,1001,200,200,2547,2547,0.7285222291984508,63,12.735,0.1415,1,6,351,0.037205847914085065,0.9555555555555556,0.9555555555555556,0.0444444444444444,0.036750664277147724,0.9333333333333333,0.9333333333333332,0.06666666666666665,0.02710528726158778,1.0,1.0,0.0,0.3,0.0,0.0001,0.1,0.1,1.05,1,,,
iris,uncertainty,1001,200,199,1791,1800,0.9009713038701707,9,9.0,0.1,1,0,0,0.05025617474207375,0.9666666666666667,0.9665831244778613,0.033333333333333326,0.050121834800036916,0.9666666666666667,0.9665831244778613,0.033333333333333326,0.04527937128489332,1.0,1.0,0.0,0.3,0.0,0.0001,0.1,0.1,1.15,1,,,
iris,uncertainty,1001,200,199,1791,1800,0.9009713038701707,9,9.0,0.1,1,0,0,0.05025617474207375,0.9666666666666667,0.9665831244778613,0.033333333333333326,0.050121834800036916,0.9666666666666667,0.9665831244778613,0.033333333333333326,0.04527937128489332,1.0,1.0,0.0,0.3,0.0,0.0001,0.1,0.1,1.3,1,,,
iris,uncertainty,1001,200,200,3650,3650,0.5341116154135714,20,18.25,0.20277777777777778,1,1,72,0.02395006960953278,0.9444444444444444,0.944429008057794,0.05555555555555558,0.022036918594721146,0.9333333333333333,0.9333333333333332,0.06666666666666665,0.012792010368415036,1.0,1.0,0.0,0.3,0.0,0.0001,0.2,0.02,1.05,1,,,
iris,uncertainty,1001,200,200,3600,3600,0.5293444132177187,18,18.0,0.2,1,0,0,0.026295574836148108,0.9222222222222223,0.9220272904483431,0.07777777777777772,0.02402993359966604,0.9333333333333333,0.9333333333333332,0.06666666666666665,0.01391941563186343,1.0,1.0,0.0,0.3,0.0,0.0001,0.2,0.02,1.15,1,,,
iris,uncertainty,1001,200,200,3600,3600,0.5293444132177187,18,18.0,0.2,1,0,0,0.026295574836148108,0.9222222222222223,0.9220272904483431,0.07777777777777772,0.02402993359966604,0.9333333333333333,0.9333333333333332,0.06666666666666665,0.01391941563186343,1.0,1.0,0.0,0.3,0.0,0.0001,0.2,0.02,1.3,1,,,
iris,uncertainty,1001,200,198,3656,3700,0.5362626859701417,22,18.5,0.20555555555555555,1,1,72,0.02481086858706213,0.9444444444444444,0.944429008057794,0.05555555555555558,0.024761757823709794,0.9666666666666667,0.9665831244778613,0.033333333333333326,0.013305143029750154,1.0,1.0,0.0,0.3,0.0,0.0001,0.2,0.05,1.05,1,,,
iris,uncertainty,1001,200,200,3600,3600,0.5293444132177187,18,18.0,0.2,1,0,0,0.026295574836148108,0.9222222222222223,0.9220272904483431,0.07777777777777772,0.02402993359966604,0.9333333333333333,0.9333333333333332,0.06666666666666665,0.01391941563186343,1.0,1.0,0.0,0.3,0.0,0.0001,0.2,0.05,1.15,1,,,
iris,uncertainty,1001,200,200,3600,3600,0.5293444132177187,18,18.0,0.2,1,0,0,0.026295574836148108,0.9222222222222223,0.9220272904483431,0.07777777777777772,0.02402993359966604,0.9333333333333333,0.9333333333333332,0.06666666666666665,0.01391941563186343,1.0,1.0,0.0,0.3,0.0,0.0001,0.2,0.05,1.3,1,,,
iris,uncertainty,1001,200,200,3825,3825,0.5136295952043157,27,19.125,0.2125,1,1,72,0.018697440720398837,0.9666666666666667,0.9666574048346764,0.033333333333333326,0.0203978309291316,0.9666666666666667,0.9665831244778613,0.033333333333333326,0.009603558908575144,1.0,1.0,0.0,0.3,0.0,0.0001,0.2,0.1,1.05,1,,,
iris,uncertainty,1001,200,200,3600,3600,0.5293444132177187,18,18.0,0.2,1,0,0,0.026295574836148108,0.9222222222222223,0.9220272904483431,0.07777777777777772,0.02402993359966604,0.9333333333333333,0.9333333333333332,0.06666666666666665,0.01391941563186343,1.0,1.0,0.0,0.3,0.0,0.0001,0.2,0.1,1.15,1,,,
iris,uncertainty,1001,200,200,3600,3600,0.5293444132177187,18,18.0,0.2,1,0,0,0.026295574836148108,0.9222222222222223,0.9220272904483431,0.07777777777777772,0.02402993359966604,0.9333333333333333,0.9333333333333332,0.06666666666666665,0.01391941563186343,1.0,1.0,0.0,0.3,0.0,0.0001,0.2,0.1,1.3,1,,,
iris,uncertainty,1002,200,168,7862,10742,1.813749917415479,90,53.71,0.5967777777777777,1,42,1806,0.007649077780936318,0.9888888888888889,0.9888858016115587,0.011111111111111072,0.012280055898804758,0.9666666666666667,0.9665831244778613,0.033333333333333326,0.013873514193477822,0.9666666666666667,0.9665831244778613,0.033333333333333326,0.3,0.0,0.0001,0.05,0.02,1.05,1,,,
iris,uncertainty,1002,200,197,7060,7330,1.6612723618597762,90,36.65,0.4072222222222222,1,42,1806,0.008613371951249907,0.9777777777777777,0.9777530589543938,0.022222222222222254,0.01342496950977751,0.9666666666666667,0.9665831244778613,0.033333333333333326,0.014309156765029682,0.9666666666666667,0.9665831244778613,0.033333333333333326,0.3,0.0,0.0001,0.05,0.02,1.15,1,,,
iris,uncertainty,1002,200,197,2296,2374,1.0849337868371878,26,11.87,0.1318888888888889,1,10,750,0.040228685394918605,0.9444444444444444,0.9449067502837227,0.05555555555555558,0.03710556303701324,1.0,1.0,0.0,0.04364545998499091,0.9666666666666667,0.9665831244778613,0.033333333333333326,0.3,0.0,0.0001,0.05,0.02,1.3,1,,,
iris,uncertainty,1002,200,159,7894,11584,2.0689153557206987,90,57.92,0.6435555555555555,1,21,924,0.008059854793489519,0.9777777777777777,0.9777530589543938,0.022222222222222254,0.014685526186535746,0.9666666666666667,0.9665831244778613,0.033333333333333326,0.016675157347129547,0.9333333333333333,0.9326599326599326,0.06666666666666665,0.3,0.0,0.0001,0.05,0.05,1.05,1,,,
iris,uncertainty,1002,200,197,9542,9812,1.870001850181356,90,49.06,0.5451111111111111,1,21,924,0.008398931430949686,0.9777777777777777,0.9777530589543938,0.022222222222222254,0.014302059326440405,0.9666666666666667,0.9665831244778613,0.033333333333333326,0.015706017315422257,0.9333333333333333,0.9326599326599326,0.06666666666666665,0.3,0.0,0.0001,0.05,0.05,1.15,1,,,
iris,uncertainty,1002,200,199,4502,4556,1.3247149740949016,54,22.78,0.2531111111111111,1,12,744,0.01091569532143954,0.9777777777777777,0.9777530589543938,0.022222222222222254,0.015211947632639116,0.9666666666666667,0.9665831244778613,0.033333333333333326,0.014460185044968618,1.0,1.0,0.0,0.3,0.0,0.0001,0.05,0.05,1.3,1,,,
iris,uncertainty,1002,200,164,9483,12723,1.8664007240898923,90,63.615,0.7068333333333333,1,10,435,0.00747054584820163,0.9888888888888889,0.9888858016115587,0.011111111111111072,0.012151428559130645,0.9666666666666667,0.9665831244778613,0.033333333333333326,0.01394303218043026,0.9666666666666667,0.9665831244778613,0.033333333333333326,0.3,0.0,0.0001,0.05,0.1,1.05,1,,,
iris,uncertainty,1002,200,190,9447,10347,1.886698241987624,90,51.735,0.5748333333333333,1,10,435,0.008198878893714005,0.9777777777777777,0.9777530589543938,0.022222222222222254,0.014019227177442225,0.9666666666666667,0.9665831244778613,0.033333333333333326,0.015468810395039648,0.9333333333333333,0.9326599326599326,0.06666666666666665,0.3,0.0,0.0001,0.05,0.1,1.15,1,,,
iris,uncertainty,1002,200,198,5571,5691,1.3418241491020475,60,28.455,0.31616666666666665,1,6,369,0.010522469093133481,0.9666666666666667,0.9666574048346764,0.033333333333333326,0.014299337769403186,0.9666666666666667,0.9665831244778613,0.033333333333333326,0.014119303137346427,0.9666666666666667,0.9665831244778613,0.033333333333333326,0.3,0.0,0.0001,0.05,0.1,1.3,1,,,
iris,uncertainty,1002,200,184,7905,9345,1.6586450252909766,90,46.725,0.5191666666666667,1,41,1681,0.008060582751709086,0.9888888888888889,0.9888858016115587,0.011111111111111072,0.011753012942702661,0.9666666666666667,0.9665831244778613,0.033333333333333326,0.013369645482068527,0.9666666666666667,0.9665831244778613,0.033333333333333326,0.3,0.0,0.0001,0.1,0.02,1.05,1,,,
iris,uncertainty,1002,200,194,5896,6216,1.623607247494153,57,31.08,0.3453333333333333,1,24,1392,0.008740757321982696,0.9777777777777777,0.9777530589543938,0.022222222222222254,0.013800569438420205,0.9666666666666667,0.9665831244778613,0.033333333333333326,0.01419155693655869,0.9666666666666667,0.9665831244778613,0.033333333333333326,0.3,0.0,0.0001,0.1,0.02,1.15,1,,,
iris,uncertainty,1002,200,196,3872,4020,1.115395634160316,37,20.1,0.22333333333333336,1,14,952,0.0191790676544729,0.9666666666666667,0.9666484417714599,0.033333333333333326,0.02452969445332064,0.9666666666666667,0.9665831244778613,0.033333333333333326,0.021392248329064403,0.9666666666666667,0.9665831244778613,0.033333333333333326,0.3,0.0,0.0001,0.1,0.02,1.3,1,,,
iris,uncertainty,1002,200,161,7769,11279,1.8763909831741867,90,56.395,0.6266111111111111,1,21,861,0.007708892571032817,0.9888888888888889,0.9888858016115588,0.011111111111111072,0.01310157120798871,0.9666666666666667,0.9665831244778613,0.033333333333333326,0.014464896510544452,0.9333333333333333,0.9326599326599326,0.06666666666666665,0.3,0.0,0.0001,0.1,0.05,1.05,1,,,
iris,uncertainty,1002,200,193,7977,8607,1.721400135157395,90,43.035,0.47816666666666663,1,21,861,0.008371717794599753,0.9777777777777777,0.9777530589543938,0.022222222222222254,0.013668846414922128,0.9666666666666667,0.9665831244778613,0.033333333333333326,0.014411076143123584,0.9666666666666667,0.9665831244778613,0.033333333333333326,0.3,0.0,0.0001,0.1,0.05,1.15,1,,,
iris,uncertainty,1002,200,200,5276,5276,1.1909918723468131,49,26.38,0.2931111111111111,1,10,630,0.013349901311614157,0.9666666666666667,0.9668457287518137,0.033333333333333326,0.013385422502483516,0.9666666666666667,0.9665831244778613,0.033333333333333326,0.01589962395876452,1.0,1.0,0.0,0.3,0.0,0.0001,0.1,0.05,1.3,1,,,
iris,uncertainty,1002,200,174,9378,11718,1.6319833943958189,90,58.59,0.651,1,9,405,0.008240357266706251,0.9888888888888889,0.9888858016115587,0.011111111111111072,0.011490239510193357,0.9666666666666667,0.9665831244778613,0.033333333333333326,0.01344812622315352,1.0,1.0,0.0,0.3,0.0,0.0001,0.1,0.1,1.05,1,,,
iris,uncertainty,1002,200,165,5697,8847,1.6729546785426375,90,44.235,0.4915,1,9,405,0.00813858878010324,0.9777777777777777,0.9777777777777779,0.022222222222222254,0.012114239140245377,0.9666666666666667,0.9665831244778613,0.033333333333333326,0.013615490176408332,0.9666666666666667,0.9665831244778613,0.033333333333333326,0.3,0.0,0.0001,0.1,0.1,1.15,1,,,
iris,uncertainty,1002,200,189,5931,6624,1.6031570568630125,63,33.12,0.368,1,6,351,0.009158324994486981,0.9777777777777777,0.9777530589543938,0.022222222222222254,0.014782099065541078,0.9666666666666667,0.9665831244778613,0.033333333333333326,0.014682233343956713,0.9666666666666667,0.9665831244778613,0.033333333333333326,0.3,0.0,0.0001,0.1,0.1,1.3,1,,,
iris,uncertainty,1002,200,167,7398,10296,1.9227543544487462,90,51.48,0.572,1,36,1332,0.007593901820101113,0.9888888888888889,0.9888858016115587,0.011111111111111072,0.012151759313604038,0.9666666666666667,0.9665831244778613,0.033333333333333326,0.014601207791855675,0.9333333333333333,0.9326599326599326,0.06666666666666665,0.3,0.0,0.0001,0.2,0.02,1.05,1,,,
iris,uncertainty,1002,200,199,4512,4538,1.1157151553384148,26,22.69,0.2521111111111111,1,4,276,0.016654634663888546,0.9666666666666667,0.9665831244778613,0.033333333333333326,0.0098139533457807,1.0,1.0,0.0,0.018581828301124956,0.9666666666666667,0.9665831244778613,0.033333333333333326,0.3,0.0,0.0001,0.2,0.02,1.15,1,,,
iris,uncertainty,1002,200,199,4340,4366,1.1548918792649294,26,21.83,0.24255555555555552,1,4,276,0.02021334913064753,0.9555555555555556,0.9553571428571429,0.0444444444444444,0.010434532256548277,0.9666666666666667,0.9665831244778613,0.033333333333333326,0.023344232763731654,0.9333333333333333,0.9326599326599326,0.06666666666666665,0.3,0.0,0.0001,0.2,0.02,1.3,1,,,
iris,uncertainty,1002,200,154,9580,13720,2.145992913875812,90,68.6,0.7622222222222221,1,18,684,0.007162193487882354,0.9888888888888889,0.9888858016115588,0.011111111111111072,0.013336925537338439,0.9666666666666667,0.9665831244778613,0.033333333333333326,0.015370016472803017,0.9333333333333333,0.9326599326599326,0.06666666666666665,0.3,0.0,0.0001,0.2,0.05,1.05,1,,,
iris,uncertainty,1002,200,200,5728,5728,1.1573407346051856,34,28.64,0.31822222222222224,1,4,264,0.015930272231062803,0.9555555555555556,0.9555061179087875,0.0444444444444444,0.009648735171796586,1.0,1.0,0.0,0.018436752966358813,0.9666666666666667,0.9665831244778613,0.033333333333333326,0.3,0.0,0.0001,0.2,0.05,1.15,1,,,
iris,uncertainty,1002,200,200,4880,4880,1.1691846105390147,30,24.4,0.2711111111111111,1,3,204,0.01629503979829892,0.9555555555555556,0.9555061179087875,0.0444444444444444,0.010631913854049234,1.0,1.0,0.0,0.019051909760291866,0.9666666666666667,0.9665831244778613,0.033333333333333326,0.3,0.0,0.0001,0.2,0.05,1.3,1,,,
iris,uncertainty,1002,200,134,9342,15282,1.9872827639977078,90,76.41,0.849,1,8,324,0.007148410863915834,0.9888888888888889,0.9888858016115587,0.011111111111111072,0.012287980811967475,0.9666666666666667,0.9665831244778613,0.033333333333333326,0.0142059136998339,0.9666666666666667,0.9665831244778613,0.033333333333333326,0.3,0.0,0.0001,0.2,0.1,1.05,1,,,
iris,uncertainty,1002,200,187,6876,7461,1.330932655834892,45,37.305,0.4145,1,3,189,0.010093463976140863,0.9777777777777777,0.9777777777777779,0.022222222222222254,0.01173732875857155,0.9666666666666667,0.9665831244778613,0.033333333333333326,0.013433720816338967,1.0,1.0,0.0,0.3,0.0,0.0001,0.2,0.1,1.15,1,,,
iris,uncertainty,1002,200,197,5706,5814,1.292497991599842,36,29.07,0.323,1,2,135,0.012162780432249625,0.9777777777777777,0.9777777777777779,0.022222222222222254,0.012419433672602407,0.9666666666666667,0.9665831244778613,0.033333333333333326,0.0157203692809525,1.0,1.0,0.0,0.3,0.0,0.0001,0.2,0.1,1.3,1,,,
iris,uncertainty,1003,200,197,13346,13616,2.2242164601307897,90,68.08,0.7564444444444445,1,42,1806,0.007051672204459239,0.9888888888888889,0.9888858016115588,0.011111111111111072,0.01770963313301558,0.9,0.899749373433584,0.09999999999999998,0.01568444538860501,0.9333333333333333,0.9326599326599326,0.06666666666666665,0.3,0.0,0.0001,0.05,0.02,1.05,1,,,
iris,uncertainty,1003,200,199,10980,11070,2.253828879955835,90,55.35,0.615,1,42,1806,0.007319247281178969,0.9888888888888889,0.9888858016115588,0.011111111111111072,0.018131045132566182,0.9,0.899749373433584,0.09999999999999998,0.016496330901859386,0.9333333333333333,0.9326599326599326,0.06666666666666665,0.3,0.0,0.0001,0.05,0.02,1.15,1,,,
iris,uncertainty,1003,200,194,7024,7564,2.141612203889306,90,37.82,0.4202222222222222,1,42,1806,0.008034822142613243,0.9888888888888889,0.9888858016115588,0.011111111111111072,0.01911021854192049,0.9,0.899749373433584,0.09999999999999998,0.017207473156700546,0.9333333333333333,0.9326599326599326,0.06666666666666665,0.3,0.0,0.0001,0.05,0.02,1.3,1,,,
iris,uncertainty,1003,200,197,14350,14620,2.0486538674747834,90,73.1,0.8122222222222222,1,21,924,0.006903404076245929,0.9888888888888889,0.9888858016115588,0.011111111111111072,0.017294774727516067,0.9,0.899749373433584,0.09999999999999998,0.014142685459542408,0.9333333333333333,0.9326599326599326,0.06666666666666665,0.3,0.0,0.0001,0.05,0.05,1.05,1,,,
iris,uncertainty,1003,200,196,12016,12376,2.1535424761005646,90,61.88,0.6875555555555556,1,21,924,0.007080101516626371,0.9888888888888889,0.9888858016115588,0.011111111111111072,0.017676697714685524,0.9,0.899749373433584,0.09999999999999998,0.015247299351158919,0.9333333333333333,0.9326599326599326,0.06666666666666665,0.3,0.0,0.0001,0.05,0.05,1.15,1,,,
iris,uncertainty,1003,200,200,8708,8708,2.0341871188375302,90,43.54,0.48377777777777775,1,21,924,0.007650824565637663,0.9888888888888889,0.9888858016115588,0.011111111111111072,0.018510558789559244,0.9,0.899749373433584,0.09999999999999998,0.015563208779905878,0.9333333333333333,0.9326599326599326,0.06666666666666665,0.3,0.0,0.0001,0.05,0.05,1.3,1,,,
iris,uncertainty,1003,200,199,15027,15117,2.1114441734968374,90,75.585,0.8398333333333332,1,10,435,0.006879647011238818,0.9888888888888889,0.9888858016115588,0.011111111111111072,0.01714553170817157,0.9,0.899749373433584,0.09999999999999998,0.014525990597595136,0.9333333333333333,0.9326599326599326,0.06666666666666665,0.3,0.0,0.0001,0.05,0.1,1.05,1,,,
iris,uncertainty,1003,200,200,12855,12855,1.7695604664412883,90,64.275,0.7141666666666667,1,10,435,0.007160757193000958,0.9888888888888889,0.9888858016115588,0.011111111111111072,0.01728417397829526,0.9333333333333333,0.9333333333333332,0.06666666666666665,0.012671392838519585,0.9666666666666667,0.9665831244778613,0.033333333333333326,0.3,0.0,0.0001,0.05,0.1,1.15,1,,,
iris,uncertainty,1003,200,199,9744,9834,2.1682666892963103,90,49.17,0.5463333333333333,1,10,435,0.007411250944274047,0.9888888888888889,0.9888858016115588,0.011111111111111072,0.018335571358971917,0.9,0.899749373433584,0.09999999999999998,0.016069568548485243,0.9333333333333333,0.9326599326599326,0.06666666666666665,0.3,0.0,0.0001,0.05,0.1,1.3,1,,,
iris,uncertainty,1003,200,197,9106,9376,2.1332863916570175,90,46.88,0.520888888888889,1,41,1681,0.007973708632322144,0.9888888888888889,0.9888858016115588,0.011111111111111072,0.018563956819999484,0.9,0.899749373433584,0.09999999999999998,0.017010204116370917,0.9333333333333333,0.9326599326599326,0.06666666666666665,0.3,0.0,0.0001,0.1,0.02,1.05,1,,,
iris,uncertainty,1003,200,196,1764,1808,1.0210443455374316,11,9.04,0.10044444444444443,1,1,81,0.04934378062378623,0.9777777777777777,0.9777777777777779,0.022222222222222254,0.052893315701530726,0.9666666666666667,0.9665831244778613,0.033333333333333326,0.05038218819335641,1.0,1.0,0.0,0.3,0.0,0.0001,0.1,0.02,1.15,1,,,
iris,uncertainty,1003,200,200,1800,1800,1.0632322398354268,9,9.0,0.1,1,0,0,0.04725052748189355,0.9888888888888889,0.9888858016115588,0.011111111111111072,0.05082157792889263,0.9333333333333333,0.9326599326599326,0.06666666666666665,0.050238284167979076,0.9333333333333333,0.9326599326599326,0.06666666666666665,0.3,0.0,0.0001,0.1,0.02,1.3,1,,,
iris,uncertainty,1003,200,200,10321,10321,2.0228828170749176,90,51.605,0.5733888888888888,1,21,861,0.007629024681740605,0.9888888888888889,0.9888858016115588,0.011111111111111072,0.01801035349453234,0.9,0.899749373433584,0.09999999999999998,0.015432622939733511,0.9333333333333333,0.9326599326599326,0.06666666666666665,0.3,0.0,0.0001,0.1,0.05,1.05,1,,,
iris,uncertainty,1003,200,196,1764,1816,0.9921890455509816,17,9.08,0.10088888888888889,1,2,158,0.05618505329269128,0.9222222222222223,0.9211489721205295,0.07777777777777772,0.06006858660811848,0.9333333333333333,0.9326599326599326,0.06666666666666665,0.0557461944007064,0.9666666666666667,0.9665831244778613,0.033333333333333326,0.3,0.0,0.0001,0.1,0.05,1.15,1,,,
iris,uncertainty,1003,200,200,1800,1800,1.0632322398354268,9,9.0,0.1,1,0,0,0.04725052748189355,0.9888888888888889,0.9888858016115588,0.011111111111111072,0.05082157792889263,0.9333333333333333,0.9326599326599326,0.06666666666666665,0.050238284167979076,0.9333333333333333,0.9326599326599326,0.06666666666666665,0.3,0.0,0.0001,0.1,0.05,1.3,1,,,
iris,uncertainty,1003,200,200,10827,10827,1.9578717662756588,90,54.135,0.6014999999999999,1,9,405,0.007519573905056481,0.9888888888888889,0.9888858016115588,0.011111111111111072,0.017804251319258613,0.9,0.899749373433584,0.09999999999999998,0.014722361443133285,0.9333333333333333,0.9326599326599326,0.06666666666666665,0.3,0.0,0.0001,0.1,0.1,1.05,1,,,
iris,uncertainty,1003,200,196,1764,1890,1.01820401921784,45,9.45,0.105,1,4,270,0.05302376634809355,0.9888888888888889,0.9888858016115588,0.011111111111111072,0.05870042344433073,0.9666666666666667,0.9665831244778613,0.033333333333333326,0.0539890120096965,1.0,1.0,0.0,0.3,0.0,0.0001,0.1,0.1,1.15,1,,,
iris,uncertainty,1003,200,200,1800,1800,1.0632322398354268,9,9.0,0.1,1,0,0,0.04725052748189355,0.9888888888888889,0.9888858016115588,0.011111111111111072,0.05082157792889263,0.9333333333333333,0.9326599326599326,0.06666666666666665,0.050238284167979076,0.9333333333333333,0.9326599326599326,0.06666666666666665,0.3,0.0,0.0001,0.1,0.1,1.3,1,,,
iris,uncertainty,1003,200,198,14822,15002,2.112772932833523,90,75.01,0.8334444444444445,1,36,1332,0.006963186017063662,0.9888888888888889,0.9888858016115588,0.011111111111111072,0.01708230536800785,0.9,0.899749373433584,0.09999999999999998,0.014711630943136971,0.9333333333333333,0.9326599326599326,0.06666666666666665,0.3,0.0,0.0001,0.2,0.02,1.05,1,,,
iris,uncertainty,1003,200,195,9178,9628,2.2234012625876347,90,48.14,0.5348888888888889,1,36,1332,0.007868103641289922,0.9888888888888889,0.9888858016115588,0.011111111111111072,0.018332967739247422,0.9,0.899749373433584,0.09999999999999998,0.01749395157021438,0.9333333333333333,0.9326599326599326,0.06666666666666665,0.3,0.0,0.0001,0.2,0.02,1.15,1,,,
iris,uncertainty,1003,200,200,4272,4272,1.8267638222171954,30,21.36,0.23733333333333334,1,6,402,0.011018120566747015,0.9888888888888889,0.9888858016115588,0.011111111111111072,0.020400526658746924,0.9,0.899749373433584,0.09999999999999998,0.020127504040160667,0.9333333333333333,0.9326599326599326,0.06666666666666665,0.3,0.0,0.0001,0.2,0.02,1.3,1,,,
iris,uncertainty,1003,200,190,15080,15980,1.8800410077736176,90,79.9,0.8877777777777779,1,18,684,0.0069675675168963894,0.9888888888888889,0.9888858016115588,0.011111111111111072,0.016849868085981254,0.9333333333333333,0.9333333333333332,0.06666666666666665,0.013099312656196611,0.9666666666666667,0.9665831244778613,0.033333333333333326,0.3,0.0,0.0001,0.2,0.05,1.05,1,,,
iris,uncertainty,1003,200,198,11524,11704,1.9800606501530482,90,58.52,0.6502222222222223,1,18,684,0.007356246834975951,0.9888888888888889,0.9888858016115588,0.011111111111111072,0.01751614386474051,0.9,0.899749373433584,0.09999999999999998,0.014565814890748784,0.9333333333333333,0.9326599326599326,0.06666666666666665,0.3,0.0,0.0001,0.2,0.05,1.15,1,,,
iris,uncertainty,1003,200,200,4536,4536,1.75595974065212,30,22.68,0.252,1,3,204,0.010880471066475645,0.9888888888888889,0.9888858016115588,0.011111111111111072,0.020332678378777516,0.9333333333333333,0.9333333333333332,0.06666666666666665,0.01910566915206147,0.9666666666666667,0.9665831244778613,0.033333333333333326,0.3,0.0,0.0001,0.2,0.05,1.3,1,,,
iris,uncertainty,1003,200,198,16281,16461,2.1118130157906547,90,82.305,0.9145000000000001,1,8,324,0.006897090631893337,0.9888888888888889,0.9888858016115588,0.011111111111111072,0.01695631251281479,0.9,0.899749373433584,0.09999999999999998,0.014565365767520141,0.9333333333333333,0.9326599326599326,0.06666666666666665,0.3,0.0,0.0001,0.2,0.1,1.05,1,,,
iris,uncertainty,1003,200,198,13374,13554,2.4754005642241865,90,67.77,0.753,1,8,324,0.007731341080123895,0.9888888888888889,0.9888858016115588,0.011111111111111072,0.018540525186776662,0.9333333333333333,0.9326599326599326,0.06666666666666665,0.01913816607194832,0.9333333333333333,0.9326599326599326,0.06666666666666665,0.3,0.0,0.0001,0.2,0.1,1.15,1,,,
iris,uncertainty,1003,200,199,5724,5814,2.039072319176775,90,29.07,0.323,1,8,324,0.008570534021536121,0.9888888888888889,0.9888858016115588,0.011111111111111072,0.01893585656806195,0.9,0.899749373433584,0.09999999999999998,0.017475938683877108,0.9333333333333333,0.9326599326599326,0.06666666666666665,0.3,0.0,0.0001,0.2,0.1,1.3,1,,,
iris,uncertainty,1004,200,191,9010,9550,1.5835051580796868,60,47.75,0.5305555555555556,1,27,1566,0.010275796286639636,0.9777777777777777,0.9777777777777779,0.022222222222222254,0.010524723003964323,1.0,1.0,0.0,0.016271776423269955,0.9333333333333333,0.9333333333333332,0.06666666666666665,0.3,0.0,0.0001,0.05,0.02,1.05,1,,,
iris,uncertainty,1004,200,199,7774,7838,1.447067938802405,64,39.19,0.4354444444444444,1,29,1624,0.010975167433007473,0.9777777777777777,0.9777777777777779,0.022222222222222254,0.011094001788259113,1.0,1.0,0.0,0.015881812915293406,0.9333333333333333,0.9333333333333332,0.06666666666666665,0.3,0.0,0.0001,0.05,0.02,1.15,1,,,
iris,uncertainty,1004,200,200,4008,4008,1.2500570994076559,48,20.04,0.22266666666666665,1,21,1344,0.015680810654824653,0.9666666666666667,0.9666574048346764,0.033333333333333326,0.013905652675389353,1.0,1.0,0.0,0.01960190868353077,0.9333333333333333,0.9333333333333332,0.06666666666666665,0.3,0.0,0.0001,0.05,0.02,1.3,1,,,
iris,uncertainty,1004,200,182,10380,11836,1.4875921515109332,86,59.18,0.6575555555555556,1,20,920,0.010200197068781421,0.9777777777777777,0.9777777777777779,0.022222222222222254,0.010030625733366402,1.0,1.0,0.0,0.015173733103384067,0.9333333333333333,0.9333333333333332,0.06666666666666665,0.3,0.0,0.0001,0.05,0.05,1.05,1,,,
iris,uncertainty,1004,200,195,8554,8884,1.4547421975587176,66,44.42,0.4935555555555556,1,15,840,0.010581747191698824,0.9777777777777777,0.9777777777777779,0.022222222222222254,0.009265039516344631,1.0,1.0,0.0,0.015393714163662735,0.9333333333333333,0.9333333333333332,0.06666666666666665,0.3,0.0,0.0001,0.05,0.05,1.15,1,,,
iris,uncertainty,1004,200,191,6774,7368,1.3528538410207407,66,36.84,0.4093333333333334,1,15,840,0.011503530125066363,0.9777777777777777,0.9777777777777779,0.022222222222222254,0.009852176466061248,1.0,1.0,0.0,0.01556259491499383,0.9333333333333333,0.9333333333333332,0.06666666666666665,0.3,0.0,0.0001,0.05,0.05,1.3,1,,,
iris,uncertainty,1004,200,184,13464,14904,1.4360656278540864,90,74.52,0.828,1,10,435,0.010286739948011348,0.9777777777777777,0.9777777777777779,0.022222222222222254,0.010004148391406833,1.0,1.0,0.0,0.014772433662012628,0.9333333333333333,0.9333333333333332,0.06666666666666665,0.3,0.0,0.0001,0.05,0.1,1.05,1,,,
iris,uncertainty,1004,200,191,8940,9561,1.4920885586223356,69,47.805,0.5311666666666667,1,7,399,0.010359013864692141,0.9777777777777777,0.9777777777777779,0.022222222222222254,0.010316497015581853,1.0,1.0,0.0,0.015456566066117287,0.9333333333333333,0.9333333333333332,0.06666666666666665,0.3,0.0,0.0001,0.05,0.1,1.15,1,,,
iris,uncertainty,1004,200,200,7986,7986,1.2918086358214094,69,39.93,0.44366666666666665,1,7,399,0.012189132199078684,0.9555555555555556,0.9555061179087875,0.0444444444444444,0.0088086522701958,1.0,1.0,0.0,0.01574602623793865,0.9333333333333333,0.9333333333333332,0.06666666666666665,0.3,0.0,0.0001,0.05,0.1,1.3,1,,,
iris,uncertainty,1004,200,182,1638,1834,0.995873897456026,11,9.17,0.10188888888888889,1,1,81,0.0524056009117689,0.9777777777777777,0.9777530589543938,0.022222222222222254,0.05442899595207721,0.9,0.8976982097186701,0.09999999999999998,0.05218937002852836,0.9333333333333333,0.9326599326599326,0.06666666666666665,0.3,0.0,0.0001,0.1,0.02,1.05,1,,,
iris,uncertainty,1004,200,200,1800,1800,0.996102167470894,9,9.0,0.1,1,0,0,0.047900378530614456,0.9555555555555556,0.9553571428571429,0.0444444444444444,0.04989827579145013,1.0,1.0,0.0,0.04771367087702134,0.9666666666666667,0.9665831244778613,0.033333333333333326,0.3,0.0,0.0001,0.1,0.02,1.15,1,,,
iris,uncertainty,1004,200,200,1800,1800,0.996102167470894,9,9.0,0.1,1,0,0,0.047900378530614456,0.9555555555555556,0.9553571428571429,0.0444444444444444,0.04989827579145013,1.0,1.0,0.0,0.04771367087702134,0.9666666666666667,0.9665831244778613,0.033333333333333326,0.3,0.0,0.0001,0.1,0.02,1.3,1,,,
iris,uncertainty,1004,200,197,2081,2204,0.9896858105873207,45,11.02,0.12244444444444444,1,9,585,0.06078818929800744,0.9666666666666667,0.9665831244778613,0.033333333333333326,0.06304174783120178,0.9333333333333333,0.9326599326599326,0.06666666666666665,0.06016120839953399,0.9333333333333333,0.9326599326599326,0.06666666666666665,0.3,0.0,0.0001,0.1,0.05,1.05,1,,,
iris,uncertainty,1004,200,200,1800,1800,0.996102167470894,9,9.0,0.1,1,0,0,0.047900378530614456,0.9555555555555556,0.9553571428571429,0.0444444444444444,0.04989827579145013,1.0,1.0,0.0,0.04771367087702134,0.9666666666666667,0.9665831244778613,0.033333333333333326,0.3,0.0,0.0001,0.1,0.05,1.15,1,,,
iris,uncertainty,1004,200,200,1800,1800,0.996102167470894,9,9.0,0.1,1,0,0,0.047900378530614456,0.9555555555555556,0.9553571428571429,0.0444444444444444,0.04989827579145013,1.0,1.0,0.0,0.04771367087702134,0.9666666666666667,0.9665831244778613,0.033333333333333326,0.3,0.0,0.0001,0.1,0.05,1.3,1,,,
iris,uncertainty,1004,200,200,2529,2529,1.0026381586017674,63,12.645,0.14049999999999999,1,6,351,0.03642618039776405,0.9666666666666667,0.9666574048346764,0.033333333333333326,0.039044379239350474,0.9666666666666667,0.9665831244778613,0.033333333333333326,0.03652227843890995,0.9333333333333333,0.9333333333333332,0.06666666666666665,0.3,0.0,0.0001,0.1,0.1,1.05,1,,,
iris,uncertainty,1004,200,200,1800,1800,0.996102167470894,9,9.0,0.1,1,0,0,0.047900378530614456,0.9555555555555556,0.9553571428571429,0.0444444444444444,0.04989827579145013,1.0,1.0,0.0,0.04771367087702134,0.9666666666666667,0.9665831244778613,0.033333333333333326,0.3,0.0,0.0001,0.1,0.1,1.15,1,,,
iris,uncertainty,1004,200,200,1800,1800,0.996102167470894,9,9.0,0.1,1,0,0,0.047900378530614456,0.9555555555555556,0.9553571428571429,0.0444444444444444,0.04989827579145013,1.0,1.0,0.0,0.04771367087702134,0.9666666666666667,0.9665831244778613,0.033333333333333326,0.3,0.0,0.0001,0.1,0.1,1.3,1,,,
iris,uncertainty,1004,200,192,10700,11212,1.5206945157264808,64,56.06,0.6228888888888889,1,23,1150,0.010113546488254735,0.9777777777777777,0.9777777777777779,0.022222222222222254,0.008682296996443562,1.0,1.0,0.0,0.015379614679233784,0.9333333333333333,0.9333333333333332,0.06666666666666665,0.3,0.0,0.0001,0.2,0.02,1.05,1,,,
iris,uncertainty,1004,200,193,4740,4964,1.4591711587839011,32,24.82,0.2757777777777778,1,7,462,0.01236092880045171,0.9777777777777777,0.9777530589543938,0.022222222222222254,0.015624195062115091,0.9666666666666667,0.9665831244778613,0.033333333333333326,0.01803671080140042,0.9333333333333333,0.9333333333333332,0.06666666666666665,0.3,0.0,0.0001,0.2,0.02,1.15,1,,,
iris,uncertainty,1004,200,191,4106,4340,1.3721921809110913,26,21.7,0.2411111111111111,1,4,276,0.0155830382148796,0.9666666666666667,0.9665831244778613,0.033333333333333326,0.02160924819296435,0.9333333333333333,0.9326599326599326,0.06666666666666665,0.02138292319329652,0.9666666666666667,0.9665831244778613,0.033333333333333326,0.3,0.0,0.0001,0.2,0.02,1.3,1,,,
iris,uncertainty,1004,200,177,10874,12484,1.546743621696599,70,62.42,0.6935555555555556,1,13,624,0.010294210807926793,0.9888888888888889,0.9888858016115587,0.011111111111111072,0.011219402178565985,0.9666666666666667,0.9665831244778613,0.033333333333333326,0.01592250490756096,0.9333333333333333,0.9333333333333332,0.06666666666666665,0.3,0.0,0.0001,0.2,0.05,1.05,1,,,
iris,uncertainty,1004,200,200,5716,5716,1.4041791466208788,34,28.58,0.31755555555555554,1,4,264,0.01237129055900468,0.9555555555555556,0.9555061179087875,0.0444444444444444,0.010393948821055472,1.0,1.0,0.0,0.017371508219742125,0.9333333333333333,0.9333333333333332,0.06666666666666665,0.3,0.0,0.0001,0.2,0.05,1.15,1,,,
iris,uncertainty,1004,200,199,4530,4560,1.487555141724287,30,22.8,0.25333333333333335,1,3,204,0.012712516459733791,0.9777777777777777,0.9777777777777779,0.022222222222222254,0.01330171414437586,0.9666666666666667,0.9665831244778613,0.033333333333333326,0.01891056922393163,0.9333333333333333,0.9333333333333332,0.06666666666666665,0.3,0.0,0.0001,0.2,0.05,1.3,1,,,
iris,uncertainty,1004,200,185,13536,14886,1.3746564734847093,90,74.43,0.8270000000000001,1,8,324,0.010529588489996543,0.9777777777777777,0.9777777777777779,0.022222222222222254,0.008160740498932784,1.0,1.0,0.0,0.014474566980903833,0.9333333333333333,0.9333333333333332,0.06666666666666665,0.3,0.0,0.0001,0.2,0.1,1.05,1,,,
iris,uncertainty,1004,200,186,6597,7227,1.4550877630016554,45,36.135,0.40149999999999997,1,3,189,0.011351593878217797,0.9666666666666667,0.9666574048346764,0.033333333333333326,0.009599416586147522,1.0,1.0,0.0,0.01651756534275922,0.9333333333333333,0.9333333333333332,0.06666666666666665,0.3,0.0,0.0001,0.2,0.1,1.15,1,,,
iris,uncertainty,1004,200,197,5652,5787,1.5387861327809644,45,28.935,0.3215,1,3,189,0.01120710231044732,0.9777777777777777,0.9777777777777779,0.022222222222222254,0.010734944716877469,1.0,1.0,0.0,0.017245333623973843,0.9333333333333333,0.9333333333333332,0.06666666666666665,0.3,0.0,0.0001,0.2,0.1,1.3,1,,,
breast_cancer,uncertainty,1000,150,150,2550,2550,1.2811461625460583,17,17.0,0.04985337243401759,1,0,0,0.02635828996158653,0.9736070381231672,0.9718142994902879,0.02639296187683282,0.017630658356365018,0.9823008849557522,0.9810529845741114,0.017699115044247815,0.03376882203556287,0.9652173913043478,0.9620962425840476,0.034782608695652195,0.01,0.9,0.0001,0.05,0.02,1.05,1,,,
breast_cancer,uncertainty,1000,150,150,2550,2550,1.2811461625460583,17,17.0,0.04985337243401759,1,0,0,0.02635828996158653,0.9736070381231672,0.9718142994902879,0.02639296187683282,0.017630658356365018,0.9823008849557522,0.9810529845741114,0.017699115044247815,0.03376882203556287,0.9652173913043478,0.9620962425840476,0.034782608695652195,0.01,0.9,0.0001,0.05,0.02,1.15,1,,,
breast_cancer,uncertainty,1000,150,150,2550,2550,1.2811461625460583,17,17.0,0.04985337243401759,1,0,0,0.02635828996158653,0.9736070381231672,0.9718142994902879,0.02639296187683282,0.017630658356365018,0.9823008849557522,0.9810529845741114,0.017699115044247815,0.03376882203556287,0.9652173913043478,0.9620962425840476,0.034782608695652195,0.01,0.9,0.0001,0.05,0.02,1.3,1,,,
breast_cancer,uncertainty,1000,150,150,2550,2550,1.2811461625460583,17,17.0,0.04985337243401759,1,0,0,0.02635828996158653,0.9736070381231672,0.9718142994902879,0.02639296187683282,0.017630658356365018,0.9823008849557522,0.9810529845741114,0.017699115044247815,0.03376882203556287,0.9652173913043478,0.9620962425840476,0.034782608695652195,0.01,0.9,0.0001,0.05,0.05,1.05,1,,,
breast_cancer,uncertainty,1000,150,150,2550,2550,1.2811461625460583,17,17.0,0.04985337243401759,1,0,0,0.02635828996158653,0.9736070381231672,0.9718142994902879,0.02639296187683282,0.017630658356365018,0.9823008849557522,0.9810529845741114,0.017699115044247815,0.03376882203556287,0.9652173913043478,0.9620962425840476,0.034782608695652195,0.01,0.9,0.0001,0.05,0.05,1.15,1,,,
breast_cancer,uncertainty,1000,150,150,2550,2550,1.2811461625460583,17,17.0,0.04985337243401759,1,0,0,0.02635828996158653,0.9736070381231672,0.9718142994902879,0.02639296187683282,0.017630658356365018,0.9823008849557522,0.9810529845741114,0.017699115044247815,0.03376882203556287,0.9652173913043478,0.9620962425840476,0.034782608695652195,0.01,0.9,0.0001,0.05,0.05,1.3,1,,,
breast_cancer,uncertainty,1000,150,150,2550,2550,1.2811461625460583,17,17.0,0.04985337243401759,1,0,0,0.02635828996158653,0.9736070381231672,0.9718142994902879,0.02639296187683282,0.017630658356365018,0.9823008849557522,0.9810529845741114,0.017699115044247815,0.03376882203556287,0.9652173913043478,0.9620962425840476,0.034782608695652195,0.01,0.9,0.0001,0.05,0.1,1.05,1,,,
breast_cancer,uncertainty,1000,150,150,2550,2550,1.2811461625460583,17,17.0,0.04985337243401759,1,0,0,0.02635828996158653,0.9736070381231672,0.9718142994902879,0.02639296187683282,0.017630658356365018,0.9823008849557522,0.9810529845741114,0.017699115044247815,0.03376882203556287,0.9652173913043478,0.9620962425840476,0.034782608695652195,0.01,0.9,0.0001,0.05,0.1,1.15,1,,,
breast_cancer,uncertainty,1000,150,150,2550,2550,1.2811461625460583,17,17.0,0.04985337243401759,1,0,0,0.02635828996158653,0.9736070381231672,0.9718142994902879,0.02639296187683282,0.017630658356365018,0.9823008849557522,0.9810529845741114,0.017699115044247815,0.03376882203556287,0.9652173913043478,0.9620962425840476,0.034782608695652195,0.01,0.9,0.0001,0.05,0.1,1.3,1,,,
breast_cancer,uncertainty,1000,150,148,7146,7256,1.5026219854022385,55,48.373333333333335,0.1418572825024438,1,3,900,0.018725721676342268,0.967741935483871,0.9656580453192951,0.032258064516129004,0.018346928289211334,0.9646017699115044,0.9624584717607974,0.03539823008849563,0.02813768108339515,0.9565217391304348,0.9533468559837728,0.04347826086956519,0.01,0.9,0.0001,0.1,0.02,1.05,1,,,
breast_cancer,uncertainty,1000,150,150,6864,6864,1.8383499706597186,55,45.76,0.13419354838709677,1,3,900,0.01774011824723787,0.9765395894428153,0.9745655254717684,0.02346041055718473,0.015852465812877865,0.9823008849557522,0.9810529845741114,0.017699115044247815,0.03261254585930968,0.9304347826086956,0.9233333333333333,0.06956521739130439,0.01,0.9,0.0001,0.1,0.02,1.15,1,,,
breast_cancer,uncertainty,1000,150,146,6532,6724,1.6722709478877251,48,44.82666666666667,0.13145650048875857,1,2,607,0.017260640643509254,0.9765395894428153,0.9749061741114136,0.02346041055718473,0.014114459901041298,0.9823008849557522,0.9810529845741114,0.017699115044247815,0.028864467890070612,0.9478260869565217,0.9431443638760713,0.05217391304347829,0.01,0.9,0.0001,0.1,0.02,1.3,1,,,
breast_cancer,uncertainty,1000,150,87,7208,13634,1.5487589174702368,102,90.89333333333333,0.26654936461388073,1,4,1126,0.01481808022658239,0.9765395894428153,0.9749853286384977,0.02346041055718473,0.014723038093917106,0.9823008849557522,0.9810529845741114,0.017699115044247815,0.022949633890708865,0.9739130434782609,0.9720081135902637,0.02608695652173909,0.01,0.9,0.0001,0.1,0.05,1.05,1,,,
breast_cancer,uncertainty,1000,150,133,8840,10285,1.5329832338315295,85,68.56666666666666,0.20107526881720428,1,3,870,0.015259779947542757,0.9794721407624634,0.9780074997466301,0.02052785923753664,0.012919167281696179,0.9911504424778761,0.9904794001179543,0.008849557522123908,0.023392986811541623,0.9826086956521739,0.981245923026745,0.017391304347826098,0.01,0.9,0.0001,0.1,0.05,1.15,1,,,
breast_cancer,uncertainty,1000,150,115,6528,8908,1.775167692088811,68,59.38666666666666,0.17415444770283478,1,2,597,0.01576579589219416,0.9706744868035191,0.9686327176392671,0.029325513196480912,0.013175140719866266,0.9823008849557522,0.9810529845741114,0.017699115044247815,0.027986931507889567,0.9652173913043478,0.9624918460534899,0.034782608695652195,0.01,0.9,0.0001,0.1,0.05,1.3,1,,,
breast_cancer,uncertainty,1000,150,129,18904,22474,1.904385784673128,170,149.82666666666665,0.43937438905180837,1,4,1024,0.015351286999556213,0.9853372434017595,0.9841861673020025,0.014662756598240456,0.01328102389858125,0.9911504424778761,0.9904794001179543,0.008849557522123908,0.029234772738392246,0.9478260869565217,0.9425,0.05217391304347829,0.01,0.9,0.0001,0.1,0.1,1.05,1,,,
breast_cancer,uncertainty,1000,150,102,9894,16422,2.071016952128015,136,109.48,0.3210557184750733,1,3,819,0.013399476920910812,0.9882697947214076,0.9874123292727944,0.011730205278592365,0.014082147147499363,0.9911504424778761,0.9904794001179543,0.008849557522123908,0.027750543852854387,0.9652173913043478,0.9620962425840476,0.034782608695652195,0.01,0.9,0.0001,0.1,0.1,1.15,1,,,
breast_cancer,uncertainty,1000,150,61,4080,13158,2.0083670116428114,102,87.72,0.2572434017595308,1,2,580,0.015840751886040526,0.9824046920821115,0.9809907834101382,0.017595307917888547,0.01620777413374881,0.9911504424778761,0.9904794001179543,0.008849557522123908,0.03181404352754244,0.9391304347826087,0.9333001905708842,0.060869565217391286,0.01,0.9,0.0001,0.1,0.1,1.3,1,,,
breast_cancer,uncertainty,1000,150,114,9208,12160,1.6259448834350794,82,81.06666666666666,0.23773216031280547,1,2,539,0.016375293047769565,0.9765395894428153,0.9748246585455889,0.02346041055718473,0.011324886093552037,0.9911504424778761,0.9904794001179543,0.008849557522123908,0.02662532394577095,0.9739130434782609,0.9717236292107204,0.02608695652173909,0.01,0.9,0.0001,0.2,0.02,1.05,1,,,
breast_cancer,uncertainty,1000,150,135,10426,11656,1.6695659735761177,82,77.70666666666666,0.22787878787878788,1,2,539,0.01594968685631738,0.9794721407624634,0.9779351272404581,0.02052785923753664,0.014661153706262225,0.9823008849557522,0.9810529845741114,0.017699115044247815,0.02662905446450173,0.9565217391304348,0.9528727153512007,0.04347826086956519,0.01,0.9,0.0001,0.2,0.02,1.15,1,,,
breast_cancer,uncertainty,1000,150,139,10278,11103,1.7444116334473343,75,74.02,0.21706744868035188,1,1,273,0.01622499689307418,0.9853372434017595,0.984291071247593,0.014662756598240456,0.013475836527887274,0.9911504424778761,0.9904794001179543,0.008849557522123908,0.028303073332925453,0.9565217391304348,0.9528727153512007,0.04347826086956519,0.01,0.9,0.0001,0.2,0.02,1.3,1,,,
breast_cancer,uncertainty,1000,150,135,16218,18258,1.9609415231822949,136,121.72,0.35695014662756597,1,4,990,0.01348145299274761,0.9853372434017595,0.9843412774946044,0.014662756598240456,0.013534569143812278,0.9911504424778761,0.9904794001179543,0.008849557522123908,0.026436340966309004,0.9652173913043478,0.9624918460534899,0.034782608695652195,0.01,0.9,0.0001,0.2,0.05,1.05,1,,,
breast_cancer,uncertainty,1000,150,90,8432,14552,1.9126605610459129,102,97.01333333333334,0.28449657869012707,1,2,529,0.016281496309188716,0.9765395894428153,0.9746543778801844,0.02346041055718473,0.015159731739083223,0.9911504424778761,0.9904794001179543,0.008849557522123908,0.03114097586539985,0.9565217391304348,0.9528727153512007,0.04347826086956519,0.01,0.9,0.0001,0.2,0.05,1.15,1,,,
breast_cancer,uncertainty,1000,150,73,5848,12393,1.6288095595004166,85,82.62,0.24228739002932553,1,1,273,0.015334806445769332,0.9824046920821115,0.9811796305835603,0.017595307917888547,0.013245357579249667,0.9911504424778761,0.9904794001179543,0.008849557522123908,0.024977479331957694,0.9652173913043478,0.9624918460534899,0.034782608695652195,0.01,0.9,0.0001,0.2,0.05,1.3,1,,,
breast_cancer,uncertainty,1000,150,67,8432,19720,1.9648221505890897,136,131.46666666666667,0.3855327468230694,1,2,512,0.015784046306629402,0.9765395894428153,0.9746543778801844,0.02346041055718473,0.014539382684348408,0.9823008849557522,0.9808604336043361,0.017699115044247815,0.03101284380918936,0.9391304347826087,0.9333001905708842,0.060869565217391286,0.01,0.9,0.0001,0.2,0.1,1.05,1,,,
breast_cancer,uncertainty,1000,150,59,6358,18734,1.9613487345361493,136,124.89333333333333,0.36625610948191595,1,2,512,0.014784163786046784,0.9853372434017595,0.9841861673020025,0.014662756598240456,0.014579616809945916,0.9911504424778761,0.9904794001179543,0.008849557522123908,0.028996900932938028,0.9565217391304348,0.952357278979203,0.04347826086956519,0.01,0.9,0.0001,0.2,0.1,1.15,1,,,
breast_cancer,uncertainty,1000,150,58,5202,14586,1.5400694944610502,102,97.24,0.28516129032258064,1,1,273,0.014699521454765772,0.9853372434017595,0.984291071247593,0.014662756598240456,0.013991732280671623,0.9823008849557522,0.9810529845741114,0.017699115044247815,0.022638284575660483,0.9739130434782609,0.9720081135902637,0.02608695652173909,0.01,0.9,0.0001,0.2,0.1,1.3,1,,,
breast_cancer,uncertainty,1001,150,149,2918,2949,2.000343647923685,31,19.66,0.057653958944281526,1,2,641,0.02028831531866957,0.9794721407624634,0.9780074997466301,0.02052785923753664,0.02649138088031512,0.9469026548672567,0.9425813008130082,0.053097345132743334,0.04058360267477347,0.9130434782608695,0.9041666666666667,0.08695652173913049,0.01,0.9,0.0001,0.05,0.02,1.05,1,,,
breast_cancer,uncertainty,1001,150,144,2609,2753,1.6279469994868712,24,18.35333333333333,0.05382209188660801,1,1,324,0.02705017592592862,0.9706744868035191,0.9688277022085711,0.029325513196480912,0.033018073446313974,0.9469026548672567,0.9431589537223339,0.053097345132743334,0.0440362527342075,0.9304347826086956,0.9241924851680949,0.06956521739130439,0.01,0.9,0.0001,0.05,0.02,1.15,1,,,
breast_cancer,uncertainty,1001,150,147,2527,2599,1.609845618828929,24,17.326666666666668,0.05081133919843598,1,1,324,0.028362127024671942,0.9648093841642229,0.9625932426502852,0.035190615835777095,0.03520891656048955,0.9557522123893806,0.9523970005897716,0.04424778761061943,0.04565864593133769,0.9304347826086956,0.9241924851680949,0.06956521739130439,0.01,0.9,0.0001,0.05,0.02,1.3,1,,,
breast_cancer,uncertainty,1001,150,142,3077,3349,1.8280173226997243,34,22.326666666666668,0.06547409579667644,1,1,324,0.02247136856358696,0.9794721407624634,0.9781460288395514,0.02052785923753664,0.027236434989250102,0.9469026548672567,0.9431589537223339,0.053097345132743334,0.041078050999006986,0.9304347826086956,0.9241924851680949,0.06956521739130439,0.01,0.9,0.0001,0.05,0.05,1.05,1,,,
breast_cancer,uncertainty,1001,150,150,3043,3043,2.106825642531654,34,20.286666666666665,0.059491691104594326,1,1,324,0.01963083744135459,0.9824046920821115,0.9811796305835603,0.017595307917888547,0.02397899592118002,0.9734513274336283,0.971438200353863,0.026548672566371723,0.041358751705816335,0.9217391304347826,0.9132366501802331,0.07826086956521738,0.01,0.9,0.0001,0.05,0.05,1.15,1,,,
breast_cancer,uncertainty,1001,150,150,2669,2669,1.6001586288285234,34,17.793333333333333,0.05217986314760508,1,1,324,0.027644217017181075,0.967741935483871,0.9656580453192951,0.032258064516129004,0.03339103464551207,0.9557522123893806,0.9523970005897716,0.04424778761061943,0.044235132397250604,0.9304347826086956,0.9241924851680949,0.06956521739130439,0.01,0.9,0.0001,0.05,0.05,1.3,1,,,
breast_cancer,uncertainty,1001,150,149,4097,4148,2.5221633245009976,51,27.653333333333332,0.08109481915933528,1,1,324,0.016583236290377525,0.9882697947214076,0.9874926643192488,0.011730205278592365,0.017703253711877368,0.9734513274336283,0.971438200353863,0.026548672566371723,0.04182563037312417,0.9217391304347826,0.9142431021625652,0.07826086956521738,0.01,0.9,0.0001,0.05,0.1,1.05,1,,,
breast_cancer,uncertainty,1001,150,150,3536,3536,2.563742630530694,51,23.573333333333334,0.06913000977517107,1,1,324,0.0171331907599662,0.9853372434017595,0.9842393766003272,0.014662756598240456,0.018615496953562516,0.9557522123893806,0.9518944231587909,0.04424778761061943,0.04392509154833992,0.9130434782608695,0.9017429938482571,0.08695652173913049,0.01,0.9,0.0001,0.05,0.1,1.15,1,,,
breast_cancer,uncertainty,1001,150,149,2737,2788,1.6556437803853459,51,18.586666666666666,0.05450635386119257,1,1,324,0.025412129966494473,0.9706744868035191,0.9689208895370033,0.029325513196480912,0.02859878102087499,0.9734513274336283,0.971438200353863,0.026548672566371723,0.04207343492537064,0.9217391304347826,0.9151708876321614,0.07826086956521738,0.01,0.9,0.0001,0.05,0.1,1.3,1,,,
breast_cancer,uncertainty,1001,150,142,5108,5436,2.08396465125553,41,36.24,0.10627565982404692,1,1,307,0.0193384448806122,0.9765395894428153,0.9750621617668569,0.02346041055718473,0.021116653150851355,0.9734513274336283,0.971438200353863,0.026548672566371723,0.04030063554144929,0.9217391304347826,0.9142431021625652,0.07826086956521738,0.01,0.9,0.0001,0.1,0.02,1.05,1,,,
breast_cancer,uncertainty,1001,150,146,5174,5338,2.1700976948048507,41,35.586666666666666,0.10435972629521016,1,1,307,0.019407580251777693,0.9736070381231672,0.9719020370794231,0.02639296187683282,0.02240302627638369,0.9380530973451328,0.9340008343763037,0.06194690265486724,0.042116345166122914,0.9217391304347826,0.9142431021625652,0.07826086956521738,0.01,0.9,0.0001,0.1,0.02,1.15,1,,,
breast_cancer,uncertainty,1001,150,149,5185,5226,2.050879143929643,41,34.84,0.1021700879765396,1,1,307,0.021894895728627496,0.9648093841642229,0.962813522355507,0.035190615835777095,0.02464009414547012,0.9292035398230089,0.9249169435215947,0.07079646017699115,0.04490378500835635,0.9304347826086956,0.9249836921069797,0.06956521739130439,0.01,0.9,0.0001,0.1,0.02,1.3,1,,,
breast_cancer,uncertainty,1001,150,149,5865,5916,2.654122374714256,51,39.44,0.11565982404692081,1,1,307,0.014317637075887983,0.9912023460410557,0.9906047664967625,0.008797653958944274,0.01243372350401209,1.0,1.0,0.0,0.03800076091615269,0.9304347826086956,0.9233333333333333,0.06956521739130439,0.01,0.9,0.0001,0.1,0.05,1.05,1,,,
breast_cancer,uncertainty,1001,150,149,5627,5678,2.4855458325283477,51,37.85333333333333,0.11100684261974585,1,1,307,0.015627627338008692,0.9853372434017595,0.9843900205996795,0.014662756598240456,0.01433561584714382,0.9911504424778761,0.9905715477680433,0.008849557522123908,0.03884318400229358,0.9304347826086956,0.9241924851680949,0.06956521739130439,0.01,0.9,0.0001,0.1,0.05,1.15,1,,,
breast_cancer,uncertainty,1001,150,150,5406,5406,2.474846584885555,51,36.04,0.1056891495601173,1,1,307,0.016699757124847146,0.9853372434017595,0.9843900205996795,0.014662756598240456,0.01746199439491555,0.9646017699115044,0.9617208672086721,0.03539823008849563,0.04132933688884617,0.9217391304347826,0.9142431021625652,0.07826086956521738,0.01,0.9,0.0001,0.1,0.05,1.3,1,,,
breast_cancer,uncertainty,1001,150,147,6528,6732,3.0961144951774235,68,44.88,0.13161290322580646,1,1,307,0.0126639642168969,0.9882697947214076,0.9874926643192488,0.011730205278592365,0.012679668768229553,0.9911504424778761,0.9904794001179543,0.008849557522123908,0.0392090831783427,0.9391304347826087,0.9325173945846257,0.060869565217391286,0.01,0.9,0.0001,0.1,0.1,1.05,1,,,
breast_cancer,uncertainty,1001,150,150,6256,6256,3.279622571554129,68,41.70666666666666,0.1223069403714565,1,1,307,0.013454346966925428,0.9853372434017595,0.9841861673020025,0.014662756598240456,0.012899482547259013,0.9734513274336283,0.9711366538952746,0.026548672566371723,0.04412517999824947,0.9130434782608695,0.9017429938482571,0.08695652173913049,0.01,0.9,0.0001,0.1,0.1,1.15,1,,,
breast_cancer,uncertainty,1001,150,150,5712,5712,2.678947980160259,68,38.08,0.1116715542521994,1,1,307,0.014804088946883204,0.9912023460410557,0.9906047664967625,0.008797653958944274,0.01441121893017536,0.9734513274336283,0.971438200353863,0.026548672566371723,0.03965938418236558,0.9217391304347826,0.9132366501802331,0.07826086956521738,0.01,0.9,0.0001,0.1,0.1,1.3,1,,,
breast_cancer,uncertainty,1001,150,108,8331,11915,3.9024516749422284,89,79.43333333333334,0.23294232649071359,1,3,798,0.01203730679027045,0.9912023460410557,0.9905436259601963,0.008797653958944274,0.01570439826996263,0.9734513274336283,0.971438200353863,0.026548672566371723,0.04697500804548438,0.9217391304347826,0.9121466768525592,0.07826086956521738,0.01,0.9,0.0001,0.2,0.02,1.05,1,,,
breast_cancer,uncertainty,1001,150,138,10196,11110,3.335374856297586,82,74.06666666666666,0.2172043010752688,1,2,539,0.014656329858903253,0.9794721407624634,0.9778606342228034,0.02052785923753664,0.013573480191169657,0.9823008849557522,0.9808604336043361,0.017699115044247815,0.048884354096989456,0.8956521739130435,0.8820915926179085,0.10434782608695647,0.01,0.9,0.0001,0.2,0.02,1.15,1,,,
breast_cancer,uncertainty,1001,150,111,8381,11761,3.7020331528162362,89,78.40666666666667,0.22993157380254153,1,3,798,0.012562451982370494,0.9912023460410557,0.9905436259601963,0.008797653958944274,0.02026198941418548,0.9646017699115044,0.9617208672086721,0.03539823008849563,0.04650661371939762,0.9217391304347826,0.9132366501802331,0.07826086956521738,0.01,0.9,0.0001,0.2,0.02,1.3,1,,,
breast_cancer,uncertainty,1001,150,85,6970,13600,3.291607309786207,102,90.66666666666667,0.2658846529814272,1,2,529,0.012239548004843363,0.9824046920821115,0.9812966213251426,0.017595307917888547,0.018758452228309574,0.9557522123893806,0.9523970005897716,0.04424778761061943,0.0402877856812216,0.9391304347826087,0.9333001905708842,0.060869565217391286,0.01,0.9,0.0001,0.2,0.05,1.05,1,,,
breast_cancer,uncertainty,1001,150,85,6851,13141,3.040213717961834,102,87.60666666666667,0.256911045943304,1,2,529,0.01289584580484348,0.9853372434017595,0.9843900205996795,0.014662756598240456,0.017730707748181213,0.9557522123893806,0.9523970005897716,0.04424778761061943,0.039206127320605716,0.9565217391304348,0.952357278979203,0.04347826086956519,0.01,0.9,0.0001,0.2,0.05,1.15,1,,,
breast_cancer,uncertainty,1001,150,71,5559,12563,3.6070995870763785,102,83.75333333333333,0.24561094819159335,1,2,529,0.011575370791170806,0.9882697947214076,0.9874530870557068,0.011730205278592365,0.01923290857129907,0.9646017699115044,0.9617208672086721,0.03539823008849563,0.041753515201088186,0.9217391304347826,0.9132366501802331,0.07826086956521738,0.01,0.9,0.0001,0.2,0.05,1.3,1,,,
breast_cancer,uncertainty,1001,150,62,5746,20412,4.171134138828827,341,136.08,0.39906158357771265,1,9,1233,0.010513410252967955,0.9970674486803519,0.9968582142495186,0.0029325513196480912,0.016999139319947246,0.9734513274336283,0.9711366538952746,0.026548672566371723,0.043852844421667654,0.9217391304347826,0.9121466768525592,0.07826086956521738,0.01,0.9,0.0001,0.2,0.1,1.05,1,,,
breast_cancer,uncertainty,1001,150,64,5780,16456,2.9457014656810534,136,109.70666666666666,0.3217204301075269,1,2,512,0.013444706913216233,0.9824046920821115,0.9812966213251426,0.017595307917888547,0.019442975796558147,0.9557522123893806,0.9523970005897716,0.04424778761061943,0.039604092859913245,0.9391304347826087,0.934021801491681,0.060869565217391286,0.01,0.9,0.0001,0.2,0.1,1.15,1,,,
breast_cancer,uncertainty,1001,150,63,5474,14416,3.5758624155173537,136,96.10666666666667,0.2818377321603128,1,2,512,0.011453802739403943,0.9941348973607038,0.9937265435278535,0.0058651026392961825,0.01846041274819019,0.9646017699115044,0.9617208672086721,0.03539823008849563,0.04095722273058427,0.9304347826086956,0.9233333333333333,0.06956521739130439,0.01,0.9,0.0001,0.2,0.1,1.3,1,,,
breast_cancer,uncertainty,1002,150,150,10593,10593,0.7284220217958801,87,70.62,0.2070967741935484,1,10,2925,0.020376549624062223,0.9736070381231672,0.9715351011436044,0.02639296187683282,0.018107536550264855,0.9734513274336283,0.9717146433041302,0.026548672566371723,0.014842727474383486,0.9739130434782609,0.9722691102001446,0.02608695652173909,0.01,0.9,0.0001,0.05,0.02,1.05,1,,,
breast_cancer,uncertainty,1002,150,121,3163,4265,1.127022202144021,38,28.433333333333334,0.08338220918866081,1,3,951,0.02776350589583375,0.9530791788856305,0.9502734232592053,0.04692082111436946,0.027073990032633576,0.9646017699115044,0.9624584717607974,0.03539823008849563,0.031290087553961066,0.9391304347826087,0.9358514622679098,0.060869565217391286,0.01,0.9,0.0001,0.05,0.02,1.15,1,,,
breast_cancer,uncertainty,1002,150,145,3879,4069,0.8796382390418093,38,27.126666666666665,0.07955034213098729,1,3,951,0.02485476814829078,0.967741935483871,0.9655508104881296,0.032258064516129004,0.022341044177432656,0.9557522123893806,0.9532787563053005,0.04424778761061943,0.02186320448575495,0.9652173913043478,0.9631882202304738,0.034782608695652195,0.01,0.9,0.0001,0.05,0.02,1.3,1,,,
breast_cancer,uncertainty,1002,150,148,17238,17510,1.1120577926741861,136,116.73333333333333,0.3423264907135875,1,7,1911,0.021168267157408504,0.967741935483871,0.9654403567447045,0.032258064516129004,0.021688430796283333,0.9557522123893806,0.9536619371770687,0.04424778761061943,0.02354033644980517,0.9565217391304348,0.9537818503335744,0.04347826086956519,0.01,0.9,0.0001,0.05,0.05,1.05,1,,,
breast_cancer,uncertainty,1002,150,149,10421,10523,0.9084412085178686,102,70.15333333333334,0.2057282502443793,1,5,1450,0.019865311004343567,0.9824046920821115,0.9809907834101382,0.017595307917888547,0.015724746907871425,0.9646017699115044,0.9624584717607974,0.03539823008849563,0.018046467136369183,0.9652173913043478,0.9628552971576227,0.034782608695652195,0.01,0.9,0.0001,0.05,0.05,1.15,1,,,
breast_cancer,uncertainty,1002,150,149,7004,7072,0.5921563066838401,68,47.14666666666667,0.13826001955034214,1,3,921,0.022481666833294174,0.9765395894428153,0.9746543778801844,0.02346041055718473,0.01692974804590022,0.9734513274336283,0.9717146433041302,0.026548672566371723,0.013312660800100061,0.9826086956521739,0.9815941101152368,0.017391304347826098,0.01,0.9,0.0001,0.05,0.05,1.3,1,,,
breast_cancer,uncertainty,1002,150,128,20196,24310,0.8036501666850714,187,162.06666666666666,0.4752688172043011,1,5,1280,0.0198362369157625,0.9736070381231672,0.9714365489320117,0.02639296187683282,0.01433908911678309,0.9734513274336283,0.971438200353863,0.026548672566371723,0.0159413951037571,0.9739130434782609,0.9720081135902637,0.02608695652173909,0.01,0.9,0.0001,0.05,0.1,1.05,1,,,
breast_cancer,uncertainty,1002,150,148,17102,17408,0.7745314747821601,153,116.05333333333333,0.3403323558162268,1,4,1092,0.020057962159264118,0.9765395894428153,0.9746543778801844,0.02346041055718473,0.013745196928560617,0.9823008849557522,0.9810529845741114,0.017699115044247815,0.015535523012339599,0.9739130434782609,0.9720081135902637,0.02608695652173909,0.01,0.9,0.0001,0.05,0.1,1.15,1,,,
breast_cancer,uncertainty,1002,150,147,9265,9520,0.6136383329343116,85,63.46666666666667,0.18611925708699903,1,2,614,0.023948103977243146,0.9560117302052786,0.9516892242885613,0.04398826979472137,0.015547271162476253,0.9911504424778761,0.9904794001179543,0.008849557522123908,0.01469547460153304,0.9826086956521739,0.981245923026745,0.017391304347826098,0.01,0.9,0.0001,0.05,0.1,1.3,1,,,
breast_cancer,uncertainty,1002,150,145,7660,7935,0.4814952478638508,55,52.9,0.15513196480938415,1,3,900,0.025825814887636484,0.9501466275659824,0.9454559140391979,0.04985337243401755,0.01732127980284408,0.9823008849557522,0.9808604336043361,0.017699115044247815,0.012435007140608457,0.991304347826087,0.9906693711967545,0.008695652173912993,0.01,0.9,0.0001,0.1,0.02,1.05,1,,,
breast_cancer,uncertainty,1002,150,150,6829,6829,0.6139955166832445,48,45.526666666666664,0.13350928641251222,1,2,607,0.025400109881842388,0.967741935483871,0.9649652080511838,0.032258064516129004,0.01941653503866803,0.9911504424778761,0.9904794001179543,0.008849557522123908,0.015595553590713001,0.9826086956521739,0.9814276485788114,0.017391304347826098,0.01,0.9,0.0001,0.1,0.02,1.15,1,,,
breast_cancer,uncertainty,1002,150,144,4896,5100,0.5542297634931048,34,34.0,0.09970674486803519,1,0,0,0.0349095467231573,0.9208211143695014,0.9108583046909038,0.07917888563049857,0.025636796231784314,0.9646017699115044,0.9613013698630137,0.03539823008849563,0.01934790982402696,0.9565217391304348,0.952357278979203,0.04347826086956519,0.01,0.9,0.0001,0.1,0.02,1.3,1,,,
breast_cancer,uncertainty,1002,150,147,11832,12087,1.199528976777268,85,80.58,0.2363049853372434,1,3,870,0.030462559938126212,0.9384164222873901,0.9315503216494452,0.061583577712609916,0.02939775995944779,0.9557522123893806,0.9518944231587909,0.04424778761061943,0.036540723352596734,0.9478260869565217,0.9425,0.05217391304347829,0.01,0.9,0.0001,0.1,0.05,1.05,1,,,
breast_cancer,uncertainty,1002,150,149,9401,9469,0.5796354928670846,68,63.126666666666665,0.18512218963831867,1,2,597,0.032212905645095324,0.9296187683284457,0.9212774143901501,0.0703812316715543,0.02055977527134002,0.9734513274336283,0.9711366538952746,0.026548672566371723,0.01867174344027572,0.9826086956521739,0.981245923026745,0.017391304347826098,0.01,0.9,0.0001,0.1,0.05,1.15,1,,,
breast_cancer,uncertainty,1002,150,144,4896,5100,0.5542297634931048,34,34.0,0.09970674486803519,1,0,0,0.0349095467231573,0.9208211143695014,0.9108583046909038,0.07917888563049857,0.025636796231784314,0.9646017699115044,0.9613013698630137,0.03539823008849563,0.01934790982402696,0.9565217391304348,0.952357278979203,0.04347826086956519,0.01,0.9,0.0001,0.1,0.05,1.3,1,,,
breast_cancer,uncertainty,1002,150,80,13940,28220,0.8713868577984438,204,188.13333333333333,0.5517106549364613,1,5,1195,0.01703213618556773,0.9765395894428153,0.9747407407407407,0.02346041055718473,0.017985561416411583,0.9734513274336283,0.971438200353863,0.026548672566371723,0.014841579632337037,0.9739130434782609,0.9720081135902637,0.02608695652173909,0.01,0.9,0.0001,0.1,0.1,1.05,1,,,
breast_cancer,uncertainty,1002,150,71,7446,20876,0.8056997566598978,170,139.17333333333335,0.4081329423264908,1,4,1024,0.01924595385474585,0.9706744868035191,0.9682069068397106,0.029325513196480912,0.020730225464775067,0.9646017699115044,0.9617208672086721,0.03539823008849563,0.015506460337456354,0.9739130434782609,0.9720081135902637,0.02608695652173909,0.01,0.9,0.0001,0.1,0.1,1.15,1,,,
breast_cancer,uncertainty,1002,150,144,4896,5100,0.5542297634931048,34,34.0,0.09970674486803519,1,0,0,0.0349095467231573,0.9208211143695014,0.9108583046909038,0.07917888563049857,0.025636796231784314,0.9646017699115044,0.9613013698630137,0.03539823008849563,0.01934790982402696,0.9565217391304348,0.952357278979203,0.04347826086956519,0.01,0.9,0.0001,0.1,0.1,1.3,1,,,
breast_cancer,uncertainty,1002,150,146,12084,12440,0.6264957884762986,89,82.93333333333334,0.24320625610948193,1,3,798,0.020551483209301204,0.9736070381231672,0.9715351011436044,0.02639296187683282,0.01554202660104427,0.9823008849557522,0.9810529845741114,0.017699115044247815,0.012875417677568569,0.9826086956521739,0.9814276485788114,0.017391304347826098,0.01,0.9,0.0001,0.2,0.02,1.05,1,,,
breast_cancer,uncertainty,1002,150,116,8595,11376,0.6593158586197816,82,75.84,0.22240469208211144,1,2,539,0.02255661617061464,0.9648093841642229,0.9618482882076527,0.035190615835777095,0.019996065265066695,0.9734513274336283,0.9711366538952746,0.026548672566371723,0.014871934758085641,0.9739130434782609,0.9722691102001446,0.02608695652173909,0.01,0.9,0.0001,0.2,0.02,1.15,1,,,
breast_cancer,uncertainty,1002,150,142,10496,11096,0.564658824090578,75,73.97333333333333,0.21693059628543498,1,1,273,0.024731937162865415,0.9618768328445748,0.9588840349852064,0.038123167155425186,0.016598009499379875,0.9646017699115044,0.9624584717607974,0.03539823008849563,0.01396510655586565,0.9826086956521739,0.9814276485788114,0.017391304347826098,0.01,0.9,0.0001,0.2,0.02,1.3,1,,,
breast_cancer,uncertainty,1002,150,145,14586,15181,0.7352931979998879,119,101.20666666666666,0.29679374389051805,1,3,768,0.020108155517725063,0.9794721407624634,0.9778606342228034,0.02052785923753664,0.017242635657586842,0.9823008849557522,0.9810529845741114,0.017699115044247815,0.014785389976507152,0.9739130434782609,0.9725077695433899,0.02608695652173909,0.01,0.9,0.0001,0.2,0.05,1.05,1,,,
breast_cancer,uncertainty,1002,150,150,12495,12495,0.6291251031789193,85,83.3,0.2442815249266862,1,1,273,0.02052416176610864,0.9765395894428153,0.9746543778801844,0.02346041055718473,0.014203550367227653,0.9911504424778761,0.9904794001179543,0.008849557522123908,0.01291226538876393,0.9826086956521739,0.9814276485788114,0.017391304347826098,0.01,0.9,0.0001,0.2,0.05,1.15,1,,,
breast_cancer,uncertainty,1002,150,146,12036,12376,0.7745186548960521,85,82.50666666666666,0.24195503421309872,1,1,273,0.020635712164893606,0.9736070381231672,0.9716308778805891,0.02639296187683282,0.017526222924007576,0.9911504424778761,0.9905715477680433,0.008849557522123908,0.015982744028775496,0.9739130434782609,0.9722691102001446,0.02608695652173909,0.01,0.9,0.0001,0.2,0.05,1.3,1,,,
breast_cancer,uncertainty,1002,150,148,19346,19618,0.8672035910932343,136,130.78666666666666,0.3835386119257087,1,2,512,0.022196066762309067,0.9706744868035191,0.968731660798122,0.029325513196480912,0.020101487128416678,0.9557522123893806,0.9532787563053005,0.04424778761061943,0.0192485088044196,0.9739130434782609,0.9725077695433899,0.02608695652173909,0.01,0.9,0.0001,0.2,0.1,1.05,1,,,
breast_cancer,uncertainty,1002,150,149,14688,14790,0.853611374421976,102,98.6,0.28914956011730203,1,1,273,0.01875660120142204,0.9824046920821115,0.9810555555555556,0.017595307917888547,0.01582111896023313,0.9823008849557522,0.9810529845741114,0.017699115044247815,0.016010848131030753,0.9826086956521739,0.9815941101152368,0.017391304347826098,0.01,0.9,0.0001,0.2,0.1,1.15,1,,,
breast_cancer,uncertainty,1002,150,150,14552,14552,0.7086546538666911,102,97.01333333333334,0.28449657869012707,1,1,273,0.01945370665578866,0.9736070381231672,0.9715351011436044,0.02639296187683282,0.016122816760825897,0.9734513274336283,0.971438200353863,0.026548672566371723,0.01378595975658206,0.9826086956521739,0.9814276485788114,0.017391304347826098,0.01,0.9,0.0001,0.2,0.1,1.3,1,,,
breast_cancer,uncertainty,1003,150,150,10642,10642,0.7611790992826413,87,70.94666666666667,0.20805474095796678,1,10,2925,0.01982236086243682,0.9736070381231672,0.9715351011436044,0.02639296187683282,0.015469862100755218,0.9823008849557522,0.9812292358803987,0.017699115044247815,0.01508836678692514,0.9739130434782609,0.9722691102001446,0.02608695652173909,0.01,0.9,0.0001,0.05,0.02,1.05,1,,,
breast_cancer,uncertainty,1003,150,150,4279,4279,0.8962708156392433,38,28.526666666666667,0.08365591397849463,1,3,951,0.02448305655092704,0.9648093841642229,0.9618482882076527,0.035190615835777095,0.019200070528182515,0.9823008849557522,0.9810529845741114,0.017699115044247815,0.021943449064241095,0.9739130434782609,0.9725077695433899,0.02608695652173909,0.01,0.9,0.0001,0.05,0.02,1.15,1,,,
breast_cancer,uncertainty,1003,150,150,4601,4601,0.871783199108376,38,30.673333333333332,0.08995112414467253,1,3,951,0.020844441043123153,0.9706744868035191,0.9684259259259258,0.029325513196480912,0.01850442594798423,0.9823008849557522,0.9810529845741114,0.017699115044247815,0.018171833496199837,0.9739130434782609,0.9725077695433899,0.02608695652173909,0.01,0.9,0.0001,0.05,0.02,1.3,1,,,
breast_cancer,uncertainty,1003,150,149,23290,23477,0.6528824405706284,187,156.51333333333332,0.4589833822091886,1,10,2475,0.020544915757310225,0.9765395894428153,0.9745655254717684,0.02346041055718473,0.02017721537539345,0.9734513274336283,0.9711366538952746,0.026548672566371723,0.01341341474095066,0.9826086956521739,0.981245923026745,0.017391304347826098,0.01,0.9,0.0001,0.05,0.05,1.05,1,,,
breast_cancer,uncertainty,1003,150,114,9860,14144,0.7311788130280892,119,94.29333333333334,0.2765200391006843,1,6,1689,0.020030922013043073,0.9736070381231672,0.9713351702236959,0.02639296187683282,0.019358989728255473,0.9734513274336283,0.9711366538952746,0.026548672566371723,0.014646185781355058,0.9826086956521739,0.9814276485788114,0.017391304347826098,0.01,0.9,0.0001,0.05,0.05,1.15,1,,,
breast_cancer,uncertainty,1003,150,136,7344,8534,0.7046473552542796,85,56.89333333333333,0.16684261974584555,1,4,1194,0.01948709899121652,0.967741935483871,0.9652095680644054,0.032258064516129004,0.01931553368077266,0.9823008849557522,0.9808604336043361,0.017699115044247815,0.01373153276573906,0.9826086956521739,0.9815941101152368,0.017391304347826098,0.01,0.9,0.0001,0.05,0.05,1.3,1,,,
breast_cancer,uncertainty,1003,150,146,29512,30396,0.7619744982668584,221,202.64,0.5942521994134897,1,6,1434,0.01815355933403778,0.9736070381231672,0.9714365489320117,0.02639296187683282,0.016203501190270565,0.9911504424778761,0.9904794001179543,0.008849557522123908,0.01383254926531108,0.9739130434782609,0.9722691102001446,0.02608695652173909,0.01,0.9,0.0001,0.05,0.1,1.05,1,,,
breast_cancer,uncertainty,1003,150,119,17289,23086,0.778272428290837,187,153.90666666666667,0.45133919843597264,1,5,1280,0.018532893890670865,0.9765395894428153,0.9748246585455889,0.02346041055718473,0.017498284709540693,0.9911504424778761,0.9904794001179543,0.008849557522123908,0.014423640331548832,0.9739130434782609,0.9725077695433899,0.02608695652173909,0.01,0.9,0.0001,0.05,0.1,1.15,1,,,
breast_cancer,uncertainty,1003,150,150,14076,14076,0.8652088101985234,119,93.84,0.27519061583577714,1,3,870,0.01925242834686429,0.9765395894428153,0.9746543778801844,0.02346041055718473,0.015833226332000776,0.9823008849557522,0.9810529845741114,0.017699115044247815,0.016657370623422776,0.9652173913043478,0.9631882202304738,0.034782608695652195,0.01,0.9,0.0001,0.05,0.1,1.3,1,,,
breast_cancer,uncertainty,1003,150,150,7970,7970,0.7859051715964039,55,53.13333333333333,0.15581622678396873,1,3,900,0.021913253600230113,0.9618768328445748,0.9585952458786718,0.038123167155425186,0.02057207444604966,0.9734513274336283,0.971438200353863,0.026548672566371723,0.017221739330924364,0.9739130434782609,0.9722691102001446,0.02608695652173909,0.01,0.9,0.0001,0.1,0.02,1.05,1,,,
breast_cancer,uncertainty,1003,150,149,6844,6892,0.9481883012783966,48,45.946666666666665,0.1347409579667644,1,2,607,0.02243210724104326,0.967741935483871,0.9654403567447045,0.032258064516129004,0.02164481967702695,0.9823008849557522,0.9810529845741114,0.017699115044247815,0.02126986165897963,0.9652173913043478,0.9631882202304738,0.034782608695652195,0.01,0.9,0.0001,0.1,0.02,1.15,1,,,
breast_cancer,uncertainty,1003,150,145,5574,5779,0.9603414596466959,41,38.526666666666664,0.11298142717497556,1,1,307,0.024795216311410434,0.9618768328445748,0.9594140535591669,0.038123167155425186,0.022732151253286995,0.9734513274336283,0.9717146433041302,0.026548672566371723,0.02381187422475546,0.9565217391304348,0.9545418610166811,0.04347826086956519,0.01,0.9,0.0001,0.1,0.02,1.3,1,,,
breast_cancer,uncertainty,1003,150,144,11577,12087,0.6583877040223044,85,80.58,0.2363049853372434,1,3,870,0.021804057502469974,0.9648093841642229,0.9615702479338843,0.035190615835777095,0.01916875404905298,0.9734513274336283,0.9711366538952746,0.026548672566371723,0.014355523357421508,0.991304347826087,0.9906693711967545,0.008695652173912993,0.01,0.9,0.0001,0.1,0.05,1.05,1,,,
breast_cancer,uncertainty,1003,150,144,9163,9571,0.7327593205559473,68,63.806666666666665,0.18711632453567936,1,2,597,0.023662521915941745,0.9501466275659824,0.9456583893435324,0.04985337243401755,0.02329727587039818,0.9646017699115044,0.9617208672086721,0.03539823008849563,0.017338933481765684,0.9739130434782609,0.9720081135902637,0.02608695652173909,0.01,0.9,0.0001,0.1,0.05,1.15,1,,,
breast_cancer,uncertainty,1003,150,137,6086,6749,1.0062034189731033,51,44.99333333333333,0.13194525904203322,1,1,307,0.024079340018817435,0.9560117302052786,0.9531700617990387,0.04398826979472137,0.021814651705375356,0.9734513274336283,0.9717146433041302,0.026548672566371723,0.024228714253549975,0.9565217391304348,0.9545418610166811,0.04347826086956519,0.01,0.9,0.0001,0.1,0.05,1.3,1,,,
breast_cancer,uncertainty,1003,150,139,26044,28288,0.7475233604235263,204,188.58666666666667,0.5530400782013686,1,5,1195,0.017899615847898426,0.9736070381231672,0.9715351011436044,0.02639296187683282,0.01683303366297989,0.9911504424778761,0.9904794001179543,0.008849557522123908,0.013380380988911238,0.9739130434782609,0.9722691102001446,0.02608695652173909,0.01,0.9,0.0001,0.1,0.1,1.05,1,,,
breast_cancer,uncertainty,1003,150,150,18428,18428,0.8220879677440331,136,122.85333333333334,0.36027370478983384,1,3,819,0.01894894652014911,0.9736070381231672,0.9716308778805891,0.02639296187683282,0.016802430677918485,0.9734513274336283,0.9717146433041302,0.026548672566371723,0.01557770093563975,0.9739130434782609,0.9725077695433899,0.02608695652173909,0.01,0.9,0.0001,0.1,0.1,1.15,1,,,
breast_cancer,uncertainty,1003,150,150,8398,8398,0.7677418354883195,68,55.986666666666665,0.16418377321603128,1,1,307,0.020529504294659818,0.9736070381231672,0.9715351011436044,0.02639296187683282,0.01627628833456919,0.9734513274336283,0.971438200353863,0.026548672566371723,0.015761359308847468,0.991304347826087,0.9907563700667149,0.008695652173912993,0.01,0.9,0.0001,0.1,0.1,1.3,1,,,
breast_cancer,uncertainty,1003,150,149,10132,10200,0.8429683145751576,68,68.0,0.19941348973607037,1,0,0,0.02052322943969632,0.9765395894428153,0.9748246585455889,0.02346041055718473,0.019740173882728727,0.9734513274336283,0.9717146433041302,0.026548672566371723,0.017300432130420065,0.9826086956521739,0.9815941101152368,0.017391304347826098,0.01,0.9,0.0001,0.2,0.02,1.05,1,,,
breast_cancer,uncertainty,1003,150,149,10132,10200,0.8429683145751576,68,68.0,0.19941348973607037,1,0,0,0.02052322943969632,0.9765395894428153,0.9748246585455889,0.02346041055718473,0.019740173882728727,0.9734513274336283,0.9717146433041302,0.026548672566371723,0.017300432130420065,0.9826086956521739,0.9815941101152368,0.017391304347826098,0.01,0.9,0.0001,0.2,0.02,1.15,1,,,
breast_cancer,uncertainty,1003,150,149,10132,10200,0.8429683145751576,68,68.0,0.19941348973607037,1,0,0,0.02052322943969632,0.9765395894428153,0.9748246585455889,0.02346041055718473,0.019740173882728727,0.9734513274336283,0.9717146433041302,0.026548672566371723,0.017300432130420065,0.9826086956521739,0.9815941101152368,0.017391304347826098,0.01,0.9,0.0001,0.2,0.02,1.3,1,,,
breast_cancer,uncertainty,1003,150,149,10132,10200,0.8429683145751576,68,68.0,0.19941348973607037,1,0,0,0.02052322943969632,0.9765395894428153,0.9748246585455889,0.02346041055718473,0.019740173882728727,0.9734513274336283,0.9717146433041302,0.026548672566371723,0.017300432130420065,0.9826086956521739,0.9815941101152368,0.017391304347826098,0.01,0.9,0.0001,0.2,0.05,1.05,1,,,
breast_cancer,uncertainty,1003,150,149,10132,10200,0.8429683145751576,68,68.0,0.19941348973607037,1,0,0,0.02052322943969632,0.9765395894428153,0.9748246585455889,0.02346041055718473,0.019740173882728727,0.9734513274336283,0.9717146433041302,0.026548672566371723,0.017300432130420065,0.9826086956521739,0.9815941101152368,0.017391304347826098,0.01,0.9,0.0001,0.2,0.05,1.15,1,,,
breast_cancer,uncertainty,1003,150,149,10132,10200,0.8429683145751576,68,68.0,0.19941348973607037,1,0,0,0.02052322943969632,0.9765395894428153,0.9748246585455889,0.02346041055718473,0.019740173882728727,0.9734513274336283,0.9717146433041302,0.026548672566371723,0.017300432130420065,0.9826086956521739,0.9815941101152368,0.017391304347826098,0.01,0.9,0.0001,0.2,0.05,1.3,1,,,
breast_cancer,uncertainty,1003,150,149,10132,10200,0.8429683145751576,68,68.0,0.19941348973607037,1,0,0,0.02052322943969632,0.9765395894428153,0.9748246585455889,0.02346041055718473,0.019740173882728727,0.9734513274336283,0.9717146433041302,0.026548672566371723,0.017300432130420065,0.9826086956521739,0.9815941101152368,0.017391304347826098,0.01,0.9,0.0001,0.2,0.1,1.05,1,,,
breast_cancer,uncertainty,1003,150,149,10132,10200,0.8429683145751576,68,68.0,0.19941348973607037,1,0,0,0.02052322943969632,0.9765395894428153,0.9748246585455889,0.02346041055718473,0.019740173882728727,0.9734513274336283,0.9717146433041302,0.026548672566371723,0.017300432130420065,0.9826086956521739,0.9815941101152368,0.017391304347826098,0.01,0.9,0.0001,0.2,0.1,1.15,1,,,
breast_cancer,uncertainty,1003,150,149,10132,10200,0.8429683145751576,68,68.0,0.19941348973607037,1,0,0,0.02052322943969632,0.9765395894428153,0.9748246585455889,0.02346041055718473,0.019740173882728727,0.9734513274336283,0.9717146433041302,0.026548672566371723,0.017300432130420065,0.9826086956521739,0.9815941101152368,0.017391304347826098,0.01,0.9,0.0001,0.2,0.1,1.3,1,,,
breast_cancer,uncertainty,1004,150,148,2824,2872,0.8726707334579247,24,19.14666666666667,0.05614858260019551,1,1,324,0.03442995728658158,0.9442815249266863,0.939038962749692,0.055718475073313734,0.02409264325482351,0.9646017699115044,0.9621059691482227,0.03539823008849563,0.030046016078206166,0.9652173913043478,0.9620962425840476,0.034782608695652195,0.01,0.9,0.0001,0.05,0.02,1.05,1,,,
breast_cancer,uncertainty,1004,150,148,2824,2872,0.8726707334579247,24,19.14666666666667,0.05614858260019551,1,1,324,0.03442995728658158,0.9442815249266863,0.939038962749692,0.055718475073313734,0.02409264325482351,0.9646017699115044,0.9621059691482227,0.03539823008849563,0.030046016078206166,0.9652173913043478,0.9620962425840476,0.034782608695652195,0.01,0.9,0.0001,0.05,0.02,1.15,1,,,
breast_cancer,uncertainty,1004,150,150,2599,2599,0.8459749096421532,24,17.326666666666668,0.05081133919843598,1,1,324,0.03319412543005755,0.9442815249266863,0.9385672972076045,0.055718475073313734,0.02168370522910414,0.9734513274336283,0.9711366538952746,0.026548672566371723,0.028081397261343233,0.9565217391304348,0.952357278979203,0.04347826086956519,0.01,0.9,0.0001,0.05,0.02,1.3,1,,,
breast_cancer,uncertainty,1004,150,149,3298,3332,0.7511072529328546,34,22.213333333333335,0.06514173998044966,1,1,324,0.036699817863929514,0.9149560117302052,0.903826890347678,0.08504398826979476,0.021522864331181196,0.9734513274336283,0.9711366538952746,0.026548672566371723,0.027565499378912204,0.9565217391304348,0.952357278979203,0.04347826086956519,0.01,0.9,0.0001,0.05,0.05,1.05,1,,,
breast_cancer,uncertainty,1004,150,149,3298,3332,0.7511072529328546,34,22.213333333333335,0.06514173998044966,1,1,324,0.036699817863929514,0.9149560117302052,0.903826890347678,0.08504398826979476,0.021522864331181196,0.9734513274336283,0.9711366538952746,0.026548672566371723,0.027565499378912204,0.9565217391304348,0.952357278979203,0.04347826086956519,0.01,0.9,0.0001,0.05,0.05,1.15,1,,,
breast_cancer,uncertainty,1004,150,149,2635,2669,0.7521925450969145,34,17.793333333333333,0.05217986314760508,1,1,324,0.04161712908452364,0.8973607038123167,0.8822943479590126,0.1026392961876833,0.0254179182260247,0.9469026548672567,0.9412681912681913,0.053097345132743334,0.03130409424571466,0.9391304347826087,0.9325173945846257,0.060869565217391286,0.01,0.9,0.0001,0.05,0.05,1.3,1,,,
breast_cancer,uncertainty,1004,150,150,4114,4114,0.8143584819754308,51,27.426666666666666,0.08043010752688172,1,1,324,0.03094472196349375,0.9501466275659824,0.9450338975015409,0.04985337243401755,0.02136710550913007,0.9557522123893806,0.9513476276586584,0.04424778761061943,0.025200096803342543,0.9652173913043478,0.9620962425840476,0.034782608695652195,0.01,0.9,0.0001,0.05,0.1,1.05,1,,,
breast_cancer,uncertainty,1004,150,150,4114,4114,0.8143584819754308,51,27.426666666666666,0.08043010752688172,1,1,324,0.03094472196349375,0.9501466275659824,0.9450338975015409,0.04985337243401755,0.02136710550913007,0.9557522123893806,0.9513476276586584,0.04424778761061943,0.025200096803342543,0.9652173913043478,0.9620962425840476,0.034782608695652195,0.01,0.9,0.0001,0.05,0.1,1.15,1,,,
breast_cancer,uncertainty,1004,150,150,2788,2788,0.8761950858016427,51,18.586666666666666,0.05450635386119257,1,1,324,0.03174240043760276,0.9501466275659824,0.9450338975015409,0.04985337243401755,0.020485392668271027,0.9734513274336283,0.9711366538952746,0.026548672566371723,0.027812535274975448,0.9565217391304348,0.952357278979203,0.04347826086956519,0.01,0.9,0.0001,0.05,0.1,1.3,1,,,
breast_cancer,uncertainty,1004,150,128,6312,7522,1.0278818430407894,55,50.14666666666667,0.14705767350928642,1,3,900,0.023339651009546845,0.9648093841642229,0.9618482882076527,0.035190615835777095,0.017633617352580552,0.9557522123893806,0.9518944231587909,0.04424778761061943,0.023990403495621836,0.9565217391304348,0.9528727153512007,0.04347826086956519,0.01,0.9,0.0001,0.1,0.02,1.05,1,,,
breast_cancer,uncertainty,1004,150,133,6104,7039,0.8784205225366335,55,46.92666666666667,0.13761485826001957,1,3,900,0.022569188178136187,0.9765395894428153,0.9746543778801844,0.02346041055718473,0.016408607417468003,0.9823008849557522,0.9808604336043361,0.017699115044247815,0.019825238072666,0.9826086956521739,0.981245923026745,0.017391304347826098,0.01,0.9,0.0001,0.1,0.02,1.15,1,,,
breast_cancer,uncertainty,1004,150,142,5556,5884,1.1819987138728167,41,39.22666666666667,0.11503421309872923,1,1,307,0.027152430351781862,0.9472140762463344,0.9438898639754278,0.05278592375366564,0.02110239314285028,0.9557522123893806,0.9532787563053005,0.04424778761061943,0.032094137754327394,0.9565217391304348,0.9533468559837728,0.04347826086956519,0.01,0.9,0.0001,0.1,0.02,1.3,1,,,
breast_cancer,uncertainty,1004,150,85,6477,12002,0.7651802078610637,85,80.01333333333334,0.2346432062561095,1,3,870,0.024660202214016495,0.9589442815249267,0.9551652892561984,0.04105571847507328,0.019015615147610583,0.9646017699115044,0.9613013698630137,0.03539823008849563,0.018869498656017003,0.9739130434782609,0.9717236292107204,0.02608695652173909,0.01,0.9,0.0001,0.1,0.05,1.05,1,,,
breast_cancer,uncertainty,1004,150,102,6086,9350,1.1820756832855606,68,62.333333333333336,0.1827956989247312,1,2,597,0.022861517009946764,0.9589442815249267,0.9562243251173708,0.04105571847507328,0.015760668220771972,0.9734513274336283,0.971438200353863,0.026548672566371723,0.027024043340477286,0.9391304347826087,0.9346855983772819,0.060869565217391286,0.01,0.9,0.0001,0.1,0.05,1.15,1,,,
breast_cancer,uncertainty,1004,150,144,6698,7004,0.9928437516400138,51,46.693333333333335,0.136930596285435,1,1,307,0.02361909440762879,0.9736070381231672,0.9713351702236959,0.02639296187683282,0.015468159716037194,0.9823008849557522,0.9808604336043361,0.017699115044247815,0.023450070302009837,0.9391304347826087,0.9333001905708842,0.060869565217391286,0.01,0.9,0.0001,0.1,0.05,1.3,1,,,
breast_cancer,uncertainty,1004,150,143,22100,23290,0.8185243646304744,170,155.26666666666668,0.4553274682306941,1,4,1024,0.018953579580764726,0.9706744868035191,0.9684259259259258,0.029325513196480912,0.013322628969043905,0.9823008849557522,0.9808604336043361,0.017699115044247815,0.01551396668381858,0.9739130434782609,0.9720081135902637,0.02608695652173909,0.01,0.9,0.0001,0.1,0.1,1.05,1,,,
breast_cancer,uncertainty,1004,150,69,5304,15300,1.1343823032904419,136,102.0,0.2991202346041056,1,3,819,0.022125321717046443,0.9706744868035191,0.9686327176392671,0.029325513196480912,0.016715584802674415,0.9734513274336283,0.971438200353863,0.026548672566371723,0.02509857341042518,0.9565217391304348,0.9541796159056498,0.04347826086956519,0.01,0.9,0.0001,0.1,0.1,1.15,1,,,
breast_cancer,uncertainty,1004,150,129,7480,8908,1.1047277870588115,68,59.38666666666666,0.17415444770283478,1,1,307,0.024287456060052247,0.967741935483871,0.9652095680644054,0.032258064516129004,0.01761814665632812,0.9734513274336283,0.971438200353863,0.026548672566371723,0.02683102758650964,0.9478260869565217,0.9437377690802349,0.05217391304347829,0.01,0.9,0.0001,0.1,0.1,1.3,1,,,
breast_cancer,uncertainty,1004,150,62,4398,10998,0.8292925871264754,75,73.32,0.21501466275659822,1,1,273,0.025133914071124974,0.9648093841642229,0.9621111111111111,0.035190615835777095,0.01903640827376316,0.9911504424778761,0.9904794001179543,0.008849557522123908,0.020843368624657754,0.9739130434782609,0.9720081135902637,0.02608695652173909,0.01,0.9,0.0001,0.2,0.02,1.05,1,,,
breast_cancer,uncertainty,1004,150,46,3170,10970,1.0142527349044685,75,73.13333333333334,0.2144672531769306,1,1,273,0.02657099079377444,0.9530791788856305,0.9499706572769953,0.04692082111436946,0.02091218880366358,0.9646017699115044,0.9624584717607974,0.03539823008849563,0.026949700081707183,0.9565217391304348,0.9537818503335744,0.04347826086956519,0.01,0.9,0.0001,0.2,0.02,1.15,1,,,
breast_cancer,uncertainty,1004,150,84,5929,10879,0.7694261710934596,75,72.52666666666667,0.21268817204301077,1,1,273,0.02216888887213331,0.9648093841642229,0.9621111111111111,0.035190615835777095,0.018323515763471774,0.9734513274336283,0.9711366538952746,0.026548672566371723,0.017057323282281937,0.9739130434782609,0.9720081135902637,0.02608695652173909,0.01,0.9,0.0001,0.2,0.02,1.3,1,,,
breast_cancer,uncertainty,1004,150,146,11798,12138,0.8844548955597777,85,80.92,0.23730205278592376,1,1,273,0.02306518758049282,0.9648093841642229,0.9624779929577464,0.035190615835777095,0.015763353730983146,0.9911504424778761,0.9905715477680433,0.008849557522123908,0.02040011807257146,0.9565217391304348,0.9541796159056498,0.04347826086956519,0.01,0.9,0.0001,0.2,0.05,1.05,1,,,
breast_cancer,uncertainty,1004,150,142,11390,12070,0.7294905888057613,85,80.46666666666667,0.23597262952101664,1,1,273,0.0211236312162026,0.9648093841642229,0.9622369878183832,0.035190615835777095,0.013682416626816902,0.9911504424778761,0.9904794001179543,0.008849557522123908,0.015409490173623397,0.9739130434782609,0.9720081135902637,0.02608695652173909,0.01,0.9,0.0001,0.2,0.05,1.15,1,,,
breast_cancer,uncertainty,1004,150,114,8789,11849,0.8120672134609282,85,78.99333333333334,0.23165200391006843,1,1,273,0.020251808227828186,0.967741935483871,0.9654403567447045,0.032258064516129004,0.012735822644765749,0.9911504424778761,0.9904794001179543,0.008849557522123908,0.016445829475117534,0.9826086956521739,0.9814276485788114,0.017391304347826098,0.01,0.9,0.0001,0.2,0.05,1.3,1,,,
breast_cancer,uncertainty,1004,150,142,13260,14076,0.7678486810563656,102,93.84,0.27519061583577714,1,1,273,0.02074319250576511,0.9736070381231672,0.9714365489320117,0.02639296187683282,0.015004664538464451,0.9734513274336283,0.9711366538952746,0.026548672566371723,0.015927633006450028,0.9826086956521739,0.981245923026745,0.017391304347826098,0.01,0.9,0.0001,0.2,0.1,1.05,1,,,
breast_cancer,uncertainty,1004,150,146,13532,13940,0.7863161731036316,102,92.93333333333334,0.27253176930596285,1,1,273,0.019583413630984817,0.9765395894428153,0.9747407407407407,0.02346041055718473,0.012624395365909265,0.9823008849557522,0.9808604336043361,0.017699115044247815,0.015398754862621475,0.991304347826087,0.9906693711967545,0.008695652173912993,0.01,0.9,0.0001,0.2,0.1,1.15,1,,,
breast_cancer,uncertainty,1004,150,88,7174,13498,0.8849176549861075,102,89.98666666666666,0.26389051808406644,1,1,273,0.020686608141936635,0.9736070381231672,0.9714365489320117,0.02639296187683282,0.013175104528673065,0.9734513274336283,0.9711366538952746,0.026548672566371723,0.018305944766579086,0.9826086956521739,0.981245923026745,0.017391304347826098,0.01,0.9,0.0001,0.2,0.1,1.3,1,,,
optdigits,uncertainty,1000,60,59,101362,104734,2.8323891003649453,3372,1745.5666666666666,0.5176650850138395,1,48,78120,0.0009043589088568768,1.0,1.0,0.0,0.002350102879971587,0.9911032028469751,0.9911128610731106,0.008896797153024938,0.002561496316264153,0.9848754448398577,0.9849301834573057,0.015124555160142328,0.3,0.5,1e-06,0.05,0.02,1.05,1,,,
optdigits,uncertainty,1000,60,59,83395,86647,2.440824066693025,3319,1444.1166666666666,0.42826710162119414,1,47,78067,0.0011899444233783813,1.0,1.0,0.0,0.0027567127509516517,0.9893238434163701,0.9892949152661428,0.010676156583629859,0.0029044449866091073,0.9839857651245552,0.9840247615116933,0.016014234875444844,0.3,0.5,1e-06,0.05,0.02,1.15,1,,,
optdigits,uncertainty,1000,60,60,63264,63264,1.9562244330842617,2783,1054.4,0.3126927639383156,1,39,75231,0.0017086300480483152,0.9997034400948992,0.9997023750207606,0.00029655990510080166,0.003113170079899995,0.9857651245551602,0.9857343089945342,0.014234875444839812,0.0033424638470940502,0.9848754448398577,0.9848753317864493,0.015124555160142328,0.3,0.5,1e-06,0.05,0.02,1.3,1,,,
optdigits,uncertainty,1000,60,59,152360,155732,3.729777576706479,3372,2595.5333333333333,0.7697311190193752,1,19,31939,0.0006662268703589423,1.0,1.0,0.0,0.002330154557948578,0.9875444839857651,0.9874924706188924,0.01245551601423489,0.002484878042064117,0.9830960854092526,0.9831664139514732,0.01690391459074736,0.3,0.5,1e-06,0.05,0.05,1.05,1,,,
optdigits,uncertainty,1000,60,57,130113,140229,3.43662078392406,3372,2337.15,0.6931049822064057,1,19,31939,0.000723005393239617,1.0,1.0,0.0,0.0022520753018011224,0.9893238434163701,0.9893107455578963,0.010676156583629859,0.0024846953612964557,0.9848754448398577,0.9849141103902879,0.015124555160142328,0.3,0.5,1e-06,0.05,0.05,1.15,1,,,
optdigits,uncertainty,1000,60,60,115120,115120,3.0325359125691325,3372,1918.6666666666667,0.5689996045867932,1,19,31939,0.0008377099462838031,1.0,1.0,0.0,0.0022653060073265924,0.9911032028469751,0.9910884356597404,0.008896797153024938,0.0025403854964219917,0.9884341637010676,0.9884308925052814,0.011565836298932375,0.3,0.5,1e-06,0.05,0.05,1.3,1,,,
optdigits,uncertainty,1000,60,59,172655,176027,3.8450512753579984,3372,2933.7833333333333,0.8700425069197311,1,10,16855,0.0006157774569763003,1.0,1.0,0.0,0.0022910609314455285,0.9875444839857651,0.987516096460895,0.01245551601423489,0.0023676958962834285,0.9893238434163701,0.9893384836264161,0.010676156583629859,0.3,0.5,1e-06,0.05,0.1,1.05,1,,,
optdigits,uncertainty,1000,60,54,132369,152601,3.477371798798957,3372,2543.35,0.7542556346381969,1,10,16855,0.0006889810291992309,1.0,1.0,0.0,0.002259165680627215,0.9893238434163701,0.9892988925223927,0.010676156583629859,0.0023958432008448862,0.9902135231316725,0.9902089475736966,0.009786476868327454,0.3,0.5,1e-06,0.05,0.1,1.15,1,,,
optdigits,uncertainty,1000,60,55,115012,131872,3.2722650221221485,3372,2197.866666666667,0.651799130090945,1,10,16855,0.0007744178219102016,1.0,1.0,0.0,0.002319528601799173,0.9857651245551602,0.9856988746526506,0.014234875444839812,0.0025341003511447717,0.9857651245551602,0.9857749632029182,0.014234875444839812,0.3,0.5,1e-06,0.05,0.1,1.3,1,,,
optdigits,uncertainty,1000,60,60,100479,100479,2.8109150077876026,3372,1674.65,0.4966340450771056,1,46,70265,0.0009195895349495952,1.0,1.0,0.0,0.0022474439644792833,0.9911032028469751,0.9910656423509208,0.008896797153024938,0.002584888024794239,0.9893238434163701,0.9893347706885866,0.010676156583629859,0.3,0.5,1e-06,0.1,0.02,1.05,1,,,
optdigits,uncertainty,1000,60,60,86148,86148,2.785774773520165,3285,1435.8,0.4258007117437722,1,44,70158,0.0010358135271692447,1.0,1.0,0.0,0.0023647153984473215,0.9902135231316725,0.9902031977760017,0.009786476868327454,0.0028855431940590258,0.9857651245551602,0.9857873055854682,0.014234875444839812,0.3,0.5,1e-06,0.1,0.02,1.15,1,,,
optdigits,uncertainty,1000,60,60,68527,68527,2.3091756615514645,2816,1142.1166666666666,0.3387060102807433,1,37,67673,0.0013747520642571037,0.9994068801897983,0.9994112744719985,0.0005931198102017143,0.0028542795278489836,0.9875444839857651,0.9875635214480818,0.01245551601423489,0.003174544007450139,0.9884341637010676,0.9884622057144966,0.011565836298932375,0.3,0.5,1e-06,0.1,0.02,1.3,1,,,
optdigits,uncertainty,1000,60,59,140339,143711,3.529456874920792,3372,2395.1833333333334,0.7103153420324239,1,18,28773,0.0006741271396547952,1.0,1.0,0.0,0.002205680283722747,0.9884341637010676,0.9883808572323913,0.011565836298932375,0.0023793026676253055,0.9839857651245552,0.9840225041046743,0.016014234875444844,0.3,0.5,1e-06,0.1,0.05,1.05,1,,,
optdigits,uncertainty,1000,60,53,97517,121121,3.134785184869616,3372,2018.6833333333334,0.5986605377619613,1,18,28773,0.0008232202239730935,1.0,1.0,0.0,0.002209893725236411,0.9884341637010676,0.988412975723245,0.011565836298932375,0.0025806185619959006,0.9839857651245552,0.9840051565631465,0.016014234875444844,0.3,0.5,1e-06,0.1,0.05,1.15,1,,,
optdigits,uncertainty,1000,60,60,112185,112185,3.21018713994241,3372,1869.75,0.5544928825622776,1,18,28773,0.0007750645035548257,1.0,1.0,0.0,0.0021919049048049256,0.9902135231316725,0.9901880286916998,0.009786476868327454,0.00248810210193755,0.9830960854092526,0.9831706638377234,0.01690391459074736,0.3,0.5,1e-06,0.1,0.05,1.3,1,,,
optdigits,uncertainty,1000,60,50,134190,167910,3.7224003096424205,3372,2798.5,0.8299228944246738,1,10,15185,0.0006662128820264042,1.0,1.0,0.0,0.0022043874255198515,0.9875444839857651,0.9874814967006229,0.01245551601423489,0.0024799110383428562,0.9848754448398577,0.9849440498630496,0.015124555160142328,0.3,0.5,1e-06,0.1,0.1,1.05,1,,,
optdigits,uncertainty,1000,60,56,134188,147676,3.5940669511889203,3372,2461.266666666667,0.7299130090945039,1,10,15185,0.0007226296579806659,1.0,1.0,0.0,0.0021963258795790206,0.9866548042704626,0.9866085596504176,0.013345195729537407,0.002597179371697264,0.9839857651245552,0.9839833829136566,0.016014234875444844,0.3,0.5,1e-06,0.1,0.1,1.15,1,,,
optdigits,uncertainty,1000,60,57,128455,138571,3.603844112903575,3372,2309.516666666667,0.6849100434954528,1,10,15185,0.0006898493045881675,1.0,1.0,0.0,0.002150362935590559,0.9857651245551602,0.9856671667503865,0.014234875444839812,0.0024861093551306924,0.9848754448398577,0.9849047868603036,0.015124555160142328,0.3,0.5,1e-06,0.1,0.1,1.3,1,,,
optdigits,uncertainty,1000,60,57,119784,129900,3.247076470714159,3372,2165.0,0.6420521945432978,1,41,55678,0.0008049563521799588,1.0,1.0,0.0,0.0025016218844786517,0.9857651245551602,0.9857492411226378,0.014234875444839812,0.0026137548311154445,0.9839857651245552,0.9840294934940423,0.016014234875444844,0.3,0.5,1e-06,0.2,0.02,1.05,1,,,
optdigits,uncertainty,1000,60,57,106696,116812,2.8297007756407346,3372,1946.8666666666666,0.5773625939106366,1,41,55678,0.0008959458513659147,1.0,1.0,0.0,0.002457315421921408,0.9893238434163701,0.9893146940702549,0.010676156583629859,0.002535258670542227,0.9866548042704626,0.9866957681744435,0.013345195729537407,0.3,0.5,1e-06,0.2,0.02,1.15,1,,,
optdigits,uncertainty,1000,60,58,94501,101227,2.756509768697203,3372,1687.1166666666666,0.5003311585606959,1,41,55678,0.0009324101486288648,1.0,1.0,0.0,0.0026344289715393193,0.9902135231316725,0.9902081557794229,0.009786476868327454,0.002570197683127877,0.9884341637010676,0.9884311970049445,0.011565836298932375,0.3,0.5,1e-06,0.2,0.02,1.3,1,,,
optdigits,uncertainty,1000,60,57,155494,165610,3.7226903394667445,3372,2760.1666666666665,0.8185547647291419,1,16,22888,0.0006853176678432941,1.0,1.0,0.0,0.0022492365004476416,0.9893238434163701,0.9893072793421265,0.010676156583629859,0.00255122546154611,0.9839857651245552,0.9840237915155715,0.016014234875444844,0.3,0.5,1e-06,0.2,0.05,1.05,1,,,
optdigits,uncertainty,1000,60,54,133916,154148,3.277830165757241,3372,2569.133333333333,0.7619019375247132,1,16,22888,0.0007548401280914013,1.0,1.0,0.0,0.0025415272174854537,0.9848754448398577,0.9848769151785453,0.015124555160142328,0.002474237742182055,0.9866548042704626,0.9866957984092549,0.013345195729537407,0.3,0.5,1e-06,0.2,0.05,1.15,1,,,
optdigits,uncertainty,1000,60,59,133242,136614,3.3564302908625527,3372,2276.9,0.6752372479240807,1,16,22888,0.0007564812552321147,1.0,1.0,0.0,0.0023298139964209367,0.9893238434163701,0.9892675951698016,0.010676156583629859,0.0025390765995307956,0.9848754448398577,0.9849387494319846,0.015124555160142328,0.3,0.5,1e-06,0.2,0.05,1.3,1,,,
optdigits,uncertainty,1000,60,53,155096,178700,3.987878423584843,3372,2978.3333333333335,0.8832542506919732,1,9,12150,0.0006035485532213406,1.0,1.0,0.0,0.0021849737578241765,0.9893238434163701,0.9892907023443949,0.010676156583629859,0.0024068782529772324,0.9848754448398577,0.984874111064008,0.015124555160142328,0.3,0.5,1e-06,0.2,0.1,1.05,1,,,
optdigits,uncertainty,1000,60,51,134186,164534,3.582960341647617,3372,2742.233333333333,0.813236457097667,1,9,12150,0.0006492212827198718,1.0,1.0,0.0,0.0022361080070167896,0.9875444839857651,0.9875083413745106,0.01245551601423489,0.0023261341089388958,0.9893238434163701,0.9893509433922235,0.010676156583629859,0.3,0.5,1e-06,0.2,0.1,1.15,1,,,
optdigits,uncertainty,1000,60,60,156440,156440,3.826215980834574,3372,2607.3333333333335,0.7732305258995651,1,9,12150,0.0006123626429705974,1.0,1.0,0.0,0.002008222105529815,0.9875444839857651,0.987495159488525,0.01245551601423489,0.0023430317306001964,0.9839857651245552,0.9840340763244029,0.016014234875444844,0.3,0.5,1e-06,0.2,0.1,1.3,1,,,
optdigits,uncertainty,1001,60,60,94257,94257,2.5123335225109598,3372,1570.95,0.4658807829181495,1,48,78120,0.0010171873790469678,0.9997034400948992,0.9997050089737314,0.00029655990510080166,0.0025554879335289655,0.9848754448398577,0.9848974270133952,0.015124555160142328,0.0025555139510547594,0.9884341637010676,0.9884887863582439,0.011565836298932375,0.3,0.5,1e-06,0.05,0.02,1.05,1,,,
optdigits,uncertainty,1001,60,60,74051,74051,2.0435926393467727,3051,1234.1833333333334,0.3660092922103598,1,43,77185,0.0014584144655363852,0.9994068801897983,0.9994071875219561,0.0005931198102017143,0.002972412605586986,0.9875444839857651,0.9875556053666564,0.01245551601423489,0.002980405066887014,0.9884341637010676,0.9884535571756861,0.011565836298932375,0.3,0.5,1e-06,0.05,0.02,1.15,1,,,
optdigits,uncertainty,1001,60,59,52307,54755,1.634381243270263,2515,912.5833333333334,0.2706356267299328,1,35,72205,0.0021306018311201724,0.9991103202846975,0.9991135933213989,0.000889679715302516,0.0038121954770928964,0.9866548042704626,0.9866380404177064,0.013345195729537407,0.003482215669660086,0.9875444839857651,0.9875987292944515,0.01245551601423489,0.3,0.5,1e-06,0.05,0.02,1.3,1,,,
optdigits,uncertainty,1001,60,59,145111,148483,3.5368480225881007,3372,2474.7166666666667,0.7339017398181099,1,19,31939,0.0006570098529730508,1.0,1.0,0.0,0.0022461672320342944,0.9857651245551602,0.9857745330911918,0.014234875444839812,0.0023237439993086333,0.9866548042704626,0.9866667744356056,0.013345195729537407,0.3,0.5,1e-06,0.05,0.05,1.05,1,,,
optdigits,uncertainty,1001,60,57,118986,129102,2.9270683733595733,3372,2151.7,0.6381079478054567,1,19,31939,0.0008184450326006691,1.0,1.0,0.0,0.0023652648630503033,0.9893238434163701,0.9893106137986327,0.010676156583629859,0.0023956445702586634,0.9857651245551602,0.9857903698506257,0.014234875444839812,0.3,0.5,1e-06,0.05,0.05,1.15,1,,,
optdigits,uncertainty,1001,60,60,111749,111749,2.7789491246886096,3372,1862.4833333333333,0.5523378805852116,1,19,31939,0.000859145540322032,1.0,1.0,0.0,0.002438728936186676,0.9857651245551602,0.9857623237088065,0.014234875444839812,0.0023875217472580333,0.9866548042704626,0.9867233277667434,0.013345195729537407,0.3,0.5,1e-06,0.05,0.05,1.3,1,,,
optdigits,uncertainty,1001,60,55,155291,172151,3.5046734594714035,3372,2869.1833333333334,0.8508847370502175,1,10,16855,0.0006328895709849961,1.0,1.0,0.0,0.002279558087687549,0.9857651245551602,0.985739705726828,0.014234875444839812,0.002218071282207359,0.9866548042704626,0.9867046675952889,0.013345195729537407,0.3,0.5,1e-06,0.05,0.1,1.05,1,,,
optdigits,uncertainty,1001,60,52,128659,155635,3.543166191578244,3372,2593.9166666666665,0.7692516805061289,1,10,16855,0.000627987345286041,1.0,1.0,0.0,0.0022915966592780886,0.9857651245551602,0.9857739933315678,0.014234875444839812,0.0022250635305564735,0.9875444839857651,0.9875574327771242,0.01245551601423489,0.3,0.5,1e-06,0.05,0.1,1.15,1,,,
optdigits,uncertainty,1001,60,59,140466,143838,3.3218357952123623,3372,2397.3,0.7109430604982206,1,10,16855,0.0006975624796569892,1.0,1.0,0.0,0.002257345126372959,0.9830960854092526,0.9831172669258084,0.01690391459074736,0.0023171880143216823,0.9857651245551602,0.9858226221582589,0.014234875444839812,0.3,0.5,1e-06,0.05,0.1,1.3,1,,,
optdigits,uncertainty,1001,60,60,103916,103916,2.8313729856217553,3372,1731.9333333333334,0.5136219849742981,1,46,70265,0.0008480995993746729,1.0,1.0,0.0,0.002393999477171435,0.9848754448398577,0.9849046173653899,0.015124555160142328,0.002401286294786082,0.9893238434163701,0.9893479287493667,0.010676156583629859,0.3,0.5,1e-06,0.1,0.02,1.05,1,,,
optdigits,uncertainty,1001,60,60,92446,92446,2.499990709526226,3372,1540.7666666666667,0.4569296164491894,1,46,70265,0.0009719932355561667,1.0,1.0,0.0,0.002557212463703597,0.9857651245551602,0.9857904733390832,0.014234875444839812,0.002429974058612753,0.9902135231316725,0.9902436327781059,0.009786476868327454,0.3,0.5,1e-06,0.1,0.02,1.15,1,,,
optdigits,uncertainty,1001,60,60,71408,71408,1.9491529733415622,2883,1190.1333333333334,0.3529458283906683,1,38,68229,0.001453117969097664,0.9991103202846975,0.99911100573148,0.000889679715302516,0.003047911362293624,0.9830960854092526,0.9830590454434253,0.01690391459074736,0.002832349210082764,0.9893238434163701,0.9893397574331283,0.010676156583629859,0.3,0.5,1e-06,0.1,0.02,1.3,1,,,
optdigits,uncertainty,1001,60,60,149443,149443,3.350758490901719,3372,2490.7166666666667,0.7386466982997232,1,18,28773,0.0006586651962425049,1.0,1.0,0.0,0.002301549818546306,0.9866548042704626,0.9866359622392997,0.013345195729537407,0.0022070279989710203,0.9884341637010676,0.9884898136367412,0.011565836298932375,0.3,0.5,1e-06,0.1,0.05,1.05,1,,,
optdigits,uncertainty,1001,60,52,111679,138655,2.970872164438806,3372,2310.9166666666665,0.6853252273625938,1,18,28773,0.0007582180596611743,1.0,1.0,0.0,0.0023937676171559897,0.9866548042704626,0.9866722933456578,0.013345195729537407,0.0022525689280221846,0.9866548042704626,0.9867109157577817,0.013345195729537407,0.3,0.5,1e-06,0.1,0.05,1.15,1,,,
optdigits,uncertainty,1001,60,60,121459,121459,2.80096841774259,3372,2024.3166666666666,0.6003311585606959,1,18,28773,0.0008891614485268016,1.0,1.0,0.0,0.0024471568532835747,0.9866548042704626,0.9866859722479038,0.013345195729537407,0.002490513135597825,0.9875444839857651,0.9875802894412589,0.01245551601423489,0.3,0.5,1e-06,0.1,0.05,1.3,1,,,
optdigits,uncertainty,1001,60,58,167238,173982,4.0744840795653845,3372,2899.7,0.8599347568208777,1,10,15185,0.0005609947293776873,1.0,1.0,0.0,0.0022635655327477512,0.9857651245551602,0.9857654394376839,0.014234875444839812,0.002285764093569478,0.9893238434163701,0.9893390297252832,0.010676156583629859,0.3,0.5,1e-06,0.1,0.1,1.05,1,,,
optdigits,uncertainty,1001,60,52,128457,155433,3.3930854075832606,3372,2590.55,0.7682532621589562,1,10,15185,0.0006876258676274759,1.0,1.0,0.0,0.0024072891505200074,0.9848754448398577,0.9849155373173364,0.015124555160142328,0.0023331732973235673,0.9875444839857651,0.9875962898761635,0.01245551601423489,0.3,0.5,1e-06,0.1,0.1,1.15,1,,,
optdigits,uncertainty,1001,60,60,153072,153072,3.2698862340738413,3372,2551.2,0.7565836298932384,1,10,15185,0.0006641303597063398,1.0,1.0,0.0,0.00224041677209703,0.9875444839857651,0.987564905801011,0.01245551601423489,0.002171630720834269,0.9875444839857651,0.9875884481197369,0.01245551601423489,0.3,0.5,1e-06,0.1,0.1,1.3,1,,,
optdigits,uncertainty,1001,60,60,121270,121270,2.9865869488914476,3372,2021.1666666666667,0.5993969948596284,1,41,55678,0.0007493533553394836,1.0,1.0,0.0,0.0023819074960312447,0.9857651245551602,0.9857856073326261,0.014234875444839812,0.002238008951164917,0.9902135231316725,0.9902326619396933,0.009786476868327454,0.3,0.5,1e-06,0.2,0.02,1.05,1,,,
optdigits,uncertainty,1001,60,55,97656,114516,2.765638962403168,3372,1908.6,0.5660142348754448,1,41,55678,0.0008290004526614598,1.0,1.0,0.0,0.0024170913770798596,0.9848754448398577,0.9849199271922927,0.015124555160142328,0.002292715951730396,0.9875444839857651,0.9875853692161034,0.01245551601423489,0.3,0.5,1e-06,0.2,0.02,1.15,1,,,
optdigits,uncertainty,1001,60,60,98462,98462,2.6767490617545975,3372,1641.0333333333333,0.48666468960063264,1,41,55678,0.0009075703890318869,1.0,1.0,0.0,0.0024685334165127208,0.9866548042704626,0.9866712916126698,0.013345195729537407,0.0024293381873173583,0.9875444839857651,0.9876006740416576,0.01245551601423489,0.3,0.5,1e-06,0.2,0.02,1.3,1,,,
optdigits,uncertainty,1001,60,50,126325,160045,3.4048507568135666,3372,2667.4166666666665,0.7910488335310399,1,16,22888,0.0006419144370574582,1.0,1.0,0.0,0.002440559922952834,0.9839857651245552,0.9839719230361148,0.016014234875444844,0.002185622856824641,0.9902135231316725,0.9902089835174788,0.009786476868327454,0.3,0.5,1e-06,0.2,0.05,1.05,1,,,
optdigits,uncertainty,1001,60,55,131385,148245,3.428959073047881,3372,2470.75,0.7327253855278766,1,16,22888,0.0006710303450846643,1.0,1.0,0.0,0.0022712795727253057,0.9830960854092526,0.9831745838678734,0.01690391459074736,0.00230093559006851,0.9875444839857651,0.9876043102850931,0.01245551601423489,0.3,0.5,1e-06,0.2,0.05,1.15,1,,,
optdigits,uncertainty,1001,60,57,127506,137622,3.35785381713919,3372,2293.7,0.6802194543297746,1,16,22888,0.0007062278087568062,1.0,1.0,0.0,0.0022857767226200703,0.9866548042704626,0.986691185667682,0.013345195729537407,0.0023714097434038876,0.9857651245551602,0.9858457781631275,0.014234875444839812,0.3,0.5,1e-06,0.2,0.05,1.3,1,,,
optdigits,uncertainty,1001,60,58,167236,173980,3.648861505179907,3372,2899.6666666666665,0.8599248714907077,1,9,12150,0.0005875021900914616,1.0,1.0,0.0,0.0023578253208318706,0.9848754448398577,0.9848718284229563,0.015124555160142328,0.0021437141256336226,0.9866548042704626,0.986688326860596,0.013345195729537407,0.3,0.5,1e-06,0.2,0.1,1.05,1,,,
optdigits,uncertainty,1001,60,55,147676,164536,3.614729992594136,3372,2742.266666666667,0.8132463424278371,1,9,12150,0.0005795332573112295,1.0,1.0,0.0,0.0022398887833221764,0.9848754448398577,0.9849072063248668,0.015124555160142328,0.002094856246908676,0.9866548042704626,0.9867040081967374,0.013345195729537407,0.3,0.5,1e-06,0.2,0.1,1.15,1,,,
optdigits,uncertainty,1001,60,55,135871,152731,3.6135706421348943,3372,2545.516666666667,0.7548981810992488,1,9,12150,0.0006215946527494482,1.0,1.0,0.0,0.0022615377932416257,0.9866548042704626,0.9866606605669132,0.013345195729537407,0.00224617618848344,0.9884341637010676,0.9884739138247104,0.011565836298932375,0.3,0.5,1e-06,0.2,0.1,1.3,1,,,
optdigits,uncertainty,1002,60,60,97526,97526,3.148572387706898,3372,1625.4333333333334,0.48203835508105974,1,48,78120,0.0008983686910705984,1.0,1.0,0.0,0.0025955336055000357,0.9830960854092526,0.9830782281494541,0.01690391459074736,0.0028285788546852744,0.9830960854092526,0.9831863073322575,0.01690391459074736,0.3,0.5,1e-06,0.05,0.02,1.05,1,,,
optdigits,uncertainty,1002,60,60,79746,79746,2.596782297110451,3185,1329.1,0.3941577698695136,1,45,77760,0.0012258007287029278,0.9997034400948992,0.9997010463378176,0.00029655990510080166,0.00279442439108911,0.9884341637010676,0.9884189727767895,0.011565836298932375,0.0031831376320808537,0.9848754448398577,0.9849228722945472,0.015124555160142328,0.3,0.5,1e-06,0.05,0.02,1.15,1,,,
optdigits,uncertainty,1002,60,59,56595,59177,2.157083751638246,2649,986.2833333333333,0.292492091735864,1,37,73852,0.001633408640579473,0.9988137603795967,0.9988084825515753,0.0011862396204033177,0.0033189923606814042,0.9822064056939501,0.9822271847188201,0.017793594306049876,0.0035233992383794967,0.9857651245551602,0.9857675376946824,0.014234875444839812,0.3,0.5,1e-06,0.05,0.02,1.3,1,,,
optdigits,uncertainty,1002,60,57,143926,154042,3.7921774809163225,3372,2567.366666666667,0.7613780150257019,1,19,31939,0.0006572187410788326,1.0,1.0,0.0,0.002447452106285584,0.9830960854092526,0.9830767778943684,0.01690391459074736,0.0024922901099553242,0.9848754448398577,0.9849211759353385,0.015124555160142328,0.3,0.5,1e-06,0.05,0.05,1.05,1,,,
optdigits,uncertainty,1002,60,59,130791,134163,3.6200091353079324,3372,2236.05,0.6631227758007118,1,19,31939,0.0007160703674396858,1.0,1.0,0.0,0.0025017640233325625,0.9822064056939501,0.9821841376781988,0.017793594306049876,0.0025921812716549705,0.9839857651245552,0.984036692109678,0.016014234875444844,0.3,0.5,1e-06,0.05,0.05,1.15,1,,,
optdigits,uncertainty,1002,60,56,99782,113270,3.732666000543122,3372,1887.8333333333333,0.5598556741795175,1,19,31939,0.0007253775159172227,1.0,1.0,0.0,0.002546338177919625,0.9822064056939501,0.9821698376136748,0.017793594306049876,0.0027075919912226444,0.9839857651245552,0.9840632350374829,0.016014234875444844,0.3,0.5,1e-06,0.05,0.05,1.3,1,,,
optdigits,uncertainty,1002,60,58,166755,173499,3.9385670169846247,3372,2891.65,0.8575474495848162,1,10,16855,0.0006168646892180264,1.0,1.0,0.0,0.002387118605752749,0.9848754448398577,0.9848734929789806,0.015124555160142328,0.0024295629188965896,0.9857651245551602,0.985782001176512,0.014234875444839812,0.3,0.5,1e-06,0.05,0.1,1.05,1,,,
optdigits,uncertainty,1002,60,54,141470,161702,4.265198967407379,3372,2695.0333333333333,0.7992388295769078,1,10,16855,0.000604599509967747,1.0,1.0,0.0,0.0022956840864725592,0.9857651245551602,0.9857561976064151,0.014234875444839812,0.0025787372056094416,0.9822064056939501,0.982286244975651,0.017793594306049876,0.3,0.5,1e-06,0.05,0.1,1.15,1,,,
optdigits,uncertainty,1002,60,60,147714,147714,4.148033414627396,3372,2461.9,0.7301008303677343,1,10,16855,0.0006122722283133349,1.0,1.0,0.0,0.002336199960700335,0.9866548042704626,0.9866635469227149,0.013345195729537407,0.002539725661892087,0.9830960854092526,0.9831859879091083,0.01690391459074736,0.3,0.5,1e-06,0.05,0.1,1.3,1,,,
optdigits,uncertainty,1002,60,59,97174,100546,3.065395904170575,3372,1675.7666666666667,0.4969652036378015,1,46,70265,0.0009372657021913628,1.0,1.0,0.0,0.002574870732747591,0.9822064056939501,0.9822131108838621,0.017793594306049876,0.0028730904446169613,0.9804270462633452,0.9805238809604294,0.019572953736654797,0.3,0.5,1e-06,0.1,0.02,1.05,1,,,
optdigits,uncertainty,1002,60,60,84004,84004,2.528539463228382,3218,1400.0666666666666,0.41520363780150255,1,43,70004,0.0011770766145211232,0.9997034400948992,0.9997049627613397,0.00029655990510080166,0.0028262598093008262,0.9813167259786477,0.9812909939594968,0.01868327402135228,0.002976284671059922,0.9884341637010676,0.9884900506049815,0.011565836298932375,0.3,0.5,1e-06,0.1,0.02,1.15,1,,,
optdigits,uncertainty,1002,60,59,70401,73284,2.0645067672502337,2950,1221.4,0.3622182680901542,1,39,68718,0.0016427187028394167,0.9973309608540926,0.9973432172983342,0.002669039145907437,0.003264668797448605,0.9839857651245552,0.9839824510803814,0.016014234875444844,0.0033914038787005015,0.9839857651245552,0.9840343991862209,0.016014234875444844,0.3,0.5,1e-06,0.1,0.02,1.3,1,,,
optdigits,uncertainty,1002,60,60,137641,137641,3.6573700081381766,3372,2294.016666666667,0.6803133649663899,1,18,28773,0.0007309960220539469,1.0,1.0,0.0,0.0023461781692997534,0.9839857651245552,0.9839669390630869,0.016014234875444844,0.0026735229271284185,0.9857651245551602,0.9858067671576606,0.014234875444839812,0.3,0.5,1e-06,0.1,0.05,1.05,1,,,
optdigits,uncertainty,1002,60,60,140000,140000,3.873021811429039,3372,2333.3333333333335,0.6919731119019376,1,18,28773,0.000689495897260653,1.0,1.0,0.0,0.0023218717902459473,0.9857651245551602,0.9857895380221372,0.014234875444839812,0.0026704326489813447,0.9848754448398577,0.9849387664086857,0.015124555160142328,0.3,0.5,1e-06,0.1,0.05,1.15,1,,,
optdigits,uncertainty,1002,60,59,114883,118255,3.6203815006608355,3372,1970.9166666666667,0.5844948596283116,1,18,28773,0.0007328388924343041,1.0,1.0,0.0,0.002345384493558479,0.9884341637010676,0.9884351880255784,0.011565836298932375,0.0026531563691339303,0.9857651245551602,0.9858340002983519,0.014234875444839812,0.3,0.5,1e-06,0.1,0.05,1.3,1,,,
optdigits,uncertainty,1002,60,60,160492,160492,4.106851596200955,3372,2674.866666666667,0.7932582048240412,1,10,15185,0.0006434057955503486,1.0,1.0,0.0,0.0023840645889176915,0.9848754448398577,0.9849244173935047,0.015124555160142328,0.0026423721184608943,0.9839857651245552,0.9840741337020663,0.016014234875444844,0.3,0.5,1e-06,0.1,0.1,1.05,1,,,
optdigits,uncertainty,1002,60,58,146328,153072,4.015812679457735,3372,2551.2,0.7565836298932384,1,10,15185,0.0006656089961992897,1.0,1.0,0.0,0.002390928911758288,0.9848754448398577,0.9848763894170867,0.015124555160142328,0.002672961046498243,0.9839857651245552,0.9840565227584323,0.016014234875444844,0.3,0.5,1e-06,0.1,0.1,1.15,1,,,
optdigits,uncertainty,1002,60,59,135536,138908,3.8201004622026384,3372,2315.133333333333,0.6865757216291024,1,10,15185,0.0007024261035132984,1.0,1.0,0.0,0.0025242857940498626,0.9822064056939501,0.982251907253468,0.017793594306049876,0.0026833382826943497,0.9813167259786477,0.9814311218415608,0.01868327402135228,0.3,0.5,1e-06,0.1,0.1,1.3,1,,,
optdigits,uncertainty,1002,60,57,121544,131660,3.3882373550280342,3372,2194.3333333333335,0.6507512850929221,1,41,55678,0.0008082016665535974,1.0,1.0,0.0,0.0026814094884566294,0.9839857651245552,0.9839757016500996,0.016014234875444844,0.00273837907701281,0.9830960854092526,0.9831399169240254,0.01690391459074736,0.3,0.5,1e-06,0.2,0.02,1.05,1,,,
optdigits,uncertainty,1002,60,59,111412,114784,3.0965838973026583,3372,1913.0666666666666,0.5673388691182285,1,41,55678,0.0008748533368768025,1.0,1.0,0.0,0.002773360684803047,0.9830960854092526,0.9830818510476764,0.01690391459074736,0.0027090567554742045,0.9848754448398577,0.9849016667282922,0.015124555160142328,0.3,0.5,1e-06,0.2,0.02,1.15,1,,,
optdigits,uncertainty,1002,60,59,90887,94107,2.6684110648920782,3287,1568.45,0.4651393831553974,1,39,55575,0.0011010495362763246,1.0,1.0,0.0,0.0029554813963594984,0.9822064056939501,0.9821609280478267,0.017793594306049876,0.002938052765594036,0.9830960854092526,0.9831357167866874,0.01690391459074736,0.3,0.5,1e-06,0.2,0.02,1.3,1,,,
optdigits,uncertainty,1002,60,59,159878,163250,4.101615454883203,3372,2720.8333333333335,0.8068900751285093,1,16,22888,0.000635887472800849,1.0,1.0,0.0,0.002480660896182588,0.9822064056939501,0.9822098238324963,0.017793594306049876,0.0026081658860065845,0.9830960854092526,0.9831874814048206,0.01690391459074736,0.3,0.5,1e-06,0.2,0.05,1.05,1,,,
optdigits,uncertainty,1002,60,59,148078,151450,3.748458464860085,3372,2524.1666666666665,0.7485666271253459,1,16,22888,0.0007018869719114989,1.0,1.0,0.0,0.0024199306688193157,0.9839857651245552,0.9840076092662701,0.016014234875444844,0.0026309941612366705,0.9839857651245552,0.9840377943415664,0.016014234875444844,0.3,0.5,1e-06,0.2,0.05,1.15,1,,,
optdigits,uncertainty,1002,60,60,135431,135431,3.537897064144685,3372,2257.1833333333334,0.6693900751285093,1,16,22888,0.0007253011399492527,1.0,1.0,0.0,0.0025334640062697673,0.9830960854092526,0.9830858259059292,0.01690391459074736,0.0025660407736472547,0.9848754448398577,0.9849180586185206,0.015124555160142328,0.3,0.5,1e-06,0.2,0.05,1.3,1,,,
optdigits,uncertainty,1002,60,56,166225,179713,4.058551920492487,3372,2995.2166666666667,0.8882611704230922,1,9,12150,0.0006729520257335301,0.9997034400948992,0.9997049833019679,0.00029655990510080166,0.002430103541555801,0.9857651245551602,0.9858014779571975,0.014234875444839812,0.0027312107364401285,0.9839857651245552,0.9840380922408422,0.016014234875444844,0.3,0.5,1e-06,0.2,0.1,1.05,1,,,
optdigits,uncertainty,1002,60,59,163862,167234,3.7105572265274875,3372,2787.233333333333,0.8265816528272044,1,9,12150,0.0007289263402166158,1.0,1.0,0.0,0.002501282421793299,0.9830960854092526,0.9830940340272901,0.01690391459074736,0.0027047228992969977,0.9848754448398577,0.9849273609211725,0.015124555160142328,0.3,0.5,1e-06,0.2,0.1,1.15,1,,,
optdigits,uncertainty,1002,60,58,146661,153405,3.660051200817753,3372,2556.75,0.7582295373665481,1,9,12150,0.000712378672357012,1.0,1.0,0.0,0.0024735171377125377,0.9830960854092526,0.9830688392530942,0.01690391459074736,0.0026073424151972385,0.9848754448398577,0.9848820359419241,0.015124555160142328,0.3,0.5,1e-06,0.2,0.1,1.3,1,,,
auto_mpg,uncertainty,1000,200,199,40830,41547,1.0889541361654784,239,69.245,0.28972803347280335,1,46,15801,0.0042154732978553445,,,,0.005158692631631273,,,,0.004590457083594708,,,,0.05,0.9,1e-06,0.05,0.02,1.05,3,2.8080787508044605,3.1063897028151137,2.9303134437175187
auto_mpg,uncertainty,1000,200,194,44082,48384,1.198539463471612,239,80.64,0.3374058577405858,1,46,15801,0.003974602191754672,,,,0.0046293180914016374,,,,0.004763717578418737,,,,0.05,0.9,1e-06,0.05,0.02,1.15,3,2.7266722964658037,2.942690745278456,2.9851015833269225
auto_mpg,uncertainty,1000,200,193,21153,22140,1.0575902474430854,47,36.9,0.15439330543933052,1,7,4452,0.005490741002209765,,,,0.005792269103242627,,,,0.005806954135172919,,,,0.05,0.9,1e-06,0.05,0.02,1.3,3,3.2048048639419537,3.29162594691959,3.2957959045539202
auto_mpg,uncertainty,1000,200,200,61266,61266,1.3864196514718268,239,102.11,0.42723849372384937,1,19,6783,0.004423444844799697,,,,0.004076784791084929,,,,0.006132750860032044,,,,0.05,0.9,1e-06,0.05,0.05,1.05,3,2.8765135229128735,2.7614997285485656,3.3869888958511054
auto_mpg,uncertainty,1000,200,197,31788,32328,1.1840279409965497,60,53.88,0.22543933054393306,1,4,2508,0.007718078411125441,,,,0.00501183934122999,,,,0.009138420489574778,,,,0.05,0.9,1e-06,0.05,0.05,1.15,3,3.7996247246156867,3.0618554387380086,4.134487474528157
auto_mpg,uncertainty,1000,200,191,32436,34056,1.2448781963234499,60,56.76,0.23748953974895395,1,4,2508,0.00552741457005922,,,,0.004679568037035753,,,,0.0068809578803072785,,,,0.05,0.9,1e-06,0.05,0.05,1.3,3,3.215489763116406,2.9586186787549504,3.5876540768282386
auto_mpg,uncertainty,1000,200,142,59919,101505,1.4661506683620231,239,169.175,0.7078451882845189,1,10,3570,0.003811743671411766,,,,0.004440360145128103,,,,0.0055885905314650725,,,,0.05,0.9,1e-06,0.05,0.1,1.05,3,2.670225603082101,2.8820081842304313,3.2332348934176793
auto_mpg,uncertainty,1000,200,147,54180,75168,1.47099786010219,132,125.28,0.52418410041841,1,5,2685,0.006118713602571681,,,,0.005146155624155337,,,,0.009000614615961106,,,,0.05,0.9,1e-06,0.05,0.1,1.15,3,3.3831104346755354,3.1026127263500145,4.103195361857481
auto_mpg,uncertainty,1000,200,137,42876,63504,1.625906644725419,180,105.84,0.44284518828451885,1,7,3255,0.004404637334172928,,,,0.005466335061558386,,,,0.007161529109237419,,,,0.05,0.9,1e-06,0.05,0.1,1.3,3,2.8703918588589694,3.1976743703176385,3.660066637972309
auto_mpg,uncertainty,1000,200,145,70245,109680,1.38862204854705,239,182.8,0.7648535564853557,1,43,14190,0.0035999207058442593,,,,0.004307326210475096,,,,0.004998929265156398,,,,0.05,0.9,1e-06,0.1,0.02,1.05,3,2.594971420907329,2.8385071577471535,3.057909355025769
auto_mpg,uncertainty,1000,200,178,70146,85920,1.284672590979792,239,143.2,0.599163179916318,1,43,14190,0.00390775007746692,,,,0.004952116824091544,,,,0.005020179416920911,,,,0.05,0.9,1e-06,0.1,0.02,1.15,3,2.7036439769839733,3.043557790935592,3.064401958060352
auto_mpg,uncertainty,1000,200,199,43593,44295,0.9708508511219206,239,73.825,0.30889121338912134,1,43,14190,0.0056864294919799566,,,,0.007583910989029346,,,,0.005520674912133532,,,,0.05,0.9,1e-06,0.1,0.02,1.3,3,3.261414074690878,3.7664544998467995,3.213528818188469
auto_mpg,uncertainty,1000,200,119,60240,118317,1.4064723612018235,239,197.195,0.8250836820083681,1,18,6102,0.004851487638430672,,,,0.004618004406485078,,,,0.006823483274165046,,,,0.05,0.9,1e-06,0.1,0.05,1.05,3,3.012475866403244,2.93909269462631,3.5726393509603445
auto_mpg,uncertainty,1000,200,186,94107,104145,1.4407374856353217,239,173.575,0.726255230125523,1,18,6102,0.0036896845067837004,,,,0.004306178280547223,,,,0.005315866779091151,,,,0.05,0.9,1e-06,0.1,0.05,1.15,3,2.6271249447296157,2.838128892405367,3.1533571082203316
auto_mpg,uncertainty,1000,200,173,70272,89631,1.2778449727048793,239,149.385,0.625041841004184,1,18,6102,0.0038728974280118717,,,,0.00509691866835556,,,,0.004948962508186628,,,,0.05,0.9,1e-06,0.1,0.05,1.3,3,2.6915602715126883,3.0877345945815753,3.042588319460891
auto_mpg,uncertainty,1000,200,115,64197,125142,1.45560073440317,239,208.57,0.8726778242677824,1,9,3213,0.0035892811328111303,,,,0.004395844181977121,,,,0.0052245602528993235,,,,0.05,0.9,1e-06,0.1,0.1,1.05,3,2.591133861650922,2.86752528892939,3.1261584233790822
auto_mpg,uncertainty,1000,200,122,60474,116400,1.365910427864562,239,194.0,0.8117154811715481,1,9,3213,0.003712457063628896,,,,0.005047200054337655,,,,0.005070883816210161,,,,0.05,0.9,1e-06,0.1,0.1,1.15,3,2.6352197187491457,3.0726378165416732,3.0798384873982627
auto_mpg,uncertainty,1000,200,162,60573,87819,1.2869819126182502,239,146.365,0.6124058577405858,1,9,3213,0.003914428942152199,,,,0.005160007606597442,,,,0.005037799246779271,,,,0.05,0.9,1e-06,0.1,0.1,1.3,3,2.7059534342084626,3.1067855942462343,3.06977496790132
auto_mpg,uncertainty,1000,200,182,52068,64035,1.179168247879947,239,106.725,0.4465481171548117,1,39,11232,0.0040793055296822305,,,,0.00536186229669502,,,,0.004810187554002375,,,,0.05,0.9,1e-06,0.2,0.02,1.05,3,2.762353335449,3.166969930763723,2.9996260527745067
auto_mpg,uncertainty,1000,200,199,49941,50295,1.054666849358083,118,83.825,0.35073221757322176,1,14,6657,0.004667875842296472,,,,0.00605235221648886,,,,0.004923053907789529,,,,0.05,0.9,1e-06,0.2,0.02,1.15,3,2.954920219778479,3.3647144147692445,3.034613653397999
auto_mpg,uncertainty,1000,200,185,36720,40005,1.1248896374934412,73,66.675,0.27897489539748954,1,5,2715,0.0055085898088371235,,,,0.0052134725775356515,,,,0.006196555593162857,,,,0.05,0.9,1e-06,0.2,0.02,1.3,3,3.210009583208887,3.1228394608619467,3.404562309862414
auto_mpg,uncertainty,1000,200,157,92976,123807,1.4221067138939416,239,206.345,0.8633682008368201,1,16,4848,0.0034471750003583278,,,,0.004798781730942756,,,,0.004902250711976928,,,,0.05,0.9,1e-06,0.2,0.05,1.05,3,2.5393220131774887,2.996067614655352,3.0281952294101417
auto_mpg,uncertainty,1000,200,126,69996,123054,1.4551909297330883,239,205.09,0.8581171548117155,1,16,4848,0.004064359122422629,,,,0.004429803096701619,,,,0.005914418530127345,,,,0.05,0.9,1e-06,0.2,0.05,1.15,3,2.757288117142763,2.8785801283052592,3.32615235847087
auto_mpg,uncertainty,1000,200,197,65592,66672,1.4029404974120288,120,111.12,0.46493723849372387,1,6,2898,0.004392841528261596,,,,0.004349621379945672,,,,0.00616289527871154,,,,0.05,0.9,1e-06,0.2,0.05,1.3,3,2.86654576645984,2.8524092698146646,3.3953027552465556
auto_mpg,uncertainty,1000,200,103,70008,139557,1.4748628986755898,239,232.595,0.9732008368200836,1,8,2568,0.0035082326877870808,,,,0.0045558047095820755,,,,0.00517416223113811,,,,0.05,0.9,1e-06,0.2,0.1,1.05,3,2.561712026565188,2.919232338658166,3.111043850299009
auto_mpg,uncertainty,1000,200,129,70146,121053,1.3881724095241057,239,201.755,0.844163179916318,1,8,2568,0.0035794790121463516,,,,0.004503251168964187,,,,0.004968934005132167,,,,0.05,0.9,1e-06,0.2,0.1,1.15,3,2.5875933238548146,2.902346079423605,3.04872130818398
auto_mpg,uncertainty,1000,200,119,63771,121848,1.270359674148607,239,203.08,0.8497071129707113,1,8,2568,0.003970089938186363,,,,0.005683227934504211,,,,0.005043442160215092,,,,0.05,0.9,1e-06,0.2,0.1,1.3,3,2.725124099926227,3.2604958293541846,3.071493736900231
auto_mpg,uncertainty,1001,200,183,42813,47250,0.5997324121607759,87,78.75,0.3294979079497908,1,15,8640,0.005040678671648675,,,,0.003387425160845515,,,,0.003023058378675235,,,,0.05,0.9,1e-06,0.05,0.02,1.05,3,3.2481464717862796,2.6627227748532545,2.515442332417091
auto_mpg,uncertainty,1001,200,157,14622,26715,0.6525629743016537,107,44.525,0.18629707112970711,1,19,10374,0.006755702803464154,,,,0.0058957157520353924,,,,0.004408521514926589,,,,0.05,0.9,1e-06,0.05,0.02,1.15,3,3.7603335223189562,3.5128480683406416,3.03764893681545
auto_mpg,uncertainty,1001,200,173,16953,20760,0.611383496799448,47,34.6,0.14476987447698744,1,7,4452,0.005356628715956972,,,,0.004081893177774774,,,,0.0032749543954181106,,,,0.05,0.9,1e-06,0.05,0.02,1.3,3,3.3483964358768348,2.9229535643602365,2.6181451896829215
auto_mpg,uncertainty,1001,200,199,69480,69876,0.5775991172893863,132,116.46,0.48728033472803345,1,10,5190,0.004780565309712465,,,,0.0035468796723535046,,,,0.0027612503030341818,,,,0.05,0.9,1e-06,0.05,0.05,1.05,3,3.1632296752781084,2.7246726104644954,2.4040527162261816
auto_mpg,uncertainty,1001,200,138,34308,52164,0.6066207497442533,96,86.94,0.36376569037656903,1,7,4011,0.005298115630045231,,,,0.004246849414610622,,,,0.003213946875729785,,,,0.05,0.9,1e-06,0.05,0.05,1.15,3,3.330058129509385,2.981429397599152,2.593644478833245
auto_mpg,uncertainty,1001,200,190,17352,18432,0.6910408595949982,36,30.72,0.1285355648535565,1,2,1326,0.006557925800615171,,,,0.005672674230694572,,,,0.0045317946824173245,,,,0.05,0.9,1e-06,0.05,0.05,1.3,3,3.7048817216005823,3.445759960731907,3.079826213841799
auto_mpg,uncertainty,1001,200,195,62388,64008,0.6286017990681604,108,106.68,0.4463598326359833,1,4,2292,0.0053160256663604575,,,,0.0039008323310396123,,,,0.0033416632977666997,,,,0.05,0.9,1e-06,0.05,0.1,1.05,3,3.3356819349717064,2.857391445162283,2.6446758092782963
auto_mpg,uncertainty,1001,200,177,61092,70200,0.7532945438965789,132,117.0,0.4895397489539749,1,5,2685,0.006974094582739054,,,,0.005424110442366449,,,,0.005253547397796017,,,,0.05,0.9,1e-06,0.05,0.1,1.15,3,3.8206302938892507,3.3694216362419867,3.316022172769571
auto_mpg,uncertainty,1001,200,189,28404,31176,0.7034080459566591,84,51.96,0.21740585774058577,1,3,1827,0.006514826163775847,,,,0.005434181303643275,,,,0.004582581141608886,,,,0.05,0.9,1e-06,0.05,0.1,1.3,3,3.692687143181519,3.3725481619773574,3.0970354761785903
auto_mpg,uncertainty,1001,200,172,18174,22290,0.7523974780131415,49,37.15,0.15543933054393305,1,5,3075,0.0070797015341944325,,,,0.005715412834470669,,,,0.00532674957941366,,,,0.05,0.9,1e-06,0.1,0.02,1.05,3,3.8494490245247874,3.458715986583643,3.339044742371912
auto_mpg,uncertainty,1001,200,200,31605,31605,0.6506624651514206,59,52.675,0.22039748953974894,1,7,4200,0.005592675298089136,,,,0.0040865566672183455,,,,0.003638943896246133,,,,0.05,0.9,1e-06,0.1,0.02,1.15,3,3.4213767610578483,2.924622798632278,2.759807422418577
auto_mpg,uncertainty,1001,200,182,20469,22575,0.7073234038793015,39,37.625,0.1574267782426778,1,3,1890,0.006172759302871847,,,,0.004553687041437748,,,,0.004366137121434939,,,,0.05,0.9,1e-06,0.1,0.02,1.3,3,3.594436119667062,3.0872563196419724,3.0230113924253437
auto_mpg,uncertainty,1001,200,197,20916,21240,0.7009486106990535,36,35.4,0.14811715481171547,1,1,645,0.006178994949918014,,,,0.004610904687815418,,,,0.004331157925661499,,,,0.05,0.9,1e-06,0.1,0.05,1.05,3,3.5962511894141618,3.106591652139151,3.0108776520775256
auto_mpg,uncertainty,1001,200,183,30960,34020,0.6518022212609819,60,56.7,0.2372384937238494,1,3,1827,0.005412204216005574,,,,0.004049375816118164,,,,0.003527686729910484,,,,0.05,0.9,1e-06,0.1,0.05,1.15,3,3.365721570014841,2.9112878025237947,2.71729071063868
auto_mpg,uncertainty,1001,200,180,24552,27432,0.8277213140698451,48,45.72,0.19129707112970712,1,2,1254,0.008869917755008918,,,,0.007359215030902839,,,,0.007341819979867431,,,,0.05,0.9,1e-06,0.1,0.05,1.3,3,4.308746016080938,3.9247034296388654,3.920062254813216
auto_mpg,uncertainty,1001,200,198,27792,28080,0.6162008778439837,48,46.8,0.19581589958158996,1,1,645,0.0066220619706351585,,,,0.004835477338108087,,,,0.004080520399442645,,,,0.05,0.9,1e-06,0.1,0.1,1.05,3,3.722954415972958,3.181345043530151,2.9224620149042866
auto_mpg,uncertainty,1001,200,188,38088,40680,0.6416901036880971,72,67.8,0.28368200836820084,1,2,1218,0.0057036650758739505,,,,0.0040486355478895585,,,,0.0036599854339397333,,,,0.05,0.9,1e-06,0.1,0.1,1.15,3,3.455159545212264,2.911021683439439,2.7677749659835937
auto_mpg,uncertainty,1001,200,168,22968,27576,0.8146445920499804,48,45.96,0.19230125523012553,1,1,645,0.007505296170794119,,,,0.005957293547593114,,,,0.006114148937270855,,,,0.05,0.9,1e-06,0.1,0.1,1.3,3,3.9634648940646326,3.5311453844268597,3.5773308289863937
auto_mpg,uncertainty,1001,200,157,22608,28800,0.6032065104948156,48,48.0,0.200836820083682,1,0,0,0.005239606373251686,,,,0.0036935596086648233,,,,0.0031605646767755456,,,,0.05,0.9,1e-06,0.2,0.02,1.05,3,3.3116194851785288,2.7804408118877513,2.5720146585475585
auto_mpg,uncertainty,1001,200,157,22608,28800,0.6032065104948156,48,48.0,0.200836820083682,1,0,0,0.005239606373251686,,,,0.0036935596086648233,,,,0.0031605646767755456,,,,0.05,0.9,1e-06,0.2,0.02,1.15,3,3.3116194851785288,2.7804408118877513,2.5720146585475585
auto_mpg,uncertainty,1001,200,157,22608,28800,0.6032065104948156,48,48.0,0.200836820083682,1,0,0,0.005239606373251686,,,,0.0036935596086648233,,,,0.0031605646767755456,,,,0.05,0.9,1e-06,0.2,0.02,1.3,3,3.3116194851785288,2.7804408118877513,2.5720146585475585
auto_mpg,uncertainty,1001,200,157,22608,28800,0.6032065104948156,48,48.0,0.200836820083682,1,0,0,0.005239606373251686,,,,0.0036935596086648233,,,,0.0031605646767755456,,,,0.05,0.9,1e-06,0.2,0.05,1.05,3,3.3116194851785288,2.7804408118877513,2.5720146585475585
auto_mpg,uncertainty,1001,200,157,22608,28800,0.6032065104948156,48,48.0,0.200836820083682,1,0,0,0.005239606373251686,,,,0.0036935596086648233,,,,0.0031605646767755456,,,,0.05,0.9,1e-06,0.2,0.05,1.15,3,3.3116194851785288,2.7804408118877513,2.5720146585475585
auto_mpg,uncertainty,1001,200,157,22608,28800,0.6032065104948156,48,48.0,0.200836820083682,1,0,0,0.005239606373251686,,,,0.0036935596086648233,,,,0.0031605646767755456,,,,0.05,0.9,1e-06,0.2,0.05,1.3,3,3.3116194851785288,2.7804408118877513,2.5720146585475585
auto_mpg,uncertainty,1001,200,157,22608,28800,0.6032065104948156,48,48.0,0.200836820083682,1,0,0,0.005239606373251686,,,,0.0036935596086648233,,,,0.0031605646767755456,,,,0.05,0.9,1e-06,0.2,0.1,1.05,3,3.3116194851785288,2.7804408118877513,2.5720146585475585
auto_mpg,uncertainty,1001,200,157,22608,28800,0.6032065104948156,48,48.0,0.200836820083682,1,0,0,0.005239606373251686,,,,0.0036935596086648233,,,,0.0031605646767755456,,,,0.05,0.9,1e-06,0.2,0.1,1.15,3,3.3116194851785288,2.7804408118877513,2.5720146585475585
auto_mpg,uncertainty,1001,200,157,22608,28800,0.6032065104948156,48,48.0,0.200836820083682,1,0,0,0.005239606373251686,,,,0.0036935596086648233,,,,0.0031605646767755456,,,,0.05,0.9,1e-06,0.2,0.1,1.3,3,3.3116194851785288,2.7804408118877513,2.5720146585475585
auto_mpg,uncertainty,1002,200,193,42753,44370,0.9013625544220782,77,73.95,0.3094142259414226,1,13,7683,0.005611516974058037,,,,0.00488626035101109,,,,0.005058011273919803,,,,0.05,0.9,1e-06,0.05,0.02,1.05,3,3.427135209838437,3.198006927124791,3.2537261289203134
auto_mpg,uncertainty,1002,200,175,16650,19050,0.8346070725585554,32,31.75,0.13284518828451883,1,4,2634,0.006783393155302549,,,,0.005912435232443375,,,,0.005661467903360803,,,,0.05,0.9,1e-06,0.05,0.02,1.15,3,3.7680320906436613,3.5178255313056686,3.4423547410861244
auto_mpg,uncertainty,1002,200,192,21012,21900,0.7803722820309493,37,36.5,0.15271966527196654,1,5,3255,0.006684216046033859,,,,0.00593460749583715,,,,0.005216176929431332,,,,0.05,0.9,1e-06,0.05,0.02,1.3,3,3.7403852673022526,3.524415469514859,3.3042070643889536
auto_mpg,uncertainty,1002,200,183,94284,104076,1.0811315430184436,192,173.46,0.7257740585774058,1,15,6435,0.0038753111475832644,,,,0.004115458473161141,,,,0.00418972112066327,,,,0.05,0.9,1e-06,0.05,0.05,1.05,3,2.84802886903179,2.9349466435492215,2.9613085221094857
auto_mpg,uncertainty,1002,200,197,39888,40536,0.944942218168074,72,67.56,0.28267782426778243,1,5,3045,0.004893580212068628,,,,0.004206893733553215,,,,0.0046241505403755235,,,,0.05,0.9,1e-06,0.05,0.05,1.15,3,3.2004014174198363,2.9673711455066125,3.1110506409273935
auto_mpg,uncertainty,1002,200,194,27684,28548,1.0911506763386043,48,47.58,0.1990794979079498,1,3,1935,0.007437035651816142,,,,0.007781910791661924,,,,0.008114926481433495,,,,0.05,0.9,1e-06,0.05,0.05,1.3,3,3.945399907991511,4.035842620367262,4.121292067852677
auto_mpg,uncertainty,1002,200,189,72756,77112,0.9934777441816907,132,128.52,0.5377405857740586,1,5,2685,0.003918657402280201,,,,0.0036950100476592315,,,,0.0038930989162382183,,,,0.05,0.9,1e-06,0.05,0.1,1.05,3,2.86391250897441,2.7809866896263187,2.8545576453049355
auto_mpg,uncertainty,1002,200,189,72756,77112,0.9934777441816907,132,128.52,0.5377405857740586,1,5,2685,0.003918657402280201,,,,0.0036950100476592315,,,,0.0038930989162382183,,,,0.05,0.9,1e-06,0.05,0.1,1.15,3,2.86391250897441,2.7809866896263187,2.8545576453049355
auto_mpg,uncertainty,1002,200,196,62496,63792,1.183248084572755,108,106.32,0.44485355648535563,1,4,2292,0.0070442086615849385,,,,0.007976801661258585,,,,0.00833504640615119,,,,0.05,0.9,1e-06,0.05,0.1,1.3,3,3.8397876232597326,4.086067109962592,4.176813745964121
auto_mpg,uncertainty,1002,200,184,41763,45555,0.8816136296315006,79,75.925,0.3176778242677824,1,11,6270,0.005024053980197285,,,,0.0045051031346365214,,,,0.004429274464946315,,,,0.05,0.9,1e-06,0.1,0.02,1.05,3,3.2427856827003967,3.070742976828271,3.044790351532712
auto_mpg,uncertainty,1002,200,173,26931,31305,0.990891403451147,54,52.175,0.21830543933054392,1,6,3645,0.004416488414231523,,,,0.0044660925351107375,,,,0.004376260403103604,,,,0.05,0.9,1e-06,0.1,0.02,1.15,3,3.040392455179507,3.0574189779567695,3.0265139252894637
auto_mpg,uncertainty,1002,200,187,19014,20340,1.005914535643711,34,33.9,0.14184100418410042,1,2,1275,0.004888935819183642,,,,0.004435633769526239,,,,0.004917851604346019,,,,0.05,0.9,1e-06,0.1,0.02,1.3,3,3.1988823404495617,3.0469753374008484,3.208328345668736
auto_mpg,uncertainty,1002,200,188,69552,75168,0.9744678370719221,156,125.28,0.52418410041841,1,11,5115,0.00394547327796324,,,,0.0040004275933003715,,,,0.0038447368114019045,,,,0.05,0.9,1e-06,0.1,0.05,1.05,3,2.873694862517058,2.893638709221015,2.836771834729557
auto_mpg,uncertainty,1002,200,176,30024,34344,1.0519912212780251,60,57.24,0.2394979079497908,1,3,1827,0.005235784915665817,,,,0.005651005879168021,,,,0.005507999767780345,,,,0.05,0.9,1e-06,0.1,0.05,1.15,3,3.310411615652317,3.439172646577388,3.3953774111208532
auto_mpg,uncertainty,1002,200,196,28116,28692,1.0217272023313941,48,47.82,0.2000836820083682,1,2,1254,0.0048021898203202485,,,,0.004464796288947615,,,,0.004906527970180108,,,,0.05,0.9,1e-06,0.1,0.05,1.3,3,3.1703759131677187,3.056975250559843,3.2046325373722806
auto_mpg,uncertainty,1002,200,132,26064,40752,0.895671523843388,72,67.92,0.28418410041841,1,2,1218,0.005049614731174885,,,,0.00449165512120025,,,,0.0045227961210934295,,,,0.05,0.9,1e-06,0.1,0.1,1.05,3,3.2510243360008446,3.066156371928411,3.07676696488475
auto_mpg,uncertainty,1002,200,124,23976,40392,1.1297041043460927,72,67.32,0.281673640167364,1,2,1218,0.008181911051351345,,,,0.009973293979471961,,,,0.009243138496106269,,,,0.05,0.9,1e-06,0.1,0.1,1.15,3,4.138266690284602,4.568886913670389,4.398461841201584
auto_mpg,uncertainty,1002,200,118,21384,39096,1.0051342045788967,72,65.16,0.27263598326359834,1,2,1218,0.004438773160462217,,,,0.004513534077011789,,,,0.004461562729947346,,,,0.05,0.9,1e-06,0.1,0.1,1.3,3,3.048053419507268,3.0736149594680024,3.055868066761132
auto_mpg,uncertainty,1002,200,170,56835,67515,1.0166021451017875,123,112.525,0.47081589958159,1,15,7020,0.003704529076418015,,,,0.0037573856260476194,,,,0.0037660322056784976,,,,0.05,0.9,1e-06,0.2,0.02,1.05,3,2.7845665533454538,2.8043614160659285,2.807586291371638
auto_mpg,uncertainty,1002,200,200,55845,55845,1.0438262555258322,108,93.075,0.3894351464435147,1,12,5886,0.0041264029918047195,,,,0.003965727729979692,,,,0.004307247783726111,,,,0.05,0.9,1e-06,0.2,0.02,1.15,3,2.938846604032654,2.8810616093430945,3.002555380725763
auto_mpg,uncertainty,1002,200,195,36675,37620,1.0641058393251634,63,62.7,0.2623430962343096,1,3,1674,0.004850869993815858,,,,0.004774788274924208,,,,0.005161839086226673,,,,0.05,0.9,1e-06,0.2,0.02,1.3,3,3.186404568856755,3.161317808079971,3.2869517523710807
auto_mpg,uncertainty,1002,200,198,61704,62568,0.966480623767668,144,104.28,0.4363179916317992,1,8,3576,0.004131246086483817,,,,0.003897255896536664,,,,0.003992769294602617,,,,0.05,0.9,1e-06,0.2,0.05,1.05,3,2.9405707374404435,2.8560812610891815,2.8908676347567677
auto_mpg,uncertainty,1002,200,200,49500,49500,0.9548978457336731,84,82.5,0.34518828451882844,1,3,1611,0.004142356735491732,,,,0.003832121704216961,,,,0.003955527522981425,,,,0.05,0.9,1e-06,0.2,0.05,1.15,3,2.944522294817984,2.832114092781682,2.877354049481973
auto_mpg,uncertainty,1002,200,175,37548,42948,0.8885088380593669,72,71.58,0.2994979079497908,1,2,1110,0.004638366059307349,,,,0.004077476148937727,,,,0.004121229237849177,,,,0.05,0.9,1e-06,0.2,0.05,1.3,3,3.1158289523029,2.921371667896088,2.937003638343966
auto_mpg,uncertainty,1002,200,159,87999,117396,1.0813096888987646,239,195.66,0.8186610878661088,1,8,2568,0.0035024377807601993,,,,0.0038445071626506417,,,,0.00378721990710109,,,,0.05,0.9,1e-06,0.2,0.1,1.05,3,2.7075489243026425,2.8366871123064414,2.815472956149069
auto_mpg,uncertainty,1002,200,199,42768,42984,0.9383243291433956,72,71.64,0.2997489539748954,1,1,573,0.0042904825786223575,,,,0.003955654315130501,,,,0.00402586418728725,,,,0.05,0.9,1e-06,0.2,0.1,1.15,3,2.9967062238761004,2.877400165073123,2.902823687464314
auto_mpg,uncertainty,1002,200,199,42768,42984,0.9383243291433956,72,71.64,0.2997489539748954,1,1,573,0.0042904825786223575,,,,0.003955654315130501,,,,0.00402586418728725,,,,0.05,0.9,1e-06,0.2,0.1,1.3,3,2.9967062238761004,2.877400165073123,2.902823687464314
auto_mpg,uncertainty,1003,200,197,110913,113064,1.3486915782789437,239,188.44,0.7884518828451883,1,46,15801,0.004123858699596758,,,,0.005428906188898326,,,,0.0055618134981585046,,,,0.05,0.9,1e-06,0.05,0.02,1.05,3,2.737261443509195,3.140657376826362,3.17886879295177
auto_mpg,uncertainty,1003,200,186,56001,60705,1.3685527218777649,112,101.175,0.42332635983263595,1,20,10770,0.0056071992104964495,,,,0.006758655093183496,,,,0.00767374774163577,,,,0.05,0.9,1e-06,0.05,0.02,1.15,3,3.1918126007111387,3.5042455787820574,3.733947017619955
auto_mpg,uncertainty,1003,200,193,46488,48315,1.391081797837735,87,80.525,0.3369246861924686,1,15,8640,0.005326936367299845,,,,0.007388481472821514,,,,0.007410204218790681,,,,0.05,0.9,1e-06,0.05,0.02,1.3,3,3.11102245985442,3.6638862865754445,3.6692683977131235
auto_mpg,uncertainty,1003,200,190,127920,135090,1.3614822406480591,239,225.15,0.9420502092050209,1,19,6783,0.003914832180878143,,,,0.0052108989113539405,,,,0.005329974489383102,,,,0.05,0.9,1e-06,0.05,0.05,1.05,3,2.6669874180216526,3.076951962553475,3.111909491172473
auto_mpg,uncertainty,1003,200,186,64080,69120,1.390719578083642,120,115.2,0.4820083682008368,1,9,4833,0.0053022259168931125,,,,0.00626936100364456,,,,0.007373909390045742,,,,0.05,0.9,1e-06,0.05,0.05,1.15,3,3.1037984084078536,3.3750175158452724,3.6602714162167778
auto_mpg,uncertainty,1003,200,200,68076,68076,1.3760530772264767,132,113.46,0.47472803347280335,1,10,5190,0.00488158901819832,,,,0.005583738894145919,,,,0.006717325590246774,,,,0.05,0.9,1e-06,0.05,0.05,1.3,3,2.978139238227031,3.185128388184939,3.49351483322913
auto_mpg,uncertainty,1003,200,182,126426,139332,1.355894971707063,239,232.22,0.9716317991631799,1,10,3570,0.004290612326652983,,,,0.00489026756122832,,,,0.005817619679253122,,,,0.05,0.9,1e-06,0.05,0.1,1.05,3,2.79205539196579,2.98078534714215,3.25115035872697
auto_mpg,uncertainty,1003,200,174,111621,130263,1.339331777388481,239,217.105,0.9083891213389121,1,10,3570,0.0038319474265091154,,,,0.004901614272335093,,,,0.005132248957605669,,,,0.05,0.9,1e-06,0.05,0.1,1.15,3,2.638603675188316,2.9842414478007346,3.053642909090676
auto_mpg,uncertainty,1003,200,172,111003,131079,1.381497574480861,239,218.465,0.9140794979079498,1,10,3570,0.0037558613597036424,,,,0.0050305188416026134,,,,0.005188713358516971,,,,0.05,0.9,1e-06,0.05,0.1,1.3,3,2.6122766494468577,3.0232271701269235,3.070394869866374
auto_mpg,uncertainty,1003,200,179,91983,107040,1.3672833725806453,239,178.4,0.7464435146443514,1,43,14190,0.00457513941537454,,,,0.005654723889629186,,,,0.006255512049879943,,,,0.05,0.9,1e-06,0.1,0.02,1.05,3,2.883145489194394,3.205310409621945,3.3712877655283897
auto_mpg,uncertainty,1003,200,193,81216,85125,1.412304217232216,199,141.875,0.5936192468619247,1,35,13650,0.004301970269937956,,,,0.005752004662185866,,,,0.00607569075464099,,,,0.05,0.9,1e-06,0.1,0.02,1.15,3,2.7957484601585656,3.2327640411390677,3.32247882950462
auto_mpg,uncertainty,1003,200,200,51045,51045,1.3493766508874574,109,85.075,0.3559623430962343,1,17,8925,0.0048122533611707,,,,0.0056750057580526,,,,0.006493542323718429,,,,0.05,0.9,1e-06,0.1,0.02,1.3,3,2.9569135964778854,3.2110535278358077,3.43482986056147
auto_mpg,uncertainty,1003,200,136,47664,82752,1.4873865954040495,239,137.92,0.5770711297071129,1,18,6102,0.0041113722332835586,,,,0.0053714177101582905,,,,0.006115199948502376,,,,0.05,0.9,1e-06,0.1,0.05,1.05,3,2.733114279816746,3.123984391853705,3.333264084412522
auto_mpg,uncertainty,1003,200,193,61524,63792,1.4370390989800166,108,106.32,0.44485355648535563,1,7,3759,0.004813439050573496,,,,0.005728099007140154,,,,0.006917100116231363,,,,0.05,0.9,1e-06,0.1,0.05,1.15,3,2.9572778504895147,3.2260392721020548,3.5450831236188485
auto_mpg,uncertainty,1003,200,144,50940,75132,1.5285212159479684,144,125.22,0.5239330543933054,1,10,4830,0.004261209865184096,,,,0.006270910123918376,,,,0.006513349684540673,,,,0.05,0.9,1e-06,0.1,0.05,1.3,3,2.7824723278427226,3.3754344630528497,3.440064531253543
auto_mpg,uncertainty,1003,200,167,111681,135342,1.3913366251325334,239,225.57,0.9438075313807531,1,9,3213,0.003771973721323839,,,,0.0051267219191453535,,,,0.005248085187515313,,,,0.05,0.9,1e-06,0.1,0.1,1.05,3,2.617873887722563,3.051998196571747,3.0879113938709346
auto_mpg,uncertainty,1003,200,192,68400,71280,1.3401680826489033,120,118.8,0.497071129707113,1,4,2148,0.00424672921842751,,,,0.0052872577779302515,,,,0.005691330954189071,,,,0.05,0.9,1e-06,0.1,0.1,1.15,3,2.7777405393366963,3.099414313814758,3.215668803598783
auto_mpg,uncertainty,1003,200,186,65016,70056,1.308842526234011,120,116.76,0.4885355648535565,1,4,2148,0.004591128980155128,,,,0.005848251462225056,,,,0.006009064852652416,,,,0.05,0.9,1e-06,0.1,0.1,1.3,3,2.888179219198432,3.259698337938535,3.3042114938062275
auto_mpg,uncertainty,1003,200,188,43347,46335,1.3778910770095443,83,77.225,0.32311715481171543,1,7,3696,0.004380336583189368,,,,0.005752236980504227,,,,0.006035626692275105,,,,0.05,0.9,1e-06,0.2,0.02,1.05,3,2.821097742429584,3.2328293247025024,3.3115062363212298
auto_mpg,uncertainty,1003,200,200,57615,57615,1.4310591294259691,123,96.025,0.4017782426778243,1,15,7020,0.00423200258137325,,,,0.005470158470738832,,,,0.006056245929828457,,,,0.05,0.9,1e-06,0.2,0.02,1.15,3,2.772920088115209,3.1525671511880153,3.3171578878009007
auto_mpg,uncertainty,1003,200,195,34305,35475,1.5893268658882642,78,59.125,0.24738493723849372,1,6,3213,0.0044974131126331455,,,,0.00612602822081135,,,,0.00714785948690602,,,,0.05,0.9,1e-06,0.2,0.02,1.3,3,2.8585499332870214,3.3362139084413593,3.6037312456087593
auto_mpg,uncertainty,1003,200,190,126156,133326,1.3204288220799034,239,222.21,0.9297489539748954,1,16,4848,0.0042249925509566105,,,,0.005899935988104079,,,,0.005578801937356004,,,,0.05,0.9,1e-06,0.2,0.05,1.05,3,2.7706225575721968,3.274070613912659,3.1837199843444086
auto_mpg,uncertainty,1003,200,145,39852,59616,1.2072057278171988,132,99.36,0.41573221757322176,1,7,3255,0.006174769027923128,,,,0.00777768917817696,,,,0.007454216538457037,,,,0.05,0.9,1e-06,0.2,0.05,1.15,3,3.349459651701136,3.759150243338735,3.680148929791095
auto_mpg,uncertainty,1003,200,185,31932,35172,1.5036509870408394,72,58.62,0.24527196652719666,1,2,1110,0.004707053985119998,,,,0.005986565231947172,,,,0.007077766370780202,,,,0.05,0.9,1e-06,0.2,0.05,1.3,3,2.924414857186547,3.2980197461318763,3.5860183163239454
auto_mpg,uncertainty,1003,200,187,126429,135750,1.358004939049919,239,226.25,0.946652719665272,1,8,2568,0.003830641086704329,,,,0.005156245608306917,,,,0.005202029515472027,,,,0.05,0.9,1e-06,0.2,0.1,1.05,3,2.6381538768943913,3.0607734816432037,3.0743322295474864
auto_mpg,uncertainty,1003,200,134,43704,67464,1.5067126080325333,120,112.44,0.47046025104602507,1,3,1503,0.004835094407457863,,,,0.0064834955208418945,,,,0.007285097704744353,,,,0.05,0.9,1e-06,0.2,0.1,1.15,3,2.9639226879087315,3.432171649123501,3.638162410058
auto_mpg,uncertainty,1003,200,192,59904,64512,1.4370167763958217,192,107.52,0.4498744769874477,1,6,2358,0.0043736757093100756,,,,0.005508830990177227,,,,0.006285045368793474,,,,0.05,0.9,1e-06,0.2,0.1,1.3,3,2.818952002612975,3.163691416804501,3.3792366014028272
auto_mpg,uncertainty,1004,200,198,49083,49605,1.009735294720911,87,82.675,0.3459205020920502,1,15,8640,0.005305271183540756,,,,0.0057082751477857295,,,,0.005356919562086881,,,,0.05,0.9,1e-06,0.05,0.02,1.05,3,3.3323061333856727,3.4565556051526594,3.3484873377273616
auto_mpg,uncertainty,1004,200,197,65247,66300,1.113526850055746,117,110.5,0.46234309623430964,1,21,11151,0.004111930291519188,,,,0.00443050381964369,,,,0.004578744785164167,,,,0.05,0.9,1e-06,0.05,0.02,1.15,3,2.9336883092436525,3.0452128662875064,3.095738846688731
auto_mpg,uncertainty,1004,200,198,12663,12795,1.1301642244147128,22,21.325,0.08922594142259414,1,2,1347,0.00504809325040423,,,,0.005056410662431166,,,,0.005705174393116244,,,,0.05,0.9,1e-06,0.05,0.02,1.3,3,3.25053452203237,3.253211266139172,3.455616671187918
auto_mpg,uncertainty,1004,200,185,30852,33552,0.9342507566234007,60,55.92,0.23397489539748956,1,4,2508,0.005098851928364627,,,,0.004520089552265341,,,,0.004763606271985339,,,,0.05,0.9,1e-06,0.05,0.05,1.05,3,3.2668357418628635,3.075846215025773,3.1576139176057154
auto_mpg,uncertainty,1004,200,199,17244,17352,1.0319190640833644,36,28.92,0.12100418410041841,1,2,1326,0.006154391645495501,,,,0.007010815394821732,,,,0.006350834066822195,,,,0.05,0.9,1e-06,0.05,0.05,1.15,3,3.5890843349662216,3.8306755014388862,3.6459145120241137
auto_mpg,uncertainty,1004,200,199,15696,15804,1.1196615955599658,36,26.34,0.1102092050209205,1,2,1326,0.006068724088503917,,,,0.005350223814037727,,,,0.006794917295947495,,,,0.05,0.9,1e-06,0.05,0.05,1.3,3,3.564017229545086,3.346394004263296,3.7712314411540833
auto_mpg,uncertainty,1004,200,179,124773,139830,1.358116280898259,239,233.05,0.9751046025104603,1,10,3570,0.00328170152275669,,,,0.0039021669050041423,,,,0.004456932267104469,,,,0.05,0.9,1e-06,0.05,0.1,1.05,3,2.620840779878649,2.857880196510209,3.054281878497194
auto_mpg,uncertainty,1004,200,177,27252,31392,1.1447551837960854,60,52.32,0.2189121338912134,1,2,1290,0.00573697029752319,,,,0.004755377776902242,,,,0.006567426487373842,,,,0.05,0.9,1e-06,0.05,0.1,1.15,3,3.4652326607833466,3.15488556023312,3.7075644434357327
auto_mpg,uncertainty,1004,200,193,28188,29448,0.9600049287260926,60,49.08,0.20535564853556484,1,2,1290,0.005284729752582876,,,,0.004561897276087245,,,,0.005073366609464985,,,,0.05,0.9,1e-06,0.05,0.1,1.3,3,3.325848713902287,3.090038206467739,3.258661289398348
auto_mpg,uncertainty,1004,200,181,33597,37245,1.0883356392663628,64,62.075,0.2597280334728034,1,8,4740,0.0046567463919742905,,,,0.004263076829348086,,,,0.005068103061410667,,,,0.05,0.9,1e-06,0.1,0.02,1.05,3,3.1219963557076245,2.987120058873995,3.256970442600587
auto_mpg,uncertainty,1004,200,171,42492,51105,1.0287961174174494,99,85.175,0.3563807531380753,1,15,8100,0.0040410497279319635,,,,0.004058007758807886,,,,0.004157416270387244,,,,0.05,0.9,1e-06,0.1,0.02,1.15,3,2.908293253124519,2.914389106600186,2.9498698433045147
auto_mpg,uncertainty,1004,200,193,31926,33165,1.026255986678659,59,55.275,0.23127615062761506,1,7,4200,0.004008163209013488,,,,0.004020839367058119,,,,0.004113401488835237,,,,0.05,0.9,1e-06,0.1,0.02,1.3,3,2.8964350686086155,2.9010115645603833,2.9342130808319298
auto_mpg,uncertainty,1004,200,180,122103,136443,1.4358107938331919,239,227.405,0.9514853556485355,1,18,6102,0.003501691404382872,,,,0.0034681003152446255,,,,0.005027766315085836,,,,0.05,0.9,1e-06,0.1,0.05,1.05,3,2.7072604169318706,2.6942439971310517,3.243983528452225
auto_mpg,uncertainty,1004,200,160,77472,97632,1.1308981096573882,168,162.72,0.680836820083682,1,12,5364,0.004419652137975443,,,,0.004851107547331911,,,,0.0049981762481796635,,,,0.05,0.9,1e-06,0.1,0.05,1.15,3,3.0414812432499443,3.18648258912353,3.2344234839389143
auto_mpg,uncertainty,1004,200,188,65880,70200,1.1476632852796524,120,117.0,0.4895397489539749,1,8,4152,0.004091078921739327,,,,0.0044693668645519385,,,,0.0046951810756616945,,,,0.05,0.9,1e-06,0.1,0.05,1.3,3,2.926240570362085,3.0585395506575095,3.1348536553046866
auto_mpg,uncertainty,1004,200,175,122262,140187,1.4771084554933254,239,233.645,0.9775941422594143,1,9,3213,0.0032800003431182824,,,,0.003274647063935766,,,,0.004844916240841024,,,,0.05,0.9,1e-06,0.1,0.1,1.05,3,2.6201613916260977,2.6180223395263558,3.184448539283578
auto_mpg,uncertainty,1004,200,178,123855,139629,1.4707100141101914,239,232.715,0.9737029288702929,1,9,3213,0.003405710180893341,,,,0.003372801644507604,,,,0.005008812068196868,,,,0.05,0.9,1e-06,0.1,0.1,1.15,3,2.669899673301615,2.6569690705872353,3.2378629849779474
auto_mpg,uncertainty,1004,200,170,95904,113184,1.3986208547394665,192,188.64,0.7892887029288702,1,7,3003,0.003272561608015244,,,,0.003336110232202168,,,,0.0045770729133898435,,,,0.05,0.9,1e-06,0.1,0.1,1.3,3,2.61718856421856,2.6424774782178657,3.0951736097967153
auto_mpg,uncertainty,1004,200,187,58383,62595,1.0480263549632511,108,104.325,0.43650627615062765,1,12,5886,0.004650108137219089,,,,0.005339139216296354,,,,0.004873435881234676,,,,0.05,0.9,1e-06,0.2,0.02,1.05,3,3.119770338175253,3.342925676097105,3.1938074283160462
auto_mpg,uncertainty,1004,200,197,34128,34650,1.0191113569731767,58,57.75,0.24163179916317992,1,2,1131,0.004488309182240694,,,,0.004113453027322794,,,,0.004574086861228482,,,,0.05,0.9,1e-06,0.2,0.02,1.15,3,3.065014133369316,2.9342314627515016,3.09416380965521
auto_mpg,uncertainty,1004,200,190,38430,40470,1.0630187710208918,68,67.45,0.28221757322175733,1,4,2202,0.005167345185555151,,,,0.004455273747073464,,,,0.005492984928589559,,,,0.05,0.9,1e-06,0.2,0.02,1.3,3,3.288704369875929,3.0537135437421035,3.3907463436677157
auto_mpg,uncertainty,1004,200,198,74376,75168,1.035398195879754,132,125.28,0.52418410041841,1,7,3255,0.0041570566741149706,,,,0.004296894230669021,,,,0.004304208980548531,,,,0.05,0.9,1e-06,0.2,0.05,1.05,3,2.949742265853877,2.998944511103811,3.001496028541327
auto_mpg,uncertainty,1004,200,176,65268,75276,1.060574239198202,144,125.46,0.5249372384937239,1,8,3576,0.004357674267975239,,,,0.004323368673548279,,,,0.004621637071431421,,,,0.05,0.9,1e-06,0.2,0.05,1.15,3,3.0200802303107652,3.0081690185690437,3.1102050162043873
auto_mpg,uncertainty,1004,200,169,47952,56880,0.9848205190401598,96,94.8,0.39665271966527194,1,4,2076,0.004326896953855853,,,,0.0041682154089784425,,,,0.004261216903929607,,,,0.05,0.9,1e-06,0.2,0.05,1.3,3,3.009396244345353,2.953698590657981,2.9864683668140812
auto_mpg,uncertainty,1004,200,177,123771,140262,1.4506410542452512,239,233.77,0.9781171548117156,1,8,2568,0.003219847961092012,,,,0.0034010492063279974,,,,0.004670843640787939,,,,0.05,0.9,1e-06,0.2,0.1,1.05,3,2.596024465035557,2.668072066946448,3.1267183544247645
auto_mpg,uncertainty,1004,200,188,93096,99144,1.1774872886846732,168,165.24,0.6913807531380753,1,5,2145,0.004083388356042079,,,,0.0037726693485901994,,,,0.004808137884002552,,,,0.05,0.9,1e-06,0.2,0.1,1.15,3,2.9234888474164435,2.8100592055032534,3.172338742920606
auto_mpg,uncertainty,1004,200,175,74304,85104,1.1188340265296128,144,141.84,0.5934728033472804,1,4,1860,0.003807492632176897,,,,0.004045629015649923,,,,0.004259952312640312,,,,0.05,0.9,1e-06,0.2,0.1,1.3,3,2.8229984143523277,2.9099406147838764,2.986025190345137
auto_mpg,uncertainty,1000,200,168,127710,165950,1.4467664016892734,239,165.95,0.6943514644351464,1,46,26335,0.003758977476981404,,,,0.004244556177222294,,,,0.00543836231840341,,,,0.05,0.9,1e-06,0.05,0.02,1.05,5,2.651679148537023,2.817748678334421,3.1894821859070603
auto_mpg,uncertainty,1000,200,168,124295,162535,1.3608588939441952,239,162.535,0.6800627615062761,1,46,26335,0.0037448434624331845,,,,0.004080294363532604,,,,0.005096203532280974,,,,0.05,0.9,1e-06,0.05,0.02,1.15,5,2.6466892052520397,2.762688115836722,3.0875179707739884
auto_mpg,uncertainty,1000,200,186,138520,155250,1.4623391919306705,239,155.25,0.649581589958159,1,46,26335,0.00384047166446584,,,,0.004424265348395812,,,,0.005616072230447613,,,,0.05,0.9,1e-06,0.05,0.02,1.3,5,2.6802690681837116,2.876780292403061,3.2411748042286552
auto_mpg,uncertainty,1000,200,127,109705,196940,1.4580879858352156,239,196.94,0.8240167364016736,1,19,11305,0.003505610239137658,,,,0.004565514901615481,,,,0.005111488172707537,,,,0.05,0.9,1e-06,0.05,0.05,1.05,5,2.5607543913751147,2.9223416925734584,3.0921445786153403
auto_mpg,uncertainty,1000,200,123,93825,185840,1.3591992831516135,239,185.84,0.7775732217573222,1,19,11305,0.003641478786381639,,,,0.005190991583445988,,,,0.004949495356061731,,,,0.05,0.9,1e-06,0.05,0.05,1.15,5,2.6099068302050563,3.11609919511714,3.0427521106677786
auto_mpg,uncertainty,1000,200,139,93770,166665,1.2942666770929319,239,166.665,0.6973430962343096,1,19,11305,0.003918207774822784,,,,0.005400607807541489,,,,0.005071205756879575,,,,0.05,0.9,1e-06,0.05,0.05,1.3,5,2.707259228591149,3.178391801209273,3.079936252360274
auto_mpg,uncertainty,1000,200,115,93910,195485,1.4485395981126816,239,195.485,0.8179288702928871,1,10,5950,0.004007400757938389,,,,0.0043821538256659295,,,,0.0058048786833805295,,,,0.05,0.9,1e-06,0.05,0.1,1.05,5,2.7378994832300045,2.8630565162990105,3.2952068800275636
auto_mpg,uncertainty,1000,200,160,139030,186830,1.427314872356973,239,186.83,0.7817154811715482,1,10,5950,0.003713441187417137,,,,0.004182757237416424,,,,0.0053002498344234174,,,,0.05,0.9,1e-06,0.05,0.1,1.15,5,2.635568976736896,2.797160852527927,3.14872173761094
auto_mpg,uncertainty,1000,200,149,124430,185375,1.4564647073141448,239,185.375,0.7756276150627615,1,10,5950,0.004205667826106135,,,,0.004407521359804332,,,,0.006125406759410187,,,,0.05,0.9,1e-06,0.05,0.1,1.3,5,2.804810960291381,2.8713314287276193,3.384960292440551
auto_mpg,uncertainty,1000,200,179,138455,163550,1.3067985895091374,239,163.55,0.6843096234309624,1,43,23650,0.003984137551039551,,,,0.0055125831044215,,,,0.005206465332108875,,,,0.05,0.9,1e-06,0.1,0.02,1.05,5,2.72994107955033,3.2111728750200355,3.120740105775056
auto_mpg,uncertainty,1000,200,198,92610,95000,1.1198306575887496,239,95.0,0.39748953974895396,1,43,23650,0.004191530809756814,,,,0.005049254385763551,,,,0.004693804702993477,,,,0.05,0.9,1e-06,0.1,0.02,1.15,5,2.800092918159276,3.0732630715527485,2.9631157688728997
auto_mpg,uncertainty,1000,200,116,13920,29900,0.7944983614511267,39,29.9,0.12510460251046024,1,3,3150,0.005981551885855455,,,,0.007158109253298839,,,,0.004752333172247056,,,,0.05,0.9,1e-06,0.1,0.02,1.3,5,3.344976330183144,3.659192635011692,2.9815325286690038
auto_mpg,uncertainty,1000,200,156,122995,175575,1.4485442986881918,239,175.575,0.7346234309623431,1,18,10170,0.0037119315190005642,,,,0.0040568151197605895,,,,0.0053768972389692665,,,,0.05,0.9,1e-06,0.1,0.05,1.05,5,2.6350331880282822,2.7547279779421356,3.1714069971496004
auto_mpg,uncertainty,1000,200,186,102230,118960,1.3162916269724796,239,118.96,0.49774058577405855,1,18,10170,0.0045863310049234895,,,,0.004358875552251092,,,,0.006036949100305067,,,,0.05,0.9,1e-06,0.1,0.05,1.15,5,2.928996208668969,2.8554420236117,3.3604301214932883
auto_mpg,uncertainty,1000,200,199,93270,94465,1.0490706263023206,239,94.465,0.39525104602510464,1,18,10170,0.004602654847144216,,,,0.006021099356055208,,,,0.004828510003146994,,,,0.05,0.9,1e-06,0.1,0.05,1.3,5,2.934204075641502,3.3560158915313583,3.0053335493355227
auto_mpg,uncertainty,1000,200,131,123710,206165,1.448125691254811,239,206.165,0.8626150627615062,1,9,5355,0.003436123245878802,,,,0.004558247514098448,,,,0.004975938350674965,,,,0.05,0.9,1e-06,0.1,0.1,1.05,5,2.535248171110506,2.9200148742071126,3.0508693320239786
auto_mpg,uncertainty,1000,200,186,109905,126635,1.3395392157773012,239,126.635,0.5298535564853557,1,9,5355,0.0045851613466825715,,,,0.004256092680823626,,,,0.0061420034345475655,,,,0.05,0.9,1e-06,0.1,0.1,1.15,5,2.9286226919072242,2.8215753339709266,3.3895429337206924
auto_mpg,uncertainty,1000,200,199,94380,95575,1.094973670788336,239,95.575,0.3998953974895398,1,9,5355,0.004128062238681479,,,,0.004669748339181601,,,,0.004520119462731775,,,,0.05,0.9,1e-06,0.1,0.1,1.3,5,2.7788124120464888,2.955512836668178,2.9077768075466532
auto_mpg,uncertainty,1000,200,133,123050,203115,1.4472612899243098,239,203.115,0.8498535564853557,1,39,18720,0.0034266753680669473,,,,0.004439523597315359,,,,0.004959294613340429,,,,0.05,0.9,1e-06,0.2,0.02,1.05,5,2.5317603447363908,2.8817366914767235,3.0457627173118076
auto_mpg,uncertainty,1000,200,121,79215,173620,1.2061991356543196,239,173.62,0.7264435146443515,1,39,18720,0.0051377357796351985,,,,0.007576120359312805,,,,0.0061971324566162484,,,,0.05,0.9,1e-06,0.2,0.02,1.15,5,3.1000735288528025,3.7645194433841165,3.404720778695256
auto_mpg,uncertainty,1000,200,191,136605,147360,1.4646089805444378,239,147.36,0.6165690376569039,1,39,18720,0.003659193789177407,,,,0.00441677345352178,,,,0.005359288085181661,,,,0.05,0.9,1e-06,0.2,0.02,1.3,5,2.6162474428593643,2.874343541254826,3.1662096138502296
auto_mpg,uncertainty,1000,200,113,109220,213185,1.3971812845348843,239,213.185,0.8919874476987448,1,16,8080,0.003530632304618407,,,,0.005118424033116862,,,,0.004932933378587105,,,,0.05,0.9,1e-06,0.2,0.05,1.05,5,2.5698771157990743,3.0942417577570045,3.037657023592911
auto_mpg,uncertainty,1000,200,163,137690,181905,1.4117071649822732,239,181.905,0.7611087866108787,1,16,8080,0.0035146410553789065,,,,0.00418221630018785,,,,0.004961643960219261,,,,0.05,0.9,1e-06,0.2,0.05,1.15,5,2.564050654560515,2.7969799745475714,3.0464840604108927
auto_mpg,uncertainty,1000,200,200,134615,134615,1.4714521127192284,239,134.615,0.5632426778242678,1,16,8080,0.0036315911961539234,,,,0.004290397124915909,,,,0.00534371253811324,,,,0.05,0.9,1e-06,0.2,0.05,1.3,5,2.606361123646467,2.832923573267644,3.161605333461855
auto_mpg,uncertainty,1000,200,140,123650,195350,1.409502282011461,239,195.35,0.8173640167364017,1,8,4280,0.0035133288018146104,,,,0.004391781653793916,,,,0.004952044963614286,,,,0.05,0.9,1e-06,0.2,0.1,1.05,5,2.5635719429819677,2.8661999354153367,3.043535708226658
auto_mpg,uncertainty,1000,200,144,109755,176675,1.3628434700390728,239,176.675,0.7392259414225942,1,8,4280,0.00360052906697459,,,,0.004877844845820228,,,,0.004906957527612195,,,,0.05,0.9,1e-06,0.2,0.1,1.15,5,2.5951906775500437,3.0206478857042582,3.029648616629342
auto_mpg,uncertainty,1000,200,162,137540,182950,1.2905008607993547,239,182.95,0.7654811715481171,1,8,4280,0.004167552741756973,,,,0.0062198506200279325,,,,0.005378230400664085,,,,0.05,0.9,1e-06,0.2,0.1,1.3,5,2.792072326338051,3.410955778872837,3.1718001361753885
auto_mpg,uncertainty,1001,200,196,55185,56625,0.9004887911024917,72,56.625,0.23692468619246862,1,12,11970,0.007879361025891514,,,,0.006521745393625448,,,,0.007095276284865139,,,,0.05,0.9,1e-06,0.05,0.02,1.05,5,4.061033746135959,3.6946475769611857,3.853680931134613
auto_mpg,uncertainty,1001,200,132,20320,33525,0.710144746967285,42,33.525,0.14027196652719665,1,6,6435,0.007019694560074192,,,,0.0049591003028439905,,,,0.004984999217151514,,,,0.05,0.9,1e-06,0.05,0.02,1.15,5,3.8331005002667604,3.221755247938831,3.230157105149716
auto_mpg,uncertainty,1001,200,135,10975,16500,0.7745137347081189,17,16.5,0.06903765690376569,1,1,1135,0.007729047052544362,,,,0.005942647683281027,,,,0.005986253098400913,,,,0.05,0.9,1e-06,0.05,0.02,1.3,5,4.02211120512799,3.5268020948994847,3.5397177678131007
auto_mpg,uncertainty,1001,200,183,85920,94080,0.6287883044299771,96,94.08,0.39364016736401675,1,7,6685,0.004961195378228691,,,,0.003415854582027054,,,,0.0031195416298222577,,,,0.05,0.9,1e-06,0.05,0.05,1.05,5,3.2224357249359983,2.6738730581487977,2.555268205603836
auto_mpg,uncertainty,1001,200,25,6180,58680,0.6197197540637057,60,58.68,0.24552301255230125,1,4,4180,0.00916764792851929,,,,0.00830090014189362,,,,0.005681372519604616,,,,0.05,0.9,1e-06,0.05,0.05,1.15,5,4.380463456346417,4.16824936912875,3.4484007553233917
auto_mpg,uncertainty,1001,200,157,28080,40980,0.6252413185231932,60,40.98,0.1714644351464435,1,4,4180,0.005823354780275685,,,,0.004840948006457026,,,,0.00364100202104791,,,,0.05,0.9,1e-06,0.05,0.05,1.3,5,3.4912240711233045,3.18314415896688,2.7605877621766695
auto_mpg,uncertainty,1001,200,161,66900,83280,0.70420175402247,84,83.28,0.3484518828451883,1,3,3045,0.004896680502771422,,,,0.003424718570796657,,,,0.003448250998939266,,,,0.05,0.9,1e-06,0.05,0.1,1.05,5,3.2014150519468743,2.677340100470629,2.686522818899426
auto_mpg,uncertainty,1001,200,78,22200,61680,0.7822669760219844,84,61.68,0.2580753138075314,1,3,3045,0.007504092853094681,,,,0.00606274800424651,,,,0.005870204023978561,,,,0.05,0.9,1e-06,0.05,0.1,1.15,5,3.9631471518643466,3.562261991296852,3.5052394939488267
auto_mpg,uncertainty,1001,200,175,53700,64200,0.7200303833996811,84,64.2,0.2686192468619247,1,3,3045,0.007918993465579302,,,,0.007010307592286537,,,,0.005701915901160634,,,,0.05,0.9,1e-06,0.05,0.1,1.3,5,4.07123424289847,3.8305367685065033,3.4546296980824196
auto_mpg,uncertainty,1001,200,56,18145,68750,0.6965165554079213,74,68.75,0.28765690376569036,1,10,9625,0.007236184629959158,,,,0.005977669157108661,,,,0.0050401223927548965,,,,0.05,0.9,1e-06,0.1,0.02,1.05,5,3.8917588173014903,3.5371789819219983,3.2479672374710846
auto_mpg,uncertainty,1001,200,55,17600,67625,0.5608114212283469,69,67.625,0.28294979079497906,1,9,8775,0.005844426744009348,,,,0.00469791724902473,,,,0.0032776212685728424,,,,0.05,0.9,1e-06,0.1,0.02,1.15,5,3.497534910745433,3.1357669591404314,2.6192109816607454
auto_mpg,uncertainty,1001,200,158,52510,67000,0.6428992224283703,69,67.0,0.2803347280334728,1,9,8775,0.006680376944559713,,,,0.005659996222816989,,,,0.004294809143185851,,,,0.05,0.9,1e-06,0.1,0.02,1.3,5,3.7393109617311198,3.4419072974326146,2.9982167970744604
auto_mpg,uncertainty,1001,200,189,111060,117660,0.8036264473937836,120,117.66,0.4923012552301255,1,8,6920,0.00854730360343901,,,,0.006888874393423081,,,,0.006868839229627777,,,,0.05,0.9,1e-06,0.1,0.05,1.05,5,4.2296620016820565,3.797215382366939,3.791689571953747
auto_mpg,uncertainty,1001,200,200,105900,105900,0.643922923669771,108,105.9,0.44309623430962347,1,7,6265,0.005507765312345323,,,,0.004166717415404147,,,,0.0035465763428123498,,,,0.05,0.9,1e-06,0.1,0.05,1.15,5,3.395305145943555,2.953167785663277,2.724556100822238
auto_mpg,uncertainty,1001,200,200,105900,105900,0.643922923669771,108,105.9,0.44309623430962347,1,7,6265,0.005507765312345323,,,,0.004166717415404147,,,,0.0035465763428123498,,,,0.05,0.9,1e-06,0.1,0.05,1.3,5,3.395305145943555,2.953167785663277,2.724556100822238
auto_mpg,uncertainty,1001,200,19,8400,95280,0.589906831501617,96,95.28,0.39866108786610877,1,3,2865,0.0061844524719246174,,,,0.005030455923872159,,,,0.003648250762285394,,,,0.05,0.9,1e-06,0.1,0.1,1.05,5,3.597839011409171,3.24485109861141,2.7633343737477687
auto_mpg,uncertainty,1001,200,200,92760,92760,0.6177190239712672,96,92.76,0.3881171548117155,1,3,2865,0.005488553095748598,,,,0.0033439491904326338,,,,0.003390383661320301,,,,0.05,0.9,1e-06,0.1,0.1,1.15,5,3.3893782119985225,2.645580210917806,2.6638853019832185
auto_mpg,uncertainty,1001,200,197,71040,72480,0.724723846696623,96,72.48,0.30326359832635985,1,3,2865,0.005761870342133862,,,,0.004552666801236352,,,,0.00417576483851844,,,,0.05,0.9,1e-06,0.1,0.1,1.3,5,3.472744554812887,3.086910454914875,2.956372235074857
auto_mpg,uncertainty,1001,200,164,54735,69675,0.6190752803545299,83,69.675,0.29152719665271964,1,7,6160,0.0073970519253663755,,,,0.006322968383018418,,,,0.004579331994493204,,,,0.05,0.9,1e-06,0.2,0.02,1.05,5,3.93477978996756,3.6379070921591015,3.095937349612219
auto_mpg,uncertainty,1001,200,168,43295,52575,0.6070185050875436,58,52.575,0.21997907949790796,1,2,1885,0.005133961519825053,,,,0.003790279992539113,,,,0.003116409646941177,,,,0.05,0.9,1e-06,0.2,0.02,1.15,5,3.2780638086512024,2.8166101819179556,2.553985153960535
auto_mpg,uncertainty,1001,200,192,47330,49450,0.6429015301879626,53,49.45,0.20690376569037658,1,1,955,0.006609600322508858,,,,0.005487295314235195,,,,0.004249322161271796,,,,0.05,0.9,1e-06,0.2,0.02,1.3,5,3.7194497677789924,3.3889898271684737,2.982297246448943
auto_mpg,uncertainty,1001,200,74,22200,79200,0.5962796576257483,108,79.2,0.3313807531380753,1,5,4175,0.005042687582705063,,,,0.0039816503763340505,,,,0.003006852025328987,,,,0.05,0.9,1e-06,0.2,0.05,1.05,5,3.248793665127968,2.8868396371838334,2.5086907376687853
auto_mpg,uncertainty,1001,200,199,55860,56160,0.5806204732437935,60,56.16,0.23497907949790794,1,1,955,0.004860202471657034,,,,0.003755189472912919,,,,0.002821933059154162,,,,0.05,0.9,1e-06,0.2,0.05,1.15,5,3.1894682214802907,2.803541736116799,2.4303255468405585
auto_mpg,uncertainty,1001,200,180,45480,51480,0.5762687138673243,60,51.48,0.21539748953974894,1,1,955,0.005162648467248214,,,,0.003888884960350753,,,,0.002975072792370241,,,,0.05,0.9,1e-06,0.2,0.05,1.3,5,3.2872094407688284,2.8530123163639063,2.4953984243964804
auto_mpg,uncertainty,1001,200,160,62880,82080,0.5884251424785406,96,82.08,0.3434309623430962,1,2,1790,0.004860334849993922,,,,0.003447949427415354,,,,0.0028599432266010897,,,,0.05,0.9,1e-06,0.2,0.1,1.05,5,3.1895116572863316,2.6864053395605714,2.446638493878436
auto_mpg,uncertainty,1001,200,149,45960,64320,0.6570194038259077,72,64.32,0.26912133891213386,1,1,955,0.0065035390996313865,,,,0.005233389762225329,,,,0.004272951381998295,,,,0.05,0.9,1e-06,0.2,0.1,1.15,5,3.6894869300110305,3.3096543413471067,2.9905775866851885
auto_mpg,uncertainty,1001,200,200,54960,54960,0.5749149047581593,72,54.96,0.2299581589958159,1,1,955,0.004903249888778023,,,,0.003240436787965347,,,,0.002818951442812272,,,,0.05,0.9,1e-06,0.2,0.1,1.3,5,3.2035618411902784,2.6043111804296197,2.429041282949152
auto_mpg,uncertainty,1002,200,200,18075,18075,0.999944732565851,27,18.075,0.0756276150627615,1,3,3330,0.004797171657102249,,,,0.003998422284259164,,,,0.004796906529733589,,,,0.05,0.9,1e-06,0.05,0.02,1.05,5,3.1687190000919263,2.8929133658558106,3.168631435397703
auto_mpg,uncertainty,1002,200,199,18440,18625,0.9805049778498862,37,18.625,0.07792887029288703,1,5,5425,0.005551607945354022,,,,0.004441704609615201,,,,0.0054433792254905975,,,,0.05,0.9,1e-06,0.05,0.02,1.15,5,3.408791927519565,3.049059749244464,3.3754011509972286
auto_mpg,uncertainty,1002,200,200,13625,13625,0.964666170865746,22,13.625,0.05700836820083682,1,2,2245,0.005227765003777792,,,,0.004298500943766091,,,,0.005043048048380275,,,,0.05,0.9,1e-06,0.05,0.02,1.3,5,3.3078752830509885,2.9995051477887835,3.2489097795665147
auto_mpg,uncertainty,1002,200,187,22020,25140,0.905051556783278,48,25.14,0.10518828451882846,1,3,3225,0.006960361938306256,,,,0.0057218694700485115,,,,0.006299486408039151,,,,0.05,0.9,1e-06,0.05,0.05,1.05,5,3.816866851161583,3.4606690708089114,3.6311456552893113
auto_mpg,uncertainty,1002,200,195,15660,16260,0.909053054862845,24,16.26,0.06803347280334729,1,1,1135,0.006579804504486385,,,,0.005441053340991829,,,,0.005981391385203656,,,,0.05,0.9,1e-06,0.05,0.05,1.15,5,3.7110567316697725,3.374679941643312,3.538280091540638
auto_mpg,uncertainty,1002,200,199,13860,13980,0.9103462938511755,24,13.98,0.05849372384937239,1,1,1135,0.005552745690195128,,,,0.00450479367383251,,,,0.005054921459767222,,,,0.05,0.9,1e-06,0.05,0.05,1.3,5,3.4091412080147165,3.070637508553567,3.2527321666383835
auto_mpg,uncertainty,1002,200,170,29040,48840,0.9832949392847857,132,48.84,0.20435146443514646,1,5,4475,0.005855186520817875,,,,0.005055081184229412,,,,0.005757375274488708,,,,0.05,0.9,1e-06,0.05,0.1,1.05,5,3.500752967181398,3.252783555843544,3.471389676406197
auto_mpg,uncertainty,1002,200,186,22680,30240,1.0788828522247125,108,30.24,0.12652719665271966,1,4,3820,0.0047279917180798135,,,,0.004944091322052873,,,,0.005100949190096768,,,,0.05,0.9,1e-06,0.05,0.1,1.15,5,3.145788003890826,3.2168761466311206,3.267507530855425
auto_mpg,uncertainty,1002,200,169,10380,15960,0.9543371873250474,36,15.96,0.06677824267782427,1,1,1135,0.005838671748505899,,,,0.004971623196094414,,,,0.005572061574183336,,,,0.05,0.9,1e-06,0.05,0.1,1.3,5,3.4958124787532765,3.225820527536423,3.415065611172662
auto_mpg,uncertainty,1002,200,114,13680,24525,1.067898632976406,34,24.525,0.10261506276150627,1,2,2125,0.005283045300143814,,,,0.005674670666457964,,,,0.005641756853976006,,,,0.05,0.9,1e-06,0.1,0.02,1.05,5,3.3253186318805996,3.446366256191174,3.4363570398279557
auto_mpg,uncertainty,1002,200,114,13680,24250,0.9805260123192788,29,24.25,0.10146443514644352,1,1,1075,0.004938970781249867,,,,0.0053181602633891835,,,,0.004842789325100365,,,,0.05,0.9,1e-06,0.1,0.02,1.15,5,3.2152098735276673,3.336351572644889,3.1837494769167822
auto_mpg,uncertainty,1002,200,114,13680,24000,0.8563804773465473,24,24.0,0.100418410041841,1,0,0,0.005997443794515856,,,,0.005633097850186505,,,,0.005136093779606577,,,,0.05,0.9,1e-06,0.1,0.02,1.3,5,3.5430247955890524,3.4337189560381884,3.278744468020921
auto_mpg,uncertainty,1002,200,114,13680,25500,0.9826781005623322,72,25.5,0.10669456066945607,1,4,3940,0.005058291855652974,,,,0.005055377297054936,,,,0.004970672632802979,,,,0.05,0.9,1e-06,0.1,0.05,1.05,5,3.2538163742169983,3.2528788240291164,3.2255121279412644
auto_mpg,uncertainty,1002,200,114,13680,24600,0.8974744637176905,36,24.6,0.10292887029288704,1,1,1075,0.005293896234303418,,,,0.005271842890725192,,,,0.004751136683858561,,,,0.05,0.9,1e-06,0.1,0.05,1.15,5,3.3287318436473217,3.3217911825502364,3.1534784009659416
auto_mpg,uncertainty,1002,200,114,13680,24000,0.8563804773465473,24,24.0,0.100418410041841,1,0,0,0.005997443794515856,,,,0.005633097850186505,,,,0.005136093779606577,,,,0.05,0.9,1e-06,0.1,0.05,1.3,5,3.5430247955890524,3.4337189560381884,3.278744468020921
auto_mpg,uncertainty,1002,200,114,13680,27360,0.9857921887570917,72,27.36,0.11447698744769874,1,2,2030,0.005629560251416933,,,,0.005293452387560611,,,,0.005549576521984222,,,,0.05,0.9,1e-06,0.1,0.1,1.05,5,3.4326405948964935,3.3285922982453986,3.408168204335813
auto_mpg,uncertainty,1002,200,114,13680,25800,0.9549516230302703,72,25.8,0.10794979079497909,1,2,2030,0.0051362616137331325,,,,0.005257907956075585,,,,0.00490488136434253,,,,0.05,0.9,1e-06,0.1,0.1,1.15,5,3.278798037985003,3.3173980724829284,3.204094763057763
auto_mpg,uncertainty,1002,200,114,13680,24000,0.8563804773465473,24,24.0,0.100418410041841,1,0,0,0.005997443794515856,,,,0.005633097850186505,,,,0.005136093779606577,,,,0.05,0.9,1e-06,0.1,0.1,1.3,5,3.5430247955890524,3.4337189560381884,3.278744468020921
auto_mpg,uncertainty,1002,200,199,62535,62850,1.0638936869729936,63,62.85,0.2629707112970711,1,3,2790,0.00538422339898246,,,,0.005955079525588433,,,,0.005728241283429713,,,,0.05,0.9,1e-06,0.2,0.02,1.05,5,3.3570099922449925,3.530489150178335,3.4625954169233526
auto_mpg,uncertainty,1002,200,133,38495,57925,0.8151457307296885,58,57.925,0.24236401673640165,1,2,1885,0.005355791329302828,,,,0.005044688208017485,,,,0.004365750436760284,,,,0.05,0.9,1e-06,0.2,0.02,1.15,5,3.3481347029635624,3.2494380610181812,3.022877523741505
auto_mpg,uncertainty,1002,200,117,33830,57900,0.926144645079125,58,57.9,0.2422594142259414,1,2,1885,0.00431617054813318,,,,0.004380665091847443,,,,0.003997398240401776,,,,0.05,0.9,1e-06,0.2,0.02,1.3,5,3.005663773262406,3.028036629369754,2.892542887244879
auto_mpg,uncertainty,1002,200,193,57840,59940,0.977131701316761,60,59.94,0.2507949790794979,1,1,955,0.004412356774697576,,,,0.004415021399710373,,,,0.0043114536820767786,,,,0.05,0.9,1e-06,0.2,0.05,1.05,5,3.0389699738135687,3.039887453250744,3.004020975699375
auto_mpg,uncertainty,1002,200,193,57840,59940,0.977131701316761,60,59.94,0.2507949790794979,1,1,955,0.004412356774697576,,,,0.004415021399710373,,,,0.0043114536820767786,,,,0.05,0.9,1e-06,0.2,0.05,1.15,5,3.0389699738135687,3.039887453250744,3.004020975699375
auto_mpg,uncertainty,1002,200,193,57840,59940,0.977131701316761,60,59.94,0.2507949790794979,1,1,955,0.004412356774697576,,,,0.004415021399710373,,,,0.0043114536820767786,,,,0.05,0.9,1e-06,0.2,0.05,1.3,5,3.0389699738135687,3.039887453250744,3.004020975699375
auto_mpg,uncertainty,1002,200,188,69000,74760,0.8817527678357981,96,74.76,0.31280334728033476,1,2,1790,0.00539675524376175,,,,0.004954981308213146,,,,0.0047586038735192805,,,,0.05,0.9,1e-06,0.2,0.1,1.05,5,3.3609144622254337,3.2204169861093885,3.155955532008959
auto_mpg,uncertainty,1002,200,187,67200,71880,0.8831473579753978,72,71.88,0.3007531380753138,1,1,955,0.0049423354741302186,,,,0.0046742859805945815,,,,0.004364810516206187,,,,0.05,0.9,1e-06,0.2,0.1,1.15,5,3.216304874125225,3.127870313849064,3.022552102293162
auto_mpg,uncertainty,1002,200,187,67200,71880,0.8831473579753978,72,71.88,0.3007531380753138,1,1,955,0.0049423354741302186,,,,0.0046742859805945815,,,,0.004364810516206187,,,,0.05,0.9,1e-06,0.2,0.1,1.3,5,3.216304874125225,3.127870313849064,3.022552102293162
auto_mpg,uncertainty,1003,200,163,79345,123560,1.3316096531130077,239,123.56,0.5169874476987448,1,46,26335,0.005322790559746563,,,,0.006970148384622197,,,,0.007087879290857313,,,,0.05,0.9,1e-06,0.05,0.02,1.05,5,3.109811612757601,3.558651044269298,3.588579305893949
auto_mpg,uncertainty,1003,200,161,37735,60550,1.2322082655842923,117,60.55,0.25334728033472803,1,21,18585,0.005182556108303925,,,,0.005637666060832775,,,,0.00638598847350646,,,,0.05,0.9,1e-06,0.05,0.02,1.15,5,3.0685725682658846,3.2004722484045613,3.4062651964977637
auto_mpg,uncertainty,1003,200,196,40235,41575,1.183280456359572,67,41.575,0.1739539748953975,1,11,11110,0.005968119664167778,,,,0.006197440994256396,,,,0.0070619593598249845,,,,0.05,0.9,1e-06,0.05,0.02,1.3,5,3.2929349624164432,3.35560314123335,3.582011691074865
auto_mpg,uncertainty,1003,200,193,101610,109975,1.4652064301596397,239,109.975,0.46014644351464434,1,19,11305,0.004654715634236247,,,,0.006059057947449545,,,,0.006820119277847555,,,,0.05,0.9,1e-06,0.05,0.05,1.05,5,2.9081109328711596,3.317927904740068,3.52014357339342
auto_mpg,uncertainty,1003,200,184,38340,44100,1.1941656251363482,72,44.1,0.18451882845188286,1,5,5075,0.006339773979226398,,,,0.00695255124054678,,,,0.007570740157126045,,,,0.05,0.9,1e-06,0.05,0.05,1.15,5,3.3939174868395647,3.5541560417040725,3.708801263992631
auto_mpg,uncertainty,1003,200,179,35520,45600,1.2085216431516337,96,45.6,0.1907949790794979,1,7,6685,0.0057016328086642734,,,,0.0057379025273635,,,,0.006890546650574212,,,,0.05,0.9,1e-06,0.05,0.05,1.3,5,3.2185778221529047,3.228798740883449,3.5382721221739626
auto_mpg,uncertainty,1003,200,177,141600,169085,1.4135999403205493,239,169.085,0.707468619246862,1,10,5950,0.00400664301807774,,,,0.005414013767767358,,,,0.005663790331240438,,,,0.05,0.9,1e-06,0.05,0.1,1.05,5,2.6980793422853875,3.1363467375718264,3.2078789806968087
auto_mpg,uncertainty,1003,200,184,127435,146555,1.2772357268164938,239,146.555,0.6132008368200838,1,10,5950,0.005193977407097375,,,,0.006737199216891833,,,,0.0066339335086224634,,,,0.05,0.9,1e-06,0.05,0.1,1.15,5,3.071951962094627,3.498678907234574,3.4717620308266395
auto_mpg,uncertainty,1003,200,149,39180,60600,1.2126742141131555,84,60.6,0.25355648535564856,1,3,3045,0.005785616546336129,,,,0.006199861958252996,,,,0.007016067998488233,,,,0.05,0.9,1e-06,0.05,0.1,1.3,5,3.242195623783826,3.3562584924650856,3.570354067990426
auto_mpg,uncertainty,1003,200,175,60125,69375,1.200644447468577,74,69.375,0.29027196652719667,1,10,9625,0.008525341004849505,,,,0.009898642333348256,,,,0.010235903340248736,,,,0.05,0.9,1e-06,0.1,0.02,1.05,5,3.9356844571991725,4.240843130285364,4.312483833860032
auto_mpg,uncertainty,1003,200,165,100850,127800,1.2740050661169817,154,127.8,0.5347280334728033,1,26,19825,0.006201587936293626,,,,0.0070233278145049715,,,,0.007900854448808036,,,,0.05,0.9,1e-06,0.1,0.02,1.15,5,3.3567256339422475,3.5722007869765413,3.7887977483007544
auto_mpg,uncertainty,1003,200,178,38260,44975,1.2865673695765634,64,44.975,0.18817991631799164,1,8,7900,0.004988797706595955,,,,0.006789137922572555,,,,0.00641842434272475,,,,0.05,0.9,1e-06,0.1,0.02,1.3,5,3.010664342489161,3.5121390979507137,3.414904832578557
auto_mpg,uncertainty,1003,200,182,68940,76500,1.2851749066760216,84,76.5,0.3200836820083682,1,5,4775,0.004910281035840486,,,,0.005950083381286884,,,,0.006310569971989336,,,,0.05,0.9,1e-06,0.1,0.05,1.05,5,2.986878568026137,3.2879554001580433,3.3860914666491126
auto_mpg,uncertainty,1003,200,164,159520,202540,1.3321699194871628,239,202.54,0.8474476987447699,1,18,10170,0.0041009874865689236,,,,0.004949307537220065,,,,0.005463212169800385,,,,0.05,0.9,1e-06,0.1,0.05,1.15,5,2.72966036671037,2.9987248064163836,3.1505648658131493
auto_mpg,uncertainty,1003,200,188,82980,90900,1.3103019110619005,132,90.9,0.38033472803347285,1,9,7515,0.004747677392091327,,,,0.005923797833320916,,,,0.0062208907599626455,,,,0.05,0.9,1e-06,0.1,0.05,1.3,5,2.9370070725510997,3.280684798598623,3.3619455826835236
auto_mpg,uncertainty,1003,200,172,189595,223055,1.3810041181289345,239,223.055,0.9332845188284519,1,9,5355,0.003894199414955134,,,,0.0052093889308241475,,,,0.005377905428868328,,,,0.05,0.9,1e-06,0.1,0.1,1.05,5,2.659950076394756,3.076506120649392,3.125870431711377
auto_mpg,uncertainty,1003,200,164,158780,201800,1.3277546254267356,239,201.8,0.8443514644351465,1,9,5355,0.004129600072855141,,,,0.004952062605110775,,,,0.005483095597895998,,,,0.05,0.9,1e-06,0.1,0.1,1.15,5,2.7391662339788403,2.9995593212401794,3.156292918566971
auto_mpg,uncertainty,1003,200,192,156000,163680,1.3722235468581376,192,163.68,0.6848535564853557,1,7,5005,0.004397295121023168,,,,0.005459789202266762,,,,0.006034071907552395,,,,0.05,0.9,1e-06,0.1,0.1,1.3,5,2.8265534278950457,3.149577720278499,3.3110796848471966
auto_mpg,uncertainty,1003,200,200,213970,213970,1.3869016260468876,239,213.97,0.8952719665271966,1,39,18720,0.0038088117468245515,,,,0.004788781563266686,,,,0.005282447204977457,,,,0.05,0.9,1e-06,0.2,0.02,1.05,5,2.6306262287134983,2.9496935989136372,3.0980040031899563
auto_mpg,uncertainty,1003,200,175,123975,149645,1.4174310297910508,239,149.645,0.6261297071129708,1,39,18720,0.00448586768682527,,,,0.006099277189580339,,,,0.0063584080548431425,,,,0.05,0.9,1e-06,0.2,0.02,1.15,5,2.8548784466564014,3.3289216790163243,3.398901585037289
auto_mpg,uncertainty,1003,200,161,97790,125925,1.4153496502675214,148,125.925,0.5268828451882845,1,20,14350,0.004820986157346257,,,,0.005813063383655846,,,,0.006823381071744586,,,,0.05,0.9,1e-06,0.2,0.02,1.3,5,2.959595335943275,3.2498769767939044,3.520985245645768
auto_mpg,uncertainty,1003,200,177,103380,117180,1.3512033287890735,120,117.18,0.49029288702928875,1,6,4830,0.004480593657705762,,,,0.005874450711964941,,,,0.0060541930652432355,,,,0.05,0.9,1e-06,0.2,0.05,1.05,5,2.8531997145520775,3.266991647616148,3.316595637424081
auto_mpg,uncertainty,1003,200,192,194105,203665,1.381417529329954,239,203.665,0.8521548117154811,1,16,8080,0.0039205420282444475,,,,0.005422496619616473,,,,0.005415905482291691,,,,0.05,0.9,1e-06,0.2,0.05,1.15,5,2.668931631952348,3.1388028406185953,3.136894626324237
auto_mpg,uncertainty,1003,200,184,107220,116820,1.463525436203014,120,116.82,0.48878661087866104,1,6,4830,0.005258485157188338,,,,0.006064977942402762,,,,0.007695926783441137,,,,0.05,0.9,1e-06,0.2,0.05,1.3,5,3.090969489302206,3.3195483976564297,3.7393391426187343
auto_mpg,uncertainty,1003,200,199,233525,234720,1.283902976109963,239,234.72,0.982092050209205,1,8,4280,0.006177687574561547,,,,0.007510716014769195,,,,0.00793155146245711,,,,0.05,0.9,1e-06,0.2,0.1,1.05,5,3.3502511306467557,3.694069505879866,3.796150878698495
auto_mpg,uncertainty,1003,200,182,210140,231650,1.2872128384493,239,231.65,0.9692468619246862,1,8,4280,0.004387724570856247,,,,0.00583688903611405,,,,0.005647935399185606,,,,0.05,0.9,1e-06,0.2,0.1,1.15,5,2.8234758079131583,3.256530203895075,3.2033858458490387
auto_mpg,uncertainty,1003,200,196,222025,226805,1.3661889268864493,239,226.805,0.9489748953974896,1,8,4280,0.004115930384631618,,,,0.004846416799799915,,,,0.0056231385153192,,,,0.05,0.9,1e-06,0.2,0.1,1.3,5,2.734628919796949,2.9673909834059566,3.196345984332715
auto_mpg,uncertainty,1004,200,186,81535,88325,1.043801359819565,97,88.325,0.36956066945606697,1,17,15895,0.004758742821009653,,,,0.005346135588742953,,,,0.004967182227601469,,,,0.05,0.9,1e-06,0.05,0.02,1.05,5,3.156001607382277,3.3451152328004032,3.2243794521208415
auto_mpg,uncertainty,1004,200,166,75110,94150,0.9766406766360665,112,94.15,0.39393305439330545,1,20,17950,0.006273055889997638,,,,0.005900761254946672,,,,0.006126521548983155,,,,0.05,0.9,1e-06,0.05,0.02,1.15,5,3.6235201177526504,3.514350879491378,3.580948548865029
auto_mpg,uncertainty,1004,200,164,24065,29825,1.0937473033381748,32,29.825,0.1247907949790795,1,4,4390,0.005588277887795899,,,,0.005309460264407053,,,,0.006112163870081117,,,,0.05,0.9,1e-06,0.05,0.02,1.3,5,3.4200314160143037,3.333621480412929,3.5767500598059208
auto_mpg,uncertainty,1004,200,188,146340,157140,1.1625115383518836,180,157.14,0.657489539748954,1,14,10430,0.004316602839451396,,,,0.003984861564357833,,,,0.005018100607344751,,,,0.05,0.9,1e-06,0.05,0.05,1.05,5,3.005814287451778,2.888003515934272,3.240863804984795
auto_mpg,uncertainty,1004,200,70,8340,23940,1.0336206260690515,24,23.94,0.10016736401673641,1,1,1135,0.0077584083956796215,,,,0.006354462459746468,,,,0.008019250943241756,,,,0.05,0.9,1e-06,0.05,0.05,1.15,5,4.029743623691485,3.646955865122732,4.096924874511241
auto_mpg,uncertainty,1004,200,70,8340,23940,1.0336206260690515,24,23.94,0.10016736401673641,1,1,1135,0.0077584083956796215,,,,0.006354462459746468,,,,0.008019250943241756,,,,0.05,0.9,1e-06,0.05,0.05,1.3,5,4.029743623691485,3.646955865122732,4.096924874511241
auto_mpg,uncertainty,1004,200,196,67680,70800,1.1110622389856615,156,70.8,0.29623430962343095,1,6,5010,0.004122470070235297,,,,0.003925252123338714,,,,0.004580320826387006,,,,0.05,0.9,1e-06,0.05,0.1,1.05,5,2.9374457461171715,2.8663213396975644,3.0962715901031124
auto_mpg,uncertainty,1004,200,194,43080,44880,1.0759416605716265,60,44.88,0.1877824267782427,1,2,2150,0.0045071676632072654,,,,0.004069710291632173,,,,0.004849449460025963,,,,0.05,0.9,1e-06,0.05,0.1,1.15,5,3.071446502394557,2.9185883569423363,3.18593797968912
auto_mpg,uncertainty,1004,200,49,8700,35880,1.0071750368240409,36,35.88,0.1501255230125523,1,1,1135,0.006832809045291483,,,,0.005423888353318061,,,,0.006881834701803089,,,,0.05,0.9,1e-06,0.05,0.1,1.3,5,3.781731928939491,3.3693526554097577,3.795274712789935
auto_mpg,uncertainty,1004,200,167,107540,131300,1.1302593488148662,144,131.3,0.5493723849372385,1,24,18900,0.0039399833124674445,,,,0.004509385491082265,,,,0.004453202973090893,,,,0.05,0.9,1e-06,0.1,0.02,1.05,5,2.8716948518168484,3.0722020879864624,3.053003791000767
auto_mpg,uncertainty,1004,200,173,53810,63725,1.0670714106326507,74,63.725,0.2666317991631799,1,10,9625,0.004836041340106761,,,,0.004397083925264791,,,,0.0051604014546655355,,,,0.05,0.9,1e-06,0.1,0.02,1.15,5,3.1815305715059856,3.033705897631565,3.2864939935599886
auto_mpg,uncertainty,1004,200,200,75600,75600,1.0706432717997478,79,75.6,0.31631799163179913,1,11,10450,0.0043456675875564905,,,,0.0043124767134578015,,,,0.004652659764095598,,,,0.05,0.9,1e-06,0.1,0.02,1.3,5,3.0159167536555045,3.004377354970871,3.120626167532302
auto_mpg,uncertainty,1004,200,155,107040,139440,1.246766611700921,144,139.44,0.5834309623430962,1,10,8050,0.0034517194196814964,,,,0.0037899999085204187,,,,0.004303488525418569,,,,0.05,0.9,1e-06,0.1,0.05,1.05,5,2.6878735978198645,2.816506112815579,3.0012448170274117
auto_mpg,uncertainty,1004,200,182,126540,139500,1.2917677506097003,144,139.5,0.5836820083682008,1,10,8050,0.004085455423060358,,,,0.0038658491715680234,,,,0.00527745956206288,,,,0.05,0.9,1e-06,0.1,0.05,1.15,5,2.9242287088101144,2.8445498645067016,3.3235602453724584
auto_mpg,uncertainty,1004,200,191,87600,91920,1.1343113982897686,96,91.92,0.38460251046025107,1,6,5550,0.004200124309213646,,,,0.004171259823631507,,,,0.004764248878174979,,,,0.05,0.9,1e-06,0.1,0.05,1.3,5,2.9649827464849587,2.9547770668190387,3.157826890058275
auto_mpg,uncertainty,1004,200,193,222425,230790,1.4437429644976412,239,230.79,0.9656485355648535,1,9,5355,0.0031494279646742157,,,,0.0031798225997059933,,,,0.004546964466190524,,,,0.05,0.9,1e-06,0.1,0.1,1.05,5,2.567479224708727,2.579838646136057,3.0849766308703064
auto_mpg,uncertainty,1004,200,178,125640,141480,1.1549640591182992,144,141.48,0.5919665271966527,1,5,4175,0.003656649263952921,,,,0.0036744951433081373,,,,0.0042232984766670065,,,,0.05,0.9,1e-06,0.1,0.1,1.15,5,2.7665132296868666,2.7732558466341306,2.973151134372223
auto_mpg,uncertainty,1004,200,183,147240,161520,1.1579212134711985,168,161.52,0.67581589958159,1,6,4650,0.003580733071429214,,,,0.003935786639270769,,,,0.0041462067831857675,,,,0.05,0.9,1e-06,0.1,0.1,1.3,5,2.73764462893165,2.8701650514663224,2.9458903467596618
auto_mpg,uncertainty,1004,200,189,45685,48600,0.8667367498035234,53,48.6,0.20334728033472804,1,1,955,0.004973749409889906,,,,0.004413062923084759,,,,0.00431093139786517,,,,0.05,0.9,1e-06,0.2,0.02,1.05,5,3.226510247037454,3.0392131406745877,3.0038390184802126
auto_mpg,uncertainty,1004,200,193,46320,48000,0.8704241581248926,48,48.0,0.200836820083682,1,0,0,0.005070799685089743,,,,0.004467850849834527,,,,0.00441374654691421,,,,0.05,0.9,1e-06,0.2,0.02,1.15,5,3.257836807741166,3.0580207764797445,3.0394485325220795
auto_mpg,uncertainty,1004,200,193,46320,48000,0.8704241581248926,48,48.0,0.200836820083682,1,0,0,0.005070799685089743,,,,0.004467850849834527,,,,0.00441374654691421,,,,0.05,0.9,1e-06,0.2,0.02,1.3,5,3.257836807741166,3.0580207764797445,3.0394485325220795
auto_mpg,uncertainty,1004,200,195,47940,49440,0.8860463353652416,60,49.44,0.20686192468619247,1,1,955,0.0047897448571131325,,,,0.004264665004738408,,,,0.004243935877979604,,,,0.05,0.9,1e-06,0.2,0.05,1.05,5,3.1662652044627206,2.9876764209800704,2.9804065223730274
auto_mpg,uncertainty,1004,200,193,46320,48000,0.8704241581248926,48,48.0,0.200836820083682,1,0,0,0.005070799685089743,,,,0.004467850849834527,,,,0.00441374654691421,,,,0.05,0.9,1e-06,0.2,0.05,1.15,5,3.257836807741166,3.0580207764797445,3.0394485325220795
auto_mpg,uncertainty,1004,200,193,46320,48000,0.8704241581248926,48,48.0,0.200836820083682,1,0,0,0.005070799685089743,,,,0.004467850849834527,,,,0.00441374654691421,,,,0.05,0.9,1e-06,0.2,0.05,1.3,5,3.257836807741166,3.0580207764797445,3.0394485325220795
auto_mpg,uncertainty,1004,200,191,47640,50880,0.9726103360478137,72,50.88,0.21288702928870293,1,1,955,0.004482215900377801,,,,0.003912389555620093,,,,0.004359449513105307,,,,0.05,0.9,1e-06,0.2,0.1,1.05,5,3.0629329111138746,2.8616211951025385,3.02069533328404
auto_mpg,uncertainty,1004,200,193,46320,48000,0.8704241581248926,48,48.0,0.200836820083682,1,0,0,0.005070799685089743,,,,0.004467850849834527,,,,0.00441374654691421,,,,0.05,0.9,1e-06,0.2,0.1,1.15,5,3.257836807741166,3.0580207764797445,3.0394485325220795
auto_mpg,uncertainty,1004,200,193,46320,48000,0.8704241581248926,48,48.0,0.200836820083682,1,0,0,0.005070799685089743,,,,0.004467850849834527,,,,0.00441374654691421,,,,0.05,0.9,1e-06,0.2,0.1,1.3,5,3.257836807741166,3.0580207764797445,3.0394485325220795
diabetes,uncertainty,1000,200,64,23976,131370,1.2687504802482743,265,218.95,0.8262264150943396,1,51,19431,0.01911100572275982,,,,0.020899212449963768,,,,0.024247097688779043,,,,0.01,0.9,1e-05,0.05,0.02,1.05,3,51.66815724258466,54.031392672443374,58.19840499954841
diabetes,uncertainty,1000,200,172,42048,56940,1.2781311554437453,193,94.9,0.35811320754716985,1,36,17766,0.019049020721196675,,,,0.021846602255773055,,,,0.024347146864454952,,,,0.01,0.9,1e-05,0.05,0.02,1.15,3,51.584298445234644,55.242478111678906,58.31835148600762
diabetes,uncertainty,1000,200,149,27531,44820,1.3112613831272153,113,74.7,0.2818867924528302,1,20,12270,0.018993243922798535,,,,0.02215594588921126,,,,0.024905107296281384,,,,0.01,0.9,1e-05,0.05,0.02,1.3,3,51.5087219547287,55.63221467876908,58.9828033385957
diabetes,uncertainty,1000,200,55,31101,146376,1.3154807094326237,265,243.96,0.9206037735849056,1,20,7710,0.018821962169554538,,,,0.022297384020670916,,,,0.02475992814771961,,,,0.01,0.9,1e-05,0.05,0.05,1.05,3,51.275942213435144,55.80950340264641,58.81063807273573
diabetes,uncertainty,1000,200,91,21801,82602,1.2319816799288534,195,137.67,0.5195094339622641,1,14,7035,0.0195166423315845,,,,0.02076034789656062,,,,0.02404414580623605,,,,0.01,0.9,1e-05,0.05,0.05,1.15,3,52.21361384205131,53.851588043848814,57.95432845169048
diabetes,uncertainty,1000,200,133,26520,45669,1.3088981744984491,104,76.115,0.2872264150943396,1,7,4473,0.01939277451427252,,,,0.02320635510190209,,,,0.025383167160191348,,,,0.01,0.9,1e-05,0.05,0.05,1.3,3,52.04765596232573,56.93570047190774,59.54620746855266
diabetes,uncertainty,1000,200,50,27714,146964,1.3375481466589103,265,244.94,0.9243018867924528,1,10,4050,0.02017277686623238,,,,0.025365199548899122,,,,0.026982060310392863,,,,0.01,0.9,1e-05,0.05,0.1,1.05,3,53.08404928474927,59.525128686220754,61.39298582963072
diabetes,uncertainty,1000,200,131,49179,97224,1.223075345995535,265,162.04,0.6114716981132076,1,10,4050,0.020097967642647922,,,,0.020941431606438642,,,,0.024581328728338677,,,,0.01,0.9,1e-05,0.05,0.1,1.15,3,52.985528761698916,54.08594039592251,58.59814643029203
diabetes,uncertainty,1000,200,160,30888,38688,1.288727017423985,65,64.48,0.24332075471698114,1,2,1434,0.020253917515422045,,,,0.02157910036872083,,,,0.026101770710801265,,,,0.01,0.9,1e-05,0.05,0.1,1.3,3,53.190701722026894,54.90322668204499,60.383208594623284
diabetes,uncertainty,1000,200,182,116664,130974,1.3068858956743392,265,218.29,0.8237358490566038,1,48,17496,0.018794698597345998,,,,0.02200283843186574,,,,0.024562526510321772,,,,0.01,0.9,1e-05,0.1,0.02,1.05,3,51.23879220896339,55.43965974720891,58.57573133011866
diabetes,uncertainty,1000,200,116,49503,111243,1.32544439729457,265,185.405,0.6996415094339623,1,48,17496,0.01920476046519782,,,,0.023366906792609984,,,,0.025454842159980708,,,,0.01,0.9,1e-05,0.1,0.02,1.15,3,51.79473896951839,57.132314003412915,59.630219162880664
diabetes,uncertainty,1000,200,165,53955,67710,1.2818814006412387,131,112.85,0.4258490566037736,1,21,11907,0.020304674232517778,,,,0.023878547142933176,,,,0.026028184244743957,,,,0.01,0.9,1e-05,0.1,0.02,1.3,3,53.257308492903725,57.75440991178412,60.29803193907372
diabetes,uncertainty,1000,200,41,21630,148035,1.3088447722189531,265,246.725,0.9310377358490566,1,19,6954,0.018748223040452826,,,,0.02177696182777711,,,,0.02453851371489161,,,,0.01,0.9,1e-05,0.1,0.05,1.05,3,51.17540131803321,55.15435959033947,58.547091951493215
diabetes,uncertainty,1000,200,56,25311,138885,1.3111488209615665,265,231.475,0.8734905660377358,1,19,6954,0.018773689990232843,,,,0.021952138735014923,,,,0.024615101495791755,,,,0.01,0.9,1e-05,0.1,0.05,1.15,3,51.21014698671797,55.37574992507253,58.63838718185808
diabetes,uncertainty,1000,200,143,53196,82095,1.2703413388030214,169,136.825,0.5163207547169811,1,11,5742,0.019169470276376867,,,,0.02277612154843977,,,,0.02435177053503731,,,,0.01,0.9,1e-05,0.1,0.05,1.3,3,51.74712872738641,56.40545245353148,58.32388872712866
diabetes,uncertainty,1000,200,131,54522,109377,1.2536237967877901,265,182.295,0.6879056603773585,1,10,3660,0.019430910639252442,,,,0.020777112782704367,,,,0.024359051970623914,,,,0.01,0.9,1e-05,0.1,0.1,1.05,3,52.09880699899422,53.87332740858633,58.33260780357101
diabetes,uncertainty,1000,200,187,117012,127347,1.2689747728476672,265,212.245,0.8009245283018868,1,10,3660,0.019097370058038306,,,,0.02087278937918535,,,,0.024234080831387003,,,,0.01,0.9,1e-05,0.1,0.1,1.15,3,51.64972138959649,53.99722567075422,58.18278123195616
diabetes,uncertainty,1000,200,71,41652,142272,1.3395287416770234,260,237.12,0.8947924528301887,1,9,3645,0.020108482009712356,,,,0.025213927018259443,,,,0.026935889603505056,,,,0.01,0.9,1e-05,0.1,0.1,1.3,3,52.99938679112085,59.347365797683736,61.34043663291873
diabetes,uncertainty,1000,200,116,18444,33270,1.272393416069856,73,55.45,0.20924528301886794,1,4,2454,0.020797780431982077,,,,0.022902068064812035,,,,0.026462958890520482,,,,0.01,0.9,1e-05,0.2,0.02,1.05,3,53.900115497319874,56.56119179512382,60.79955524831449
diabetes,uncertainty,1000,200,116,18444,31800,1.2361597313935297,53,53.0,0.2,1,0,0,0.021491769205129123,,,,0.021920159286171907,,,,0.02656725964778415,,,,0.01,0.9,1e-05,0.2,0.02,1.15,3,54.79201667880876,55.335400066648326,60.919254701555964
diabetes,uncertainty,1000,200,116,18444,31800,1.2361597313935297,53,53.0,0.2,1,0,0,0.021491769205129123,,,,0.021920159286171907,,,,0.02656725964778415,,,,0.01,0.9,1e-05,0.2,0.02,1.3,3,54.79201667880876,55.335400066648326,60.919254701555964
diabetes,uncertainty,1000,200,116,18444,33945,1.2573764214850534,92,56.575,0.21349056603773586,1,3,1791,0.020340053845015554,,,,0.02171069072721842,,,,0.02557510411645896,,,,0.01,0.9,1e-05,0.2,0.05,1.05,3,53.30368704704904,55.07037346806888,59.77091531311899
diabetes,uncertainty,1000,200,116,18444,31800,1.2361597313935297,53,53.0,0.2,1,0,0,0.021491769205129123,,,,0.021920159286171907,,,,0.02656725964778415,,,,0.01,0.9,1e-05,0.2,0.05,1.15,3,54.79201667880876,55.335400066648326,60.919254701555964
diabetes,uncertainty,1000,200,116,18444,31800,1.2361597313935297,53,53.0,0.2,1,0,0,0.021491769205129123,,,,0.021920159286171907,,,,0.02656725964778415,,,,0.01,0.9,1e-05,0.2,0.05,1.3,3,54.79201667880876,55.335400066648326,60.919254701555964
diabetes,uncertainty,1000,200,187,32385,38040,1.2647287296585752,183,63.4,0.2392452830188679,1,5,2400,0.020136188403619203,,,,0.021414085583423108,,,,0.02546681597987505,,,,0.01,0.9,1e-05,0.2,0.1,1.05,3,53.035886722340535,54.69290209381048,59.64424238003837
diabetes,uncertainty,1000,200,116,18444,31800,1.2361597313935297,53,53.0,0.2,1,0,0,0.021491769205129123,,,,0.021920159286171907,,,,0.02656725964778415,,,,0.01,0.9,1e-05,0.2,0.1,1.15,3,54.79201667880876,55.335400066648326,60.919254701555964
diabetes,uncertainty,1000,200,116,18444,31800,1.2361597313935297,53,53.0,0.2,1,0,0,0.021491769205129123,,,,0.021920159286171907,,,,0.02656725964778415,,,,0.01,0.9,1e-05,0.2,0.1,1.3,3,54.79201667880876,55.335400066648326,60.919254701555964
diabetes,uncertainty,1001,200,177,52878,61365,0.8748057072332107,123,102.275,0.3859433962264151,1,22,13167,0.021059292664787396,,,,0.021000593070164265,,,,0.018422789413450505,,,,0.01,0.9,1e-05,0.05,0.02,1.05,3,56.23330342596798,56.15487782189409,52.595598417200534
diabetes,uncertainty,1001,200,147,30303,45090,0.9092054537652449,93,75.15,0.28358490566037736,1,16,10296,0.021360218015726042,,,,0.0225646340812299,,,,0.019420826713512754,,,,0.01,0.9,1e-05,0.05,0.02,1.15,3,56.63364932991573,58.20842581843008,54.001467676359496
diabetes,uncertainty,1001,200,179,34041,39270,0.886881118084968,83,65.45,0.2469811320754717,1,14,9219,0.021224031944642393,,,,0.02210618897019973,,,,0.01882319318133552,,,,0.01,0.9,1e-05,0.05,0.02,1.3,3,56.45282142362514,57.61408193798242,53.164086572938615
diabetes,uncertainty,1001,200,178,75972,89700,0.9243642296327034,208,149.5,0.5641509433962264,1,15,7245,0.020194421904230264,,,,0.019838642444499788,,,,0.018667001246381598,,,,0.01,0.9,1e-05,0.05,0.05,1.05,3,55.066493115660414,54.579264877395715,52.94305342442941
diabetes,uncertainty,1001,200,175,32331,38181,0.8876843523527201,78,63.635,0.2401320754716981,1,5,3390,0.021506223960537005,,,,0.023239694652521334,,,,0.019090738487961844,,,,0.01,0.9,1e-05,0.05,0.05,1.15,3,56.826876929621825,59.072712822145355,53.54057994720472
diabetes,uncertainty,1001,200,200,49647,49647,0.8600810127355957,130,82.745,0.31224528301886795,1,9,5400,0.02118771845377336,,,,0.021814648550153453,,,,0.01822315434527806,,,,0.01,0.9,1e-05,0.05,0.05,1.3,3,56.40450646069342,57.232908552326606,52.309851076619964
diabetes,uncertainty,1001,200,199,143457,144252,0.9114106681040688,265,240.42,0.9072452830188679,1,10,4050,0.019637417419097327,,,,0.019609745147763966,,,,0.017897751729777974,,,,0.01,0.9,1e-05,0.05,0.1,1.05,3,54.30175834479334,54.26348491245225,51.84071067389483
diabetes,uncertainty,1001,200,198,97422,98592,0.9021051675920199,195,164.32,0.6200754716981132,1,7,3654,0.020013541435646456,,,,0.01872670757427103,,,,0.01805431915091368,,,,0.01,0.9,1e-05,0.05,0.1,1.15,3,54.819324432140604,53.02765490005318,52.06696515070167
diabetes,uncertainty,1001,200,190,52260,55770,0.876663631922359,117,92.95,0.3507547169811321,1,4,2556,0.02099473438439602,,,,0.02230428342744726,,,,0.018405320096669845,,,,0.01,0.9,1e-05,0.05,0.1,1.3,3,56.147044311405786,57.871647275696475,52.57065574791303
diabetes,uncertainty,1001,200,163,105384,132690,0.9268949296255158,246,221.15,0.8345283018867925,1,44,17358,0.019682461370725286,,,,0.019654549859641178,,,,0.018243573647075347,,,,0.01,0.9,1e-05,0.1,0.02,1.05,3,54.364000866363476,54.32544065501674,52.33914983493386
diabetes,uncertainty,1001,200,148,78024,109380,0.8958904739294681,201,182.3,0.6879245283018869,1,35,16170,0.020021975601519557,,,,0.020308719791787336,,,,0.017937497210649602,,,,0.01,0.9,1e-05,0.1,0.02,1.15,3,54.830874276411734,55.222107948135836,51.89824000422947
diabetes,uncertainty,1001,200,193,65034,67785,0.952768418653673,131,112.975,0.4263207547169811,1,21,11907,0.020187780807807885,,,,0.02008502220299648,,,,0.019234279996382088,,,,0.01,0.9,1e-05,0.1,0.02,1.3,3,55.0574378437864,54.91713407643092,53.741486355577734
diabetes,uncertainty,1001,200,192,143256,149616,0.9319188458298107,265,249.36,0.9409811320754717,1,19,6954,0.019849287679950537,,,,0.019879997929673713,,,,0.018497925265243385,,,,0.01,0.9,1e-05,0.1,0.05,1.05,3,54.59390628259324,54.63612302431029,52.70274272378242
diabetes,uncertainty,1001,200,140,93561,138021,0.8830835866316089,247,230.035,0.8680566037735848,1,17,6885,0.020943481925424223,,,,0.02167980571276453,,,,0.018494845135257898,,,,0.01,0.9,1e-05,0.1,0.05,1.15,3,56.07846920043807,57.05574753306891,52.69835471664242
diabetes,uncertainty,1001,200,128,56706,93210,0.8877099353169233,169,155.35,0.5862264150943396,1,11,5742,0.02023152109308243,,,,0.01958271203093736,,,,0.017959722280903173,,,,0.01,0.9,1e-05,0.1,0.05,1.3,3,55.11705125578798,54.22606940757773,51.930381750396045
diabetes,uncertainty,1001,200,145,110790,154515,0.9519723534616003,265,257.525,0.9717924528301886,1,10,3660,0.020565446815692626,,,,0.020270760459797876,,,,0.01957773680512428,,,,0.01,0.9,1e-05,0.1,0.1,1.05,3,55.57004924794332,55.170475576086204,54.21918057426212
diabetes,uncertainty,1001,200,107,78000,150540,0.8853746856380835,260,250.9,0.9467924528301886,1,9,3645,0.020371160083289444,,,,0.020784920772143396,,,,0.018036109454825467,,,,0.01,0.9,1e-05,0.1,0.1,1.15,3,55.30693452232216,55.86578344292826,52.04070099764353
diabetes,uncertainty,1001,200,174,85878,100074,0.9090036435381178,182,166.79,0.6293962264150943,1,6,3132,0.020516093112167105,,,,0.021448214377618825,,,,0.01864920339012718,,,,0.01,0.9,1e-05,0.1,0.1,1.3,3,55.503329687270494,56.75018449431973,52.917808406516464
diabetes,uncertainty,1001,200,197,39453,40065,0.9650780579360451,68,66.775,0.25198113207547174,1,3,1863,0.020670298378726852,,,,0.021149571418369907,,,,0.019948451416300292,,,,0.01,0.9,1e-05,0.2,0.02,1.05,3,55.71152924602504,56.35370736064848,54.73010741793625
diabetes,uncertainty,1001,200,192,38178,39810,0.9564380371980892,68,66.35,0.250377358490566,1,3,1863,0.020150497653102995,,,,0.022512140058050096,,,,0.01927270242389853,,,,0.01,0.9,1e-05,0.2,0.02,1.15,3,55.00657381826054,58.14067879369474,53.79513661418208
diabetes,uncertainty,1001,200,192,37578,39210,0.975497668456375,68,65.35,0.24660377358490565,1,3,1863,0.02093134154635411,,,,0.022466994684936528,,,,0.02041847487613249,,,,0.01,0.9,1e-05,0.2,0.02,1.3,3,56.06221324626539,58.082352489030605,55.37112621321033
diabetes,uncertainty,1001,200,200,143019,143019,0.9211270779501795,265,238.365,0.8994905660377359,1,17,5508,0.019674391341367753,,,,0.01953343678471375,,,,0.01812261460672239,,,,0.01,0.9,1e-05,0.2,0.05,1.05,3,54.352854799469846,54.15780292076733,52.165351043970354
diabetes,uncertainty,1001,200,188,51186,54498,0.9387672811803404,92,90.83,0.3427547169811321,1,3,1791,0.020299476913177024,,,,0.02172115378671582,,,,0.019056484751166284,,,,0.01,0.9,1e-05,0.2,0.05,1.15,3,55.20954021040419,57.11013043485847,53.492525537847925
diabetes,uncertainty,1001,200,169,47970,57735,0.9468783114950377,105,96.225,0.3631132075471698,1,4,2310,0.02001393902253776,,,,0.02095349239005092,,,,0.0189507647880252,,,,0.01,0.9,1e-05,0.2,0.05,1.3,3,54.819868946878515,56.091869657674835,53.343938504781484
diabetes,uncertainty,1001,200,187,143271,153606,0.934322747221009,265,256.01,0.9660754716981131,1,9,2916,0.019930205962489032,,,,0.019750550459206543,,,,0.01862124478755329,,,,0.01,0.9,1e-05,0.2,0.1,1.05,3,54.70507279087556,54.45795251742607,52.87812674094127
diabetes,uncertainty,1001,200,119,82959,146382,0.9070140817348787,261,243.97,0.9206415094339623,1,8,2904,0.019658102368371195,,,,0.01982223727616215,,,,0.017830175668298445,,,,0.01,0.9,1e-05,0.2,0.1,1.15,3,54.33035002418756,54.55669359481679,51.74275132994899
diabetes,uncertainty,1001,200,192,43398,45294,0.9593390999699841,79,75.49,0.28486792452830184,1,1,636,0.02025844442587533,,,,0.020405677622602137,,,,0.01943471784231118,,,,0.01,0.9,1e-05,0.2,0.1,1.3,3,55.153712892450336,55.35377160157068,54.02077703078268
diabetes,uncertainty,1002,200,182,60813,70425,0.8552503413076429,178,117.375,0.4429245283018868,1,33,17028,0.019615320722554497,,,,0.019928664488007237,,,,0.016776009742823613,,,,0.01,0.9,1e-05,0.05,0.02,1.05,3,55.321608940237496,55.76172411916018,51.16128340966491
diabetes,uncertainty,1002,200,166,6729,8790,0.9389814197418656,23,14.65,0.05528301886792453,1,2,1497,0.02323470851441347,,,,0.022775900453806192,,,,0.02181695958815237,,,,0.01,0.9,1e-05,0.05,0.02,1.15,3,60.209595547232844,59.61216208379891,58.34373248037422
diabetes,uncertainty,1002,200,178,7002,8190,0.9335848842706229,18,13.65,0.05150943396226415,1,1,756,0.022865038479177424,,,,0.02197257068102485,,,,0.021346454302426196,,,,0.01,0.9,1e-05,0.05,0.02,1.3,3,59.72870020947767,58.5514332916531,57.71118204071068
diabetes,uncertainty,1002,200,123,65262,126477,0.7804823609271718,265,210.795,0.7954528301886792,1,20,7710,0.019179084187815797,,,,0.019713019663756756,,,,0.014968936907327462,,,,0.01,0.9,1e-05,0.05,0.05,1.05,3,54.702985388404166,55.45920927165882,48.32730471447551
diabetes,uncertainty,1002,200,188,11115,12987,0.9344378490723385,52,21.645,0.08167924528301887,1,3,2151,0.02129072274740211,,,,0.02225746011245204,,,,0.019894857169277937,,,,0.01,0.9,1e-05,0.05,0.05,1.15,3,57.63579631325844,58.9297905481203,55.714406483750594
diabetes,uncertainty,1002,200,199,8736,8814,0.857143715496581,26,14.69,0.05543396226415094,1,1,756,0.02245840098822352,,,,0.022582953012697762,,,,0.019250077267157994,,,,0.01,0.9,1e-05,0.05,0.05,1.3,3,59.19520262814863,59.359120982425004,54.804135844006574
diabetes,uncertainty,1002,200,94,65514,149784,0.7716798242494283,265,249.64,0.9420377358490566,1,10,4050,0.01915970679167035,,,,0.02030924937136172,,,,0.014785159169666752,,,,0.01,0.9,1e-05,0.05,0.1,1.05,3,54.675344097411646,56.29165686997241,48.02972474881836
diabetes,uncertainty,1002,200,196,11622,12402,0.9196249144068063,65,20.67,0.078,1,2,1434,0.021851801734498726,,,,0.022436112585835714,,,,0.02009546129972289,,,,0.01,0.9,1e-05,0.05,0.1,1.15,3,58.39030198265088,59.16582177410382,55.99459214325312
diabetes,uncertainty,1002,200,181,7605,9828,0.8972889786580491,39,16.38,0.06181132075471698,1,1,756,0.022657223400932864,,,,0.023423746427934405,,,,0.0203300768446503,,,,0.01,0.9,1e-05,0.05,0.1,1.3,3,59.456650436520135,60.4540324247975,56.32051348919471
diabetes,uncertainty,1002,200,200,49155,49155,0.8729614311710653,131,81.925,0.3091509433962264,1,21,11907,0.019794874669272298,,,,0.020029609027642573,,,,0.01728016212113981,,,,0.01,0.9,1e-05,0.1,0.02,1.05,3,55.5742325207754,55.902770490718375,51.924342027134436
diabetes,uncertainty,1002,200,177,17226,20910,0.7938185766992683,56,34.85,0.13150943396226417,1,6,4077,0.020650975398750705,,,,0.023503649675649337,,,,0.01639312789848789,,,,0.01,0.9,1e-05,0.1,0.02,1.15,3,56.76326661310181,60.557055250756605,50.574082101028516
diabetes,uncertainty,1002,200,165,13365,17670,0.8414910155995716,41,29.45,0.11113207547169811,1,3,2106,0.01998594187552816,,,,0.022426577757386715,,,,0.0168179905265522,,,,0.01,0.9,1e-05,0.1,0.02,1.3,3,55.8417995871308,59.15324838583475,51.22525716778108
diabetes,uncertainty,1002,200,141,23244,50544,0.8086755922227965,195,84.24,0.3178867924528302,1,13,6279,0.01980131351660651,,,,0.022294842518885975,,,,0.016012838934831033,,,,0.01,0.9,1e-05,0.1,0.05,1.05,3,55.58327033765223,58.97925740469427,49.98402939746866
diabetes,uncertainty,1002,200,193,21333,22971,0.8789746696577877,78,38.285,0.14447169811320754,1,4,2634,0.019959777421649973,,,,0.021456298792330054,,,,0.017544138765637755,,,,0.01,0.9,1e-05,0.1,0.05,1.15,3,55.805235168512084,57.85947648461138,52.31944429090041
diabetes,uncertainty,1002,200,196,16965,17433,0.758994839261363,39,29.055,0.10964150943396227,1,1,717,0.01992586322457238,,,,0.021457597716359182,,,,0.015123627355278219,,,,0.01,0.9,1e-05,0.1,0.05,1.3,3,55.757804921050344,57.86122781012291,48.576372426389405
diabetes,uncertainty,1002,200,167,73398,93990,0.7772533604407181,208,156.65,0.5911320754716981,1,7,3381,0.0197907660221542,,,,0.022220241624392966,,,,0.015382439396415336,,,,0.01,0.9,1e-05,0.1,0.1,1.05,3,55.568464695424225,58.880499313829816,48.99025522311251
diabetes,uncertainty,1002,200,160,15990,22230,0.8123610791730779,52,37.05,0.13981132075471697,1,1,717,0.020004220057820772,,,,0.020748373444315373,,,,0.016250649794187014,,,,0.01,0.9,1e-05,0.1,0.1,1.15,3,55.86732886510224,56.89696799170678,50.35382442414904
diabetes,uncertainty,1002,200,188,17394,19266,0.8318146499519029,52,32.11,0.12116981132075472,1,1,717,0.019648438659707106,,,,0.020732962260669122,,,,0.016343859125825703,,,,0.01,0.9,1e-05,0.1,0.1,1.3,3,55.368290942386885,56.87583350352679,50.49802590306828
diabetes,uncertainty,1002,200,117,34803,60495,0.8591474724356022,108,100.825,0.3804716981132076,1,11,6171,0.020480282730527658,,,,0.02087813146036735,,,,0.01759558314269935,,,,0.01,0.9,1e-05,0.2,0.02,1.05,3,56.52818865867346,57.07460434469797,52.39609584539354
diabetes,uncertainty,1002,200,180,40680,45360,0.9137277823422686,78,75.6,0.2852830188679245,1,5,3030,0.021164929306109057,,,,0.02146393684106926,,,,0.019338983918301918,,,,0.01,0.9,1e-05,0.2,0.02,1.15,3,57.465277298431836,57.86977402433701,54.930546746351034
diabetes,uncertainty,1002,200,191,32859,34425,0.8787156116655547,58,57.375,0.21650943396226416,1,1,636,0.022234364561008288,,,,0.022894326668847782,,,,0.01953768325522133,,,,0.01,0.9,1e-05,0.2,0.02,1.3,3,58.89920823433298,59.76694168607739,55.21201888987495
diabetes,uncertainty,1002,200,59,29622,132672,0.7983095409738915,265,221.12,0.8344150943396227,1,17,5508,0.019443931138727097,,,,0.019479093333712182,,,,0.015522275742085185,,,,0.01,0.9,1e-05,0.2,0.05,1.05,3,55.07939139024591,55.12917138314745,49.21242803051726
diabetes,uncertainty,1002,200,104,23010,45762,0.8730107597721937,79,76.27,0.287811320754717,1,2,1233,0.020136757309081522,,,,0.02037424310401991,,,,0.017579605797749535,,,,0.01,0.9,1e-05,0.2,0.05,1.15,3,56.05209683097899,56.381657303636494,52.37230178819594
diabetes,uncertainty,1002,200,191,36843,38625,0.8853070903176067,66,64.375,0.2429245283018868,1,1,636,0.02177969113921593,,,,0.021397684524198855,,,,0.019281714990475415,,,,0.01,0.9,1e-05,0.2,0.05,1.3,3,58.29387883814359,57.78039224415257,54.84915296874625
diabetes,uncertainty,1002,200,196,148326,151506,0.796033754915874,265,252.51,0.9528679245283018,1,9,2916,0.01938658757561111,,,,0.019428176406910674,,,,0.015432378102819144,,,,0.01,0.9,1e-05,0.2,0.1,1.05,3,54.99811202654799,55.05707242387883,49.06971360719723
diabetes,uncertainty,1002,200,176,65034,74466,0.85471967814418,131,124.11,0.4683396226415094,1,3,1674,0.020013438312780473,,,,0.020256405491365644,,,,0.017105879553258128,,,,0.01,0.9,1e-05,0.2,0.1,1.15,3,55.88019964845843,56.21837481455974,51.66183172611188
diabetes,uncertainty,1002,200,181,40947,45450,0.8267616053538336,79,75.75,0.2858490566037736,1,1,636,0.021462391410438604,,,,0.022543194029155545,,,,0.01774428117722655,,,,0.01,0.9,1e-05,0.2,0.1,1.3,3,57.86769063833188,59.30684486970281,52.6170264332447
diabetes,uncertainty,1003,200,192,131448,137808,0.9593818600724289,265,229.68,0.8667169811320755,1,51,19431,0.020667692432074045,,,,0.022768009571041775,,,,0.01982820920888806,,,,0.01,0.9,1e-05,0.05,0.02,1.05,3,56.786236992024335,59.601834647280725,55.62100629992916
diabetes,uncertainty,1003,200,185,107100,116910,0.9220565704922273,218,194.85,0.7352830188679245,1,41,18696,0.019710129017932107,,,,0.020361294056732173,,,,0.018173853966233812,,,,0.01,0.9,1e-05,0.05,0.02,1.15,3,55.45514295376811,56.363737502064545,53.250122676681514
diabetes,uncertainty,1003,200,198,25257,25575,0.8539467408811725,53,42.625,0.16084905660377358,1,8,5628,0.02037310983331377,,,,0.019630717968137562,,,,0.01739755074377246,,,,0.01,0.9,1e-05,0.05,0.02,1.3,3,56.380089231419106,55.34331731093342,52.10041127282105
diabetes,uncertainty,1003,200,175,131415,151290,0.8296547334790086,265,252.15,0.9515094339622642,1,20,7710,0.019102088969806356,,,,0.01803792344803353,,,,0.015848138533137004,,,,0.01,0.9,1e-05,0.05,0.05,1.05,3,54.59307127753519,53.05060796993219,49.72630907912532
diabetes,uncertainty,1003,200,176,131454,150534,0.8762933502974375,265,250.89,0.946754716981132,1,20,7710,0.01916260898543512,,,,0.019203869619961133,,,,0.016792066828286722,,,,0.01,0.9,1e-05,0.05,0.05,1.15,3,54.67948488192363,54.73832074017649,51.185761954702166
diabetes,uncertainty,1003,200,190,67353,72033,0.922481209172724,156,120.055,0.45303773584905666,1,11,6171,0.020051105571826537,,,,0.0198815011751631,,,,0.018496768113148487,,,,0.01,0.9,1e-05,0.05,0.05,1.3,3,55.9327609442287,55.69570199624763,53.72111544685193
diabetes,uncertainty,1003,200,175,135075,154950,0.8135073137598816,265,258.25,0.9745283018867924,1,10,4050,0.01925947667312126,,,,0.017752752322790014,,,,0.015667725132771978,,,,0.01,0.9,1e-05,0.05,0.1,1.05,3,54.81751406187392,52.62958465695233,49.44245962571793
diabetes,uncertainty,1003,200,176,135114,154194,0.8490663195573102,265,256.99,0.9697735849056605,1,10,4050,0.01902817819252971,,,,0.01839764897257449,,,,0.016156185225811873,,,,0.01,0.9,1e-05,0.05,0.1,1.15,3,54.48735176616173,53.57698368652284,50.20725843797187
diabetes,uncertainty,1003,200,175,131607,151482,0.8279896600419038,265,252.47,0.9527169811320755,1,10,4050,0.01913701937658804,,,,0.01804083229972274,,,,0.015845254167836456,,,,0.01,0.9,1e-05,0.05,0.1,1.3,3,54.64296339175017,53.05488535058991,49.721783772675366
diabetes,uncertainty,1003,200,120,72390,134994,0.8964895896543005,265,224.99,0.8490188679245283,1,48,17496,0.019487952330382273,,,,0.019998287123736355,,,,0.017470746387866973,,,,0.01,0.9,1e-05,0.1,0.02,1.05,3,55.141706197286766,55.85904356933588,52.20989566324514
diabetes,uncertainty,1003,200,183,72639,80850,0.8042256414859854,161,134.75,0.5084905660377359,1,27,14094,0.0198639981748278,,,,0.018487613297597398,,,,0.01597513667462733,,,,0.01,0.9,1e-05,0.1,0.02,1.15,3,55.67118029310594,53.70781940050846,49.92515097281859
diabetes,uncertainty,1003,200,146,14568,21210,0.796244009139582,41,35.35,0.13339622641509435,1,3,2106,0.02396232255051447,,,,0.023836355257807522,,,,0.019079855775917455,,,,0.01,0.9,1e-05,0.1,0.02,1.3,3,61.14508464254523,60.98415637769713,54.56129120024122
diabetes,uncertainty,1003,200,197,148695,151080,0.8965842178088658,265,251.8,0.950188679245283,1,19,6954,0.019295994672065466,,,,0.01983430183684821,,,,0.017300484289897857,,,,0.01,0.9,1e-05,0.1,0.05,1.05,3,54.869459344056,55.629550996698164,51.95486561748873
diabetes,uncertainty,1003,200,196,131409,134589,0.8244515901276487,265,224.315,0.8464716981132075,1,19,6954,0.019214484177985307,,,,0.01801472803852917,,,,0.015841412034022534,,,,0.01,0.9,1e-05,0.1,0.05,1.15,3,54.75344641088958,53.01648745637072,49.715755174877565
diabetes,uncertainty,1003,200,193,25116,26208,0.8459304836862371,52,43.68,0.1648301886792453,1,2,1395,0.022476545630966575,,,,0.022837707697562805,,,,0.019013595117199335,,,,0.01,0.9,1e-05,0.1,0.05,1.3,3,59.21911036204072,59.6929924154606,54.46646838341023
diabetes,uncertainty,1003,200,171,131568,154623,0.8642791810742305,265,257.705,0.9724716981132074,1,10,3660,0.019041238717135534,,,,0.018781816671100893,,,,0.01645694620508483,,,,0.01,0.9,1e-05,0.1,0.1,1.05,3,54.506048020757035,54.13347343472906,50.67242871274635
diabetes,uncertainty,1003,200,196,134952,138132,0.9035180063623794,265,230.22,0.868754716981132,1,10,3660,0.019463509005611133,,,,0.020157417820577873,,,,0.01758563085356599,,,,0.01,0.9,1e-05,0.1,0.1,1.15,3,55.10711381119934,56.080844460971356,52.381275795150636
diabetes,uncertainty,1003,200,197,46020,46956,0.8132320277313575,104,78.26,0.29532075471698116,1,3,1917,0.0206710998916687,,,,0.02033816993064059,,,,0.01681040048033918,,,,0.01,0.9,1e-05,0.1,0.1,1.3,3,56.790917941142744,56.331722532052915,51.213696751405486
diabetes,uncertainty,1003,200,179,97356,109515,0.9329217824993394,193,182.525,0.6887735849056604,1,28,12138,0.020051049675685058,,,,0.021324820506248714,,,,0.018706061004422906,,,,0.01,0.9,1e-05,0.2,0.02,1.05,3,55.93268298274955,57.68193061511946,54.024190583618044
diabetes,uncertainty,1003,200,183,105552,116160,0.7922712856073157,208,193.6,0.730566037735849,1,31,12741,0.02014924318492358,,,,0.01751988364808653,,,,0.01596366680213385,,,,0.01,0.9,1e-05,0.2,0.02,1.15,3,56.06947179997062,52.28326545074151,49.90722505612724
diabetes,uncertainty,1003,200,192,52293,54525,0.8199062953853352,93,90.875,0.3429245283018868,1,8,4668,0.021047512302187606,,,,0.017260756731015257,,,,0.017256987838763907,,,,0.01,0.9,1e-05,0.2,0.02,1.3,3,57.30565510443818,51.89517866773999,51.88951269325179
diabetes,uncertainty,1003,200,194,148722,153492,0.7870046720812622,265,255.82,0.9653584905660377,1,17,5508,0.019701670369836444,,,,0.017464742192384478,,,,0.01550530662886625,,,,0.01,0.9,1e-05,0.2,0.05,1.05,3,55.44324232450453,52.200923368909756,49.18552090573868
diabetes,uncertainty,1003,200,173,131445,152910,0.8578200721079638,265,254.85,0.9616981132075472,1,17,5508,0.019133462828309113,,,,0.01877902025368056,,,,0.01641306846305517,,,,0.01,0.9,1e-05,0.2,0.05,1.15,3,54.63788555377055,54.12944332875139,50.6048318537685
diabetes,uncertainty,1003,200,198,82923,83787,0.8224003796195496,144,139.645,0.5269622641509434,1,7,3633,0.02046120533240097,,,,0.017185857604086138,,,,0.01682730303284011,,,,0.01,0.9,1e-05,0.2,0.05,1.3,3,56.50185450043088,51.78246259765501,51.239437503732205
diabetes,uncertainty,1003,200,169,131439,156084,0.8355623880616294,265,260.14,0.9816603773584905,1,9,2916,0.01910399334312924,,,,0.018205596011946948,,,,0.01596257829929854,,,,0.01,0.9,1e-05,0.2,0.1,1.05,3,54.5957925243488,53.29660512419176,49.905523533453234
diabetes,uncertainty,1003,200,169,131439,156084,0.8355623880616294,265,260.14,0.9816603773584905,1,9,2916,0.01910399334312924,,,,0.018205596011946948,,,,0.01596257829929854,,,,0.01,0.9,1e-05,0.2,0.1,1.15,3,54.5957925243488,53.29660512419176,49.905523533453234
diabetes,uncertainty,1003,200,104,32058,62298,0.8696589418303368,105,103.83,0.391811320754717,1,2,1194,0.021123407587878493,,,,0.01768198930007626,,,,0.018370160290725315,,,,0.01,0.9,1e-05,0.2,0.1,1.3,3,57.40888144615554,52.52458834245537,53.53694293999628
diabetes,uncertainty,1004,200,75,16875,87150,1.1450151203370855,198,145.25,0.5481132075471699,1,37,17982,0.01786554235927916,,,,0.01933355011723463,,,,0.020456316134397325,,,,0.01,0.9,1e-05,0.05,0.02,1.05,3,53.631895684880284,55.791861212428046,57.38901341399701
diabetes,uncertainty,1004,200,191,7449,7800,0.8549635589587471,13,13.0,0.04905660377358491,1,0,0,0.025878798485262648,,,,0.02570029743713821,,,,0.022125429654536385,,,,0.01,0.9,1e-05,0.05,0.02,1.15,3,64.54864051047024,64.3256406427017,59.68440956702339
diabetes,uncertainty,1004,200,191,7449,7800,0.8549635589587471,13,13.0,0.04905660377358491,1,0,0,0.025878798485262648,,,,0.02570029743713821,,,,0.022125429654536385,,,,0.01,0.9,1e-05,0.05,0.02,1.3,3,64.54864051047024,64.3256406427017,59.68440956702339
diabetes,uncertainty,1004,200,68,16692,77922,1.149386092776086,156,129.87,0.4900754716981132,1,11,6171,0.018144844764985783,,,,0.019145557267303624,,,,0.020855432228455626,,,,0.01,0.9,1e-05,0.05,0.05,1.05,3,54.049499151080546,55.519948081469906,57.94615755504598
diabetes,uncertainty,1004,200,191,7449,7800,0.8549635589587471,13,13.0,0.04905660377358491,1,0,0,0.025878798485262648,,,,0.02570029743713821,,,,0.022125429654536385,,,,0.01,0.9,1e-05,0.05,0.05,1.15,3,64.54864051047024,64.3256406427017,59.68440956702339
diabetes,uncertainty,1004,200,191,7449,7800,0.8549635589587471,13,13.0,0.04905660377358491,1,0,0,0.025878798485262648,,,,0.02570029743713821,,,,0.022125429654536385,,,,0.01,0.9,1e-05,0.05,0.05,1.3,3,64.54864051047024,64.3256406427017,59.68440956702339
diabetes,uncertainty,1004,200,45,10803,108420,1.1513130465712722,221,180.7,0.6818867924528301,1,8,3864,0.017578689555182762,,,,0.01796617727721666,,,,0.020238574626508066,,,,0.01,0.9,1e-05,0.05,0.1,1.05,3,53.19959102368039,53.78273527614487,57.082765679674736
diabetes,uncertainty,1004,200,191,7449,7800,0.8549635589587471,13,13.0,0.04905660377358491,1,0,0,0.025878798485262648,,,,0.02570029743713821,,,,0.022125429654536385,,,,0.01,0.9,1e-05,0.05,0.1,1.15,3,64.54864051047024,64.3256406427017,59.68440956702339
diabetes,uncertainty,1004,200,191,7449,7800,0.8549635589587471,13,13.0,0.04905660377358491,1,0,0,0.025878798485262648,,,,0.02570029743713821,,,,0.022125429654536385,,,,0.01,0.9,1e-05,0.05,0.1,1.3,3,64.54864051047024,64.3256406427017,59.68440956702339
diabetes,uncertainty,1004,200,102,27531,68940,1.1359627096339442,141,114.9,0.4335849056603774,1,23,12696,0.017783291928309956,,,,0.01775664534372339,,,,0.020201156485094428,,,,0.01,0.9,1e-05,0.1,0.02,1.05,3,53.508296430100835,53.468192835533685,57.029972456658356
diabetes,uncertainty,1004,200,108,20529,55020,1.1160811325801063,146,91.7,0.3460377358490566,1,24,13068,0.01792352697452883,,,,0.018669128079156827,,,,0.020004110285562225,,,,0.01,0.9,1e-05,0.1,0.02,1.15,3,53.71885933645687,54.824800877494056,56.751149877318255
diabetes,uncertainty,1004,200,132,12246,18945,0.9988032582527205,36,31.575,0.11915094339622641,1,2,1419,0.019924090116796557,,,,0.0203157154336521,,,,0.019900246126377228,,,,0.01,0.9,1e-05,0.1,0.02,1.3,3,56.6375285494967,57.19144978161816,56.60362815651755
diabetes,uncertainty,1004,200,53,17745,106782,1.1510850041157634,208,177.97,0.6715849056603773,1,14,6489,0.017654688362567315,,,,0.018129432303455872,,,,0.020322047026488318,,,,0.01,0.9,1e-05,0.1,0.05,1.05,3,53.314467190659464,54.026539108982064,57.20036122668369
diabetes,uncertainty,1004,200,81,14274,54756,1.1871806035964436,130,91.26,0.34437735849056605,1,8,4644,0.01795938242785739,,,,0.019186562425753277,,,,0.0213210304709231,,,,0.01,0.9,1e-05,0.1,0.05,1.15,3,53.772563937570276,55.579371438961665,58.58941218282302
diabetes,uncertainty,1004,200,198,25974,26286,1.0520743891335844,52,43.81,0.16532075471698113,1,2,1395,0.019279693162979755,,,,0.01973142401140354,,,,0.02028367140712487,,,,0.01,0.9,1e-05,0.1,0.05,1.3,3,55.714098070060395,56.36302064462112,57.14632787663331
diabetes,uncertainty,1004,200,55,13416,64896,1.126662795416963,130,108.16,0.40815094339622643,1,4,2400,0.018326669841252564,,,,0.018078719156771235,,,,0.020647977074029364,,,,0.01,0.9,1e-05,0.1,0.1,1.05,3,54.319632545363284,53.95092244103756,57.65723346972959
diabetes,uncertainty,1004,200,68,16926,68406,1.1764581163178283,130,114.01,0.4302264150943396,1,4,2400,0.017964678145568857,,,,0.019516567782091054,,,,0.021134691411391994,,,,0.01,0.9,1e-05,0.1,0.1,1.15,3,53.78049136300437,56.055311144920246,58.33282386606568
diabetes,uncertainty,1004,200,199,37830,38064,1.1440590374287667,78,63.44,0.23939622641509434,1,2,1356,0.018728574902540485,,,,0.01877580637462867,,,,0.021426595375413023,,,,0.01,0.9,1e-05,0.1,0.1,1.3,3,54.91201892762006,54.9812164608303,58.734277338678226
diabetes,uncertainty,1004,200,167,27828,33570,1.0566028982162214,58,55.95,0.21113207547169813,1,1,636,0.019535882332056758,,,,0.017563404494493364,,,,0.020641669891262246,,,,0.01,0.9,1e-05,0.2,0.02,1.05,3,56.08304182439894,53.176456881151395,57.64842673570916
diabetes,uncertainty,1004,200,194,31626,32670,1.0453951049454318,58,54.45,0.20547169811320756,1,1,636,0.01923426407062017,,,,0.01745359665617875,,,,0.02010740550665412,,,,0.01,0.9,1e-05,0.2,0.02,1.15,3,55.64841928489486,53.00996446791446,56.89748416575568
diabetes,uncertainty,1004,200,72,11448,31800,0.9885426997066807,53,53.0,0.2,1,0,0,0.024772278069132406,,,,0.02184870054511823,,,,0.02448845464034475,,,,0.01,0.9,1e-05,0.2,0.02,1.3,3,63.15358640500791,59.30999010587202,62.79075935442953
diabetes,uncertainty,1004,200,139,24324,36402,1.1017280213875522,66,60.67,0.2289433962264151,1,1,636,0.02058542768596869,,,,0.01780186923018244,,,,0.022679542513878822,,,,0.01,0.9,1e-05,0.2,0.05,1.05,3,57.56983604433591,53.53623783457374,60.42716095862578
diabetes,uncertainty,1004,200,200,34062,34062,1.0817159919392736,66,56.77,0.21422641509433962,1,1,636,0.018589206843348374,,,,0.016458309134557588,,,,0.02010824231991692,,,,0.01,0.9,1e-05,0.2,0.05,1.15,3,54.70732444028662,51.476339096441144,56.898668109501905
diabetes,uncertainty,1004,200,72,11448,31800,0.9885426997066807,53,53.0,0.2,1,0,0,0.024772278069132406,,,,0.02184870054511823,,,,0.02448845464034475,,,,0.01,0.9,1e-05,0.2,0.05,1.3,3,63.15358640500791,59.30999010587202,62.79075935442953
diabetes,uncertainty,1004,200,189,38397,41004,1.106960738385713,79,68.34,0.2578867924528302,1,1,636,0.020833054642131428,,,,0.01767650257602351,,,,0.02306137354948371,,,,0.01,0.9,1e-05,0.2,0.1,1.05,3,57.915061504163475,53.34739482181918,60.933711316996344
diabetes,uncertainty,1004,200,197,35613,36324,1.1053422248565763,79,60.54,0.22845283018867923,1,1,636,0.018687288521919317,,,,0.01664137115238112,,,,0.020655849071355058,,,,0.01,0.9,1e-05,0.2,0.1,1.15,3,54.85145987954492,51.761827225048634,57.66822327115982
diabetes,uncertainty,1004,200,72,11448,31800,0.9885426997066807,53,53.0,0.2,1,0,0,0.024772278069132406,,,,0.02184870054511823,,,,0.02448845464034475,,,,0.01,0.9,1e-05,0.2,0.1,1.3,3,63.15358640500791,59.30999010587202,62.79075935442953
diabetes,uncertainty,1000,200,58,39420,227015,1.3323158482455986,265,227.015,0.8566603773584905,1,51,32385,0.019413498346812334,,,,0.02381423792457107,,,,0.0258649115173478,,,,0.01,0.9,1e-05,0.05,0.02,1.05,5,52.075458556901005,57.67658597589909,60.10861204106918
diabetes,uncertainty,1000,200,81,52515,202500,1.3206125211369135,265,202.5,0.7641509433962265,1,51,32385,0.018956044965654093,,,,0.022640273136829703,,,,0.02503359033287715,,,,0.01,0.9,1e-05,0.05,0.02,1.15,5,51.45825638282029,56.23698542087471,59.13475090510377
diabetes,uncertainty,1000,200,143,24070,47125,1.187872912219525,83,47.125,0.17783018867924527,1,14,15365,0.022524926809213246,,,,0.022446998862322286,,,,0.026756750406391795,,,,0.01,0.9,1e-05,0.05,0.02,1.3,5,56.09354605353556,55.99643048459755,61.13612172697385
diabetes,uncertainty,1000,200,39,35830,249155,1.289220340925805,265,249.155,0.9402075471698114,1,20,12850,0.01879623122904202,,,,0.021191262810360448,,,,0.024232483633225818,,,,0.01,0.9,1e-05,0.05,0.05,1.05,5,51.240881324564505,54.40760640912598,58.18086387096626
diabetes,uncertainty,1000,200,56,35425,221105,1.3187413216072694,265,221.105,0.8343584905660377,1,20,12850,0.01890757502877209,,,,0.022613874429823044,,,,0.024934200481831512,,,,0.01,0.9,1e-05,0.05,0.05,1.15,5,51.39242580300704,56.20418951105604,59.01724400117386
diabetes,uncertainty,1000,200,121,45630,131820,1.2442103164799452,221,131.82,0.49743396226415093,1,16,12360,0.01931808186605906,,,,0.02064494622511045,,,,0.02403575675235483,,,,0.01,0.9,1e-05,0.05,0.05,1.3,5,51.947326641204945,53.701705592546986,57.944217375114235
diabetes,uncertainty,1000,200,42,42070,251420,1.3180337331240717,265,251.42,0.948754716981132,1,10,6750,0.01881981798500555,,,,0.022458871693211112,,,,0.024805154955492407,,,,0.01,0.9,1e-05,0.05,0.1,1.05,5,51.273021470809226,56.01123754776758,58.86432570666179
diabetes,uncertainty,1000,200,66,35750,209480,1.2058250843760046,265,209.48,0.7904905660377358,1,10,6750,0.021017009447250896,,,,0.021064743837040167,,,,0.025342837190062594,,,,0.01,0.9,1e-05,0.05,0.1,1.15,5,54.18345085208325,54.24494739972373,59.49888375566367
diabetes,uncertainty,1000,200,140,50180,119600,1.3290911920766897,247,119.6,0.45132075471698113,1,9,6660,0.020947454717039293,,,,0.02643844370855102,,,,0.02784107756084223,,,,0.01,0.9,1e-05,0.05,0.1,1.3,5,54.093717853226,60.77138648744584,62.36260116018123
diabetes,uncertainty,1000,200,63,43690,224865,1.2784528646412396,265,224.865,0.8485471698113208,1,48,29160,0.01890650519161563,,,,0.021012023320044072,,,,0.024171075722575472,,,,0.01,0.9,1e-05,0.1,0.02,1.05,5,51.39097182743455,54.1770231630079,58.107098596497465
diabetes,uncertainty,1000,200,90,60025,201100,1.2675249101634218,265,201.1,0.7588679245283019,1,48,29160,0.019134946878965966,,,,0.020936198292028377,,,,0.024254021823743185,,,,0.01,0.9,1e-05,0.1,0.02,1.15,5,51.70051054399808,54.079181869990826,58.206714135168504
diabetes,uncertainty,1000,200,178,23140,26750,1.2069560183957537,41,26.75,0.1009433962264151,1,3,3510,0.02105624828631645,,,,0.0245551433003,,,,0.025413965594004915,,,,0.01,0.9,1e-05,0.1,0.02,1.3,5,54.234007623287226,58.566927076397505,59.58232144045582
diabetes,uncertainty,1000,200,188,62920,70200,1.3056292697442013,143,70.2,0.2649056603773585,1,9,8415,0.019724667359750498,,,,0.020596027068532828,,,,0.025753103040858327,,,,0.01,0.9,1e-05,0.1,0.05,1.05,5,52.49114488757029,53.63804351789851,59.97855300224738
diabetes,uncertainty,1000,200,199,144105,145015,1.2487353088651492,182,145.015,0.5472264150943396,1,12,10050,0.019320399768714084,,,,0.02087543671956855,,,,0.024126065372583338,,,,0.01,0.9,1e-05,0.1,0.05,1.15,5,51.95044302810985,54.000649853817556,58.052971101485234
diabetes,uncertainty,1000,200,196,26585,27365,1.194403537880518,39,27.365,0.10326415094339622,1,1,1195,0.02092399711970216,,,,0.02328640172068401,,,,0.02499169618637403,,,,0.01,0.9,1e-05,0.1,0.05,1.3,5,54.06342147333903,57.03381124702027,59.08524867138509
diabetes,uncertainty,1000,200,39,42590,255915,1.32829280915991,265,255.915,0.9657169811320755,1,10,6100,0.019118884621520373,,,,0.023290197935956596,,,,0.0253954769619235,,,,0.01,0.9,1e-05,0.1,0.1,1.05,5,51.67880676666062,57.038459964424106,59.56064446051135
diabetes,uncertainty,1000,200,60,43420,228795,1.3343228501581517,265,228.795,0.863377358490566,1,10,6100,0.01941732239538753,,,,0.023905037517724523,,,,0.025908976961053196,,,,0.01,0.9,1e-05,0.1,0.1,1.15,5,52.08058718632057,57.78643681590228,60.15979306832446
diabetes,uncertainty,1000,200,193,26910,28730,1.2300833045078838,52,28.73,0.10841509433962264,1,1,1195,0.020848701342368374,,,,0.024445421809427197,,,,0.025645639441918444,,,,0.01,0.9,1e-05,0.1,0.1,1.3,5,53.96605919332937,58.43593119798759,59.853281704970954
diabetes,uncertainty,1000,200,72,71285,240885,1.3089947539300875,265,240.885,0.9089999999999999,1,43,23005,0.018760642189588124,,,,0.022010587222608666,,,,0.024557582206530326,,,,0.01,0.9,1e-05,0.2,0.02,1.05,5,51.19234825011949,55.4494210447745,58.5698355443901
diabetes,uncertainty,1000,200,197,200805,204375,1.2590207794964534,238,204.375,0.7712264150943396,1,37,22570,0.019054791159810625,,,,0.02097795425352616,,,,0.023990378019166904,,,,0.01,0.9,1e-05,0.2,0.02,1.15,5,51.59211095940186,54.13308381057702,57.88949312714727
diabetes,uncertainty,1000,200,175,55050,62925,1.253555458745737,63,62.925,0.23745283018867924,1,2,2095,0.020328666086425376,,,,0.02353769977721901,,,,0.025483110341657865,,,,0.01,0.9,1e-05,0.2,0.02,1.3,5,53.28876342615115,57.3407291136604,59.663320333436374
diabetes,uncertainty,1000,200,37,35980,251955,1.3399811307199037,265,251.955,0.9507735849056604,1,17,9180,0.020121305901220604,,,,0.025388286730523534,,,,0.026962170233078654,,,,0.01,0.9,1e-05,0.2,0.05,1.05,5,53.016283891057704,59.55221214923945,61.37035345200615
diabetes,uncertainty,1000,200,163,115800,153880,1.2171805467251628,209,153.88,0.5806792452830188,1,12,8430,0.020264767409033796,,,,0.020846389359951884,,,,0.024665880674186017,,,,0.01,0.9,1e-05,0.2,0.05,1.15,5,53.20494677328871,53.96306687171935,58.698839401762555
diabetes,uncertainty,1000,200,79,31010,85435,1.279373826758447,105,85.435,0.32239622641509436,1,4,3850,0.02048064736472098,,,,0.023606285723744465,,,,0.02620240419349338,,,,0.01,0.9,1e-05,0.2,0.05,1.3,5,53.48759136258586,57.42421024147392,60.49949815523397
diabetes,uncertainty,1000,200,35,38165,256790,1.3416066092616137,265,256.79,0.9690188679245284,1,9,4860,0.02019314344058428,,,,0.025490968190179333,,,,0.027091254701655673,,,,0.01,0.9,1e-05,0.2,0.1,1.05,5,53.11083953528924,59.67251837071629,61.51708682328024
diabetes,uncertainty,1000,200,45,28565,226570,1.3324939262871558,265,226.57,0.8549811320754717,1,9,4860,0.019409064131684885,,,,0.023804735295913853,,,,0.025862460070388,,,,0.01,0.9,1e-05,0.2,0.1,1.15,5,52.06951096906364,57.66507744334404,60.10576346055496
diabetes,uncertainty,1000,200,60,31110,145690,1.2294832054419873,183,145.69,0.5497735849056604,1,5,4000,0.020047474223427317,,,,0.02103486975180974,,,,0.024648032869235035,,,,0.01,0.9,1e-05,0.2,0.1,1.3,5,52.9189274245376,54.20646857562213,58.67759882589459
diabetes,uncertainty,1001,200,191,137040,144825,0.9107966984842284,173,144.825,0.5465094339622641,1,32,27920,0.0203196747514197,,,,0.019333754636289835,,,,0.018507092677866398,,,,0.01,0.9,1e-05,0.05,0.02,1.05,5,55.236999935666894,53.88027556170621,52.71580061908266
diabetes,uncertainty,1001,200,160,82900,109500,0.9038171347437206,133,109.5,0.41320754716981134,1,24,23340,0.020807336793969525,,,,0.020837247412621353,,,,0.01880602752277313,,,,0.01,0.9,1e-05,0.05,0.02,1.15,5,55.89590025636484,55.936061103740805,53.13983976468505
diabetes,uncertainty,1001,200,197,57880,59125,0.9197755061019667,83,59.125,0.22311320754716982,1,14,15365,0.020522978038927036,,,,0.01994973896312819,,,,0.018876532512473662,,,,0.01,0.9,1e-05,0.05,0.02,1.3,5,55.51264199403266,54.731873631205225,53.239358890543784
diabetes,uncertainty,1001,200,153,177315,239590,0.9258230715321899,265,239.59,0.9041132075471698,1,20,12850,0.019720398447334607,,,,0.019631364382369187,,,,0.018257599862349955,,,,0.01,0.9,1e-05,0.05,0.05,1.05,5,54.416367752337045,54.29338871391362,52.35926593575377
diabetes,uncertainty,1001,200,199,205530,206700,0.8902854517639449,234,206.7,0.7799999999999999,1,17,12580,0.02022787522613103,,,,0.02116796951435307,,,,0.018008583033920774,,,,0.01,0.9,1e-05,0.05,0.05,1.15,5,55.112084785677794,56.378213189046505,52.00097399267792
diabetes,uncertainty,1001,200,133,52910,87750,0.8879477930131741,104,87.75,0.3311320754716981,1,7,7455,0.02180549386128223,,,,0.0233974001330441,,,,0.01936214014968787,,,,0.01,0.9,1e-05,0.05,0.05,1.3,5,57.22089817198049,59.272808805787186,53.91981413962375
diabetes,uncertainty,1001,200,196,213530,218830,0.8977176854938476,265,218.83,0.8257735849056604,1,10,6750,0.019860688569171697,,,,0.020106226652746452,,,,0.01782929137463093,,,,0.01,0.9,1e-05,0.05,0.1,1.05,5,54.60958265693566,54.94611538431502,51.741468214304916
diabetes,uncertainty,1001,200,126,52910,96200,0.8854588473890155,117,96.2,0.3630188679245283,1,4,4260,0.021542486669231645,,,,0.021195925135407214,,,,0.019074985416031084,,,,0.01,0.9,1e-05,0.05,0.1,1.15,5,56.87476605601832,56.41542903863702,53.51848539407592
diabetes,uncertainty,1001,200,182,77740,85930,0.8677200014918803,91,85.93,0.3242641509433963,1,3,3390,0.0216527681551481,,,,0.02022140134286262,,,,0.018788540015888446,,,,0.01,0.9,1e-05,0.05,0.1,1.3,5,57.02015843801608,55.10326483421118,53.11512695796509
diabetes,uncertainty,1001,200,190,195175,207725,0.9523742899442528,251,207.725,0.7838679245283019,1,45,29025,0.02063050960184653,,,,0.020225409145840156,,,,0.019647966933246677,,,,0.01,0.9,1e-05,0.1,0.02,1.05,5,55.657883155957954,55.10872518989221,54.316342244487714
diabetes,uncertainty,1001,200,200,34525,34525,0.9632133385179875,41,34.525,0.1302830188679245,1,3,3510,0.020807000900376564,,,,0.021769898933484612,,,,0.02004158080179848,,,,0.01,0.9,1e-05,0.1,0.02,1.15,5,55.89544908977088,57.174175872775365,54.85771246844014
diabetes,uncertainty,1001,200,199,27620,27800,1.0245907287935716,36,27.8,0.10490566037735849,1,2,2365,0.023540019059047925,,,,0.02366979938184156,,,,0.02411888528352448,,,,0.01,0.9,1e-05,0.1,0.02,1.3,5,59.453183151410535,59.616845886289944,60.1797421758703
diabetes,uncertainty,1001,200,149,177030,244605,0.9199825354250779,265,244.605,0.9230377358490566,1,19,11590,0.01964846373062484,,,,0.019624381355574035,,,,0.018076243480107924,,,,0.01,0.9,1e-05,0.1,0.05,1.05,5,54.31702893247786,54.283731567781096,52.09856941471575
diabetes,uncertainty,1001,200,186,44330,48880,0.9709311707889181,65,48.88,0.18445283018867925,1,3,3390,0.022264222800056046,,,,0.0252005048856433,,,,0.02161702790996374,,,,0.01,0.9,1e-05,0.1,0.05,1.15,5,57.81965241006656,61.51433419728184,56.97308002123014
diabetes,uncertainty,1001,200,195,29510,30485,1.0180981675461225,39,30.485,0.1150377358490566,1,1,1195,0.023885527351261867,,,,0.025317720746923643,,,,0.024317811627192498,,,,0.01,0.9,1e-05,0.1,0.05,1.3,5,59.887905426203666,61.65722995647189,60.42740605177111
diabetes,uncertainty,1001,200,164,177315,225015,0.9195709277071253,265,225.015,0.8491132075471698,1,10,6100,0.019660078097470286,,,,0.019772111101137465,,,,0.018078836254885287,,,,0.01,0.9,1e-05,0.1,0.1,1.05,5,54.333080179788006,54.48766885755136,52.102305672567105
diabetes,uncertainty,1001,200,186,127140,141700,0.9501106022872267,208,141.7,0.5347169811320754,1,7,5635,0.020438406833429373,,,,0.02100091533249754,,,,0.01941874702630095,,,,0.01,0.9,1e-05,0.1,0.1,1.15,5,55.39814551121842,56.15530867954813,53.998576214267004
diabetes,uncertainty,1001,200,199,37960,38350,0.9385836005050382,78,38.35,0.14471698113207548,1,2,2260,0.02119136440547561,,,,0.023600964250321193,,,,0.019889867103305606,,,,0.01,0.9,1e-05,0.1,0.1,1.3,5,56.40935925455719,59.5300956509587,54.649683047852456
diabetes,uncertainty,1001,200,149,164310,230100,0.9237518649587443,258,230.1,0.8683018867924528,1,41,22960,0.01971548778630178,,,,0.019741842785878067,,,,0.018212218611167615,,,,0.01,0.9,1e-05,0.2,0.02,1.05,5,54.409592103891725,54.44594641308941,52.29415312282184
diabetes,uncertainty,1001,200,178,149070,169750,0.8891119799223272,188,169.75,0.6405660377358491,1,27,19845,0.020420177810627452,,,,0.021080592046446835,,,,0.018155824723572946,,,,0.01,0.9,1e-05,0.2,0.02,1.15,5,55.3734351867123,56.26173343822854,52.21312628208543
diabetes,uncertainty,1001,200,149,59610,82050,0.8829674833450828,88,82.05,0.30962264150943397,1,7,6895,0.020220856818803083,,,,0.021212491880163716,,,,0.017854359056379814,,,,0.01,0.9,1e-05,0.2,0.02,1.3,5,55.10252291591013,56.43747189483981,51.77782925209912
diabetes,uncertainty,1001,200,95,110335,249460,0.9157053147225327,265,249.46,0.9413584905660378,1,17,9180,0.019631410299265267,,,,0.019635241338956423,,,,0.01797658674653587,,,,0.01,0.9,1e-05,0.2,0.05,1.05,5,54.29345220879817,54.298749592441595,51.95475775768305
diabetes,uncertainty,1001,200,85,69715,189890,0.9152583713492682,209,189.89,0.716566037735849,1,12,8430,0.01986100250399,,,,0.020244408166074642,,,,0.018177948805165628,,,,0.01,0.9,1e-05,0.2,0.05,1.15,5,54.61001425782408,55.13460268912025,52.24492918241589
diabetes,uncertainty,1001,200,96,55795,130675,0.8979798713885581,144,130.675,0.49311320754716986,1,7,6055,0.020893635045126303,,,,0.02214382150420734,,,,0.018762063710661987,,,,0.01,0.9,1e-05,0.2,0.05,1.3,5,56.01169420080727,57.66310083355849,53.07768956024828
diabetes,uncertainty,1001,200,198,246330,248980,0.9052656622625543,265,248.98,0.9395471698113207,1,9,4860,0.019683795714015264,,,,0.0197735324259749,,,,0.017819064362888857,,,,0.01,0.9,1e-05,0.2,0.1,1.05,5,54.36584359855556,54.489627254531605,51.726626443641486
diabetes,uncertainty,1001,200,121,109935,192490,0.9205156038199651,209,192.49,0.7263773584905661,1,6,4410,0.020003088681897575,,,,0.020864198612370693,,,,0.018413155256281257,,,,0.01,0.9,1e-05,0.2,0.1,1.15,5,54.805006932680726,55.97222367289678,52.58184424258037
diabetes,uncertainty,1001,200,107,60725,121640,0.8799017295772913,131,121.64,0.4590188679245283,1,3,2790,0.02009157525808529,,,,0.020450903860591594,,,,0.01767861181952156,,,,0.01,0.9,1e-05,0.2,0.1,1.3,5,54.92609213613207,55.415079471358304,51.52236461989137
diabetes,uncertainty,1002,200,97,39430,115725,0.8451148406152829,153,115.725,0.43669811320754715,1,28,25830,0.020042089628647616,,,,0.019514060054598183,,,,0.016937867382111744,,,,0.01,0.9,1e-05,0.05,0.02,1.05,5,55.92018449817332,55.17863010277331,51.40749710201796
diabetes,uncertainty,1002,200,128,30220,54700,0.8872924828820156,68,54.7,0.20641509433962266,1,11,12485,0.02009234364164249,,,,0.02211356831920219,,,,0.017827785476711645,,,,0.01,0.9,1e-05,0.05,0.02,1.15,5,55.99024840708665,58.738994688396915,52.740688552615005
diabetes,uncertainty,1002,200,196,24815,25775,0.7811454430685578,48,25.775,0.09726415094339622,1,7,8295,0.02039682830657379,,,,0.020150774696913412,,,,0.015932889484731885,,,,0.01,0.9,1e-05,0.05,0.02,1.3,5,56.412898671608566,56.07160263525483,49.85909226866543
diabetes,uncertainty,1002,200,199,237065,238390,0.7824551973653124,265,238.39,0.8995849056603773,1,20,12850,0.019161572059085814,,,,0.019753912652754356,,,,0.014993071647321648,,,,0.01,0.9,1e-05,0.05,0.05,1.05,5,54.678005454834064,55.51670218633306,48.366248601409644
diabetes,uncertainty,1002,200,81,34190,96070,0.8920231847696833,104,96.07,0.3625283018867924,1,7,7455,0.020020568425730297,,,,0.019857935876276343,,,,0.017858811208019305,,,,0.01,0.9,1e-05,0.05,0.05,1.15,5,55.89015287709069,55.66268449415655,52.78656096707961
diabetes,uncertainty,1002,200,191,23010,25350,0.8300633799957512,52,25.35,0.09566037735849058,1,3,3585,0.02107273769814844,,,,0.021157651080323008,,,,0.01749170787948898,,,,0.01,0.9,1e-05,0.05,0.05,1.3,5,57.33998517050392,57.455395828480704,52.241207125192545
diabetes,uncertainty,1002,200,160,201030,254030,0.765621402445162,265,254.03,0.9586037735849057,1,10,6750,0.019172022444901682,,,,0.020287459297757077,,,,0.01467851071197575,,,,0.01,0.9,1e-05,0.05,0.1,1.05,5,54.692913635733326,56.26145071834309,47.85618699641684
diabetes,uncertainty,1002,200,143,140075,203060,0.7745721457806651,221,203.06,0.7662641509433963,1,8,6440,0.01918243273688079,,,,0.01968574428590803,,,,0.014858178086299028,,,,0.01,0.9,1e-05,0.05,0.1,1.15,5,54.70776058085201,55.420828685691816,48.14817998548653
diabetes,uncertainty,1002,200,164,31850,43550,0.8305568236409762,65,43.55,0.16433962264150942,1,2,2390,0.023088246736776858,,,,0.02538399018789521,,,,0.01917610087313652,,,,0.01,0.9,1e-05,0.05,0.1,1.3,5,60.01952763147681,62.93279803938762,54.698730686654194
diabetes,uncertainty,1002,200,109,19970,46625,0.8320205457980211,66,46.625,0.17594339622641508,1,8,8860,0.020771323818112832,,,,0.019984155877605363,,,,0.017282168180093673,,,,0.01,0.9,1e-05,0.1,0.02,1.05,5,56.92842698266881,55.839304444122305,51.927355895511525
diabetes,uncertainty,1002,200,147,27635,39825,0.7953671663939328,46,39.825,0.15028301886792453,1,4,4630,0.020060996743988365,,,,0.019908990045137406,,,,0.015955858135303938,,,,0.01,0.9,1e-05,0.1,0.02,1.15,5,55.9465550054763,55.73419212469634,49.895017442233616
diabetes,uncertainty,1002,200,168,27640,33400,0.7598395582974271,36,33.4,0.1260377358490566,1,2,2365,0.021327098290163896,,,,0.019278296656677654,,,,0.016205172944563948,,,,0.01,0.9,1e-05,0.1,0.02,1.3,5,57.685011144341665,54.84429082282066,50.2833183936342
diabetes,uncertainty,1002,200,70,15405,73515,0.888062373145378,104,73.515,0.27741509433962264,1,6,6195,0.021325505136255998,,,,0.021088047935426926,,,,0.018938378699827448,,,,0.01,0.9,1e-05,0.1,0.05,1.05,5,57.68285654234143,57.36081135344049,54.358628906923116
diabetes,uncertainty,1002,200,134,33215,54665,0.7380296011554892,65,54.665,0.20628301886792452,1,3,3390,0.020644145942498453,,,,0.02198035256878338,,,,0.015235990796137844,,,,0.01,0.9,1e-05,0.1,0.05,1.15,5,56.75387978524746,58.56180077101819,48.75649150592572
diabetes,uncertainty,1002,200,89,18655,47970,0.8350936236131489,65,47.97,0.1810188679245283,1,3,3390,0.020333085367948735,,,,0.021886413673046536,,,,0.016980029939155806,,,,0.01,0.9,1e-05,0.1,0.05,1.3,5,56.32468059859906,58.43652704719101,51.471440345659495
diabetes,uncertainty,1002,200,177,200875,231350,0.7668978611107724,265,231.35,0.8730188679245283,1,10,6100,0.01924816122847102,,,,0.020527518853668582,,,,0.014761373676429723,,,,0.01,0.9,1e-05,0.1,0.1,1.05,5,54.80140833657645,56.59333997162245,47.99107550227382
diabetes,uncertainty,1002,200,86,38090,120640,0.8158182988496115,156,120.64,0.4552452830188679,1,5,4675,0.020145894327158693,,,,0.02285978289481619,,,,0.016435389238786645,,,,0.01,0.9,1e-05,0.1,0.1,1.15,5,56.0648121587412,59.72183542192668,50.639229911025375
diabetes,uncertainty,1002,200,82,23790,82810,0.8120978967539868,104,82.81,0.31249056603773584,1,3,3195,0.019853714766286827,,,,0.022010267578054157,,,,0.016123160004455104,,,,0.01,0.9,1e-05,0.1,0.1,1.3,5,55.6567681994733,58.601638192681094,50.15591729492251
diabetes,uncertainty,1002,200,154,151535,206460,0.7758965947644195,265,206.46,0.7790943396226415,1,43,23005,0.01916227521190406,,,,0.020274228458288305,,,,0.014867944084855006,,,,0.01,0.9,1e-05,0.2,0.02,1.05,5,54.67900867734648,56.24310175661041,48.164000828829636
diabetes,uncertainty,1002,200,55,27075,126525,0.8373860291262898,138,126.525,0.4774528301886793,1,17,14620,0.02032530700876776,,,,0.0232754502569053,,,,0.017020128126844784,,,,0.01,0.9,1e-05,0.2,0.02,1.15,5,56.31390615152699,60.262360776305876,51.532179179527795
diabetes,uncertainty,1002,200,108,31095,60725,0.8116172798586184,68,60.725,0.2291509433962264,1,3,3105,0.02002308582690861,,,,0.0206351794063142,,,,0.016251082453211222,,,,0.01,0.9,1e-05,0.2,0.02,1.3,5,55.893666601354894,56.74155326451835,50.35449473246933
diabetes,uncertainty,1002,200,163,191545,240570,0.7652661135824668,265,240.57,0.9078113207547169,1,17,9180,0.019220857806205135,,,,0.020492458870486608,,,,0.014709071153075822,,,,0.01,0.9,1e-05,0.2,0.05,1.05,5,54.7625267789312,56.544990010324284,47.90597902828681
diabetes,uncertainty,1002,200,128,78510,130350,0.8537241242234888,144,130.35,0.4918867924528302,1,7,6055,0.021144174108147496,,,,0.02014743516880961,,,,0.018051291522907187,,,,0.01,0.9,1e-05,0.2,0.05,1.15,5,57.43709398310218,56.06695615256386,53.07026248155923
diabetes,uncertainty,1002,200,81,29785,86930,0.748250247372185,105,86.93,0.32803773584905666,1,4,3850,0.02001025953261152,,,,0.021133941140175524,,,,0.014972681645258194,,,,0.01,0.9,1e-05,0.2,0.05,1.3,5,55.87576168228682,57.42319362762651,48.33334929116137
diabetes,uncertainty,1002,200,163,210815,259840,0.7526692512868743,265,259.84,0.9805283018867924,1,9,4860,0.02019697365796916,,,,0.022532142266285086,,,,0.01520164104140437,,,,0.01,0.9,1e-05,0.2,0.1,1.05,5,56.13584251603104,59.29230554715451,48.701499396683026
diabetes,uncertainty,1002,200,107,89325,182870,0.7907992547433257,209,182.87,0.6900754716981132,1,6,4410,0.019314837888004373,,,,0.01962605411308838,,,,0.015274159407322008,,,,0.01,0.9,1e-05,0.2,0.1,1.15,5,54.89624378293912,55.3367427031499,48.81752473781743
diabetes,uncertainty,1002,200,85,38125,98500,0.8050921144076174,105,98.5,0.37169811320754714,1,2,1990,0.019757978596015933,,,,0.020033459700566216,,,,0.015906992764286917,,,,0.01,0.9,1e-05,0.2,0.1,1.3,5,55.5224153873315,55.90814385919858,49.81855624210587
diabetes,uncertainty,1003,200,198,74920,76400,0.8236801051681646,148,76.4,0.28830188679245283,1,27,25245,0.020351139752231222,,,,0.01766225641429871,,,,0.016762828931409828,,,,0.01,0.9,1e-05,0.05,0.02,1.05,5,56.34968127542406,52.495271758901836,51.141180901727516
diabetes,uncertainty,1003,200,195,36775,38725,0.7889422972288493,78,38.725,0.14613207547169813,1,13,14430,0.02395799711923745,,,,0.018665911057821876,,,,0.01890147728425335,,,,0.01,0.9,1e-05,0.05,0.02,1.15,5,61.13956575352023,53.96618175113613,54.305644211956725
diabetes,uncertainty,1003,200,198,20020,20400,0.9467460079851594,38,20.4,0.07698113207547169,1,5,6050,0.023957137897450378,,,,0.024020755144111488,,,,0.02268132466716112,,,,0.01,0.9,1e-05,0.05,0.02,1.3,5,61.13846939897739,61.21959099307993,59.488265071304724
diabetes,uncertainty,1003,200,180,118085,144585,0.8459946826527066,265,144.585,0.5456037735849056,1,20,12850,0.019283653558014528,,,,0.018529509237065738,,,,0.016313868372197237,,,,0.01,0.9,1e-05,0.05,0.05,1.05,5,54.851910143487416,53.76864029072319,50.451673042348894
diabetes,uncertainty,1003,200,194,34450,36400,0.9171799411915541,65,36.4,0.13735849056603774,1,4,4650,0.021712901073443064,,,,0.01918971393135515,,,,0.01991463732963854,,,,0.01,0.9,1e-05,0.05,0.05,1.15,5,58.20442758058835,54.718142477058635,55.74209620526351
diabetes,uncertainty,1003,200,199,23530,23725,0.863140482031627,39,23.725,0.08952830188679246,1,2,2455,0.025786887633438484,,,,0.023650352244270496,,,,0.022257706622021492,,,,0.01,0.9,1e-05,0.05,0.05,1.3,5,63.430269926961834,60.74575054201161,58.93011688178553
diabetes,uncertainty,1003,200,188,135250,151150,0.8152785151520389,265,151.15,0.570377358490566,1,10,6750,0.019396612161565237,,,,0.01792993359137555,,,,0.015813641162060885,,,,0.01,0.9,1e-05,0.05,0.1,1.05,5,55.012329640801575,52.89156727300081,49.672158824743555
diabetes,uncertainty,1003,200,198,25480,25870,0.9342752582570185,39,25.87,0.09762264150943396,1,1,1260,0.02361353042087209,,,,0.022151819484010737,,,,0.022061537232320235,,,,0.01,0.9,1e-05,0.05,0.1,1.15,5,60.69844383438976,58.789774918711636,58.66985040608817
diabetes,uncertainty,1003,200,198,43940,44850,0.7771340199161784,91,44.85,0.16924528301886793,1,3,3390,0.02160073787363968,,,,0.018132314871184208,,,,0.016786668256897248,,,,0.01,0.9,1e-05,0.05,0.1,1.3,5,58.053898462847705,53.18923225406169,51.177533301072586
diabetes,uncertainty,1003,200,119,81870,161250,0.8336213718874078,196,161.25,0.6084905660377359,1,34,26605,0.019635753792267976,,,,0.01864045672690754,,,,0.0163687840143538,,,,0.01,0.9,1e-05,0.1,0.02,1.05,5,55.350415404390695,53.92937289470135,50.53651675609975
diabetes,uncertainty,1003,200,196,40630,41650,0.8223680028187975,51,41.65,0.15716981132075472,1,5,5725,0.020771958892379854,,,,0.018747272478289157,,,,0.01708219434896058,,,,0.01,0.9,1e-05,0.1,0.02,1.15,5,56.92929725706762,54.08366840761697,51.62605324152307
diabetes,uncertainty,1003,200,196,29355,29975,0.7977943778464436,31,29.975,0.11311320754716982,1,1,1195,0.020526825778767063,,,,0.017976714126223606,,,,0.016376186201333808,,,,0.01,0.9,1e-05,0.1,0.02,1.3,5,56.592384577186095,52.960521348869264,50.54794211501698
diabetes,uncertainty,1003,200,134,148050,235500,0.8220581945216645,265,235.5,0.8886792452830189,1,19,11590,0.019290907011991515,,,,0.017994697049262452,,,,0.015858248188963062,,,,0.01,0.9,1e-05,0.1,0.05,1.05,5,54.862225315293,52.987004134138154,49.742166958054426
diabetes,uncertainty,1003,200,144,28080,42640,0.798919495290639,52,42.64,0.16090566037735848,1,2,2325,0.020854129663740204,,,,0.01942672207222138,,,,0.016660770745680866,,,,0.01,0.9,1e-05,0.1,0.05,1.15,5,57.04178802233557,55.05501168211974,50.98526017973093
diabetes,uncertainty,1003,200,166,29705,36335,0.9135230680456993,39,36.335,0.13711320754716982,1,1,1195,0.02024888235031709,,,,0.019063307146119944,,,,0.018497821129158078,,,,0.01,0.9,1e-05,0.1,0.05,1.3,5,56.207934214915106,54.537624604243305,53.72264458938046
diabetes,uncertainty,1003,200,192,248015,258615,0.8810174985045743,265,258.615,0.9759056603773585,1,10,6100,0.019165357040777174,,,,0.019305480105250787,,,,0.016885014918012538,,,,0.01,0.9,1e-05,0.1,0.1,1.05,5,54.683405456200866,54.88294392087357,51.32722915356825
diabetes,uncertainty,1003,200,145,36530,50830,0.8844615662105759,52,50.83,0.19181132075471696,1,1,1195,0.020856085651785886,,,,0.018465880694938888,,,,0.018446406180600464,,,,0.01,0.9,1e-05,0.1,0.1,1.15,5,57.04446304261171,53.67624274693452,53.64793122132658
diabetes,uncertainty,1003,200,192,44590,46670,0.9222741236871865,52,46.67,0.17611320754716983,1,1,1195,0.020407975782322164,,,,0.01774895883147949,,,,0.0188217479808705,,,,0.01,0.9,1e-05,0.1,0.1,1.3,5,56.42831223275081,52.62396128838638,54.190988445638446
diabetes,uncertainty,1003,200,181,208705,233880,0.7783016656042666,265,233.88,0.8825660377358491,1,43,23005,0.01990833489127538,,,,0.01743748489938189,,,,0.015494690205287164,,,,0.01,0.9,1e-05,0.2,0.02,1.05,5,55.73327508240693,52.16017236767972,49.16867945430231
diabetes,uncertainty,1003,200,125,39050,65425,0.7924518345545574,73,65.425,0.24688679245283018,1,4,4090,0.02126382224586461,,,,0.018768006373829006,,,,0.01685055494837742,,,,0.01,0.9,1e-05,0.2,0.02,1.15,5,57.599373832629695,54.113567563751246,51.274826531355394
diabetes,uncertainty,1003,200,155,42225,55275,0.7819993466290592,58,55.275,0.20858490566037735,1,1,1060,0.02221670638474902,,,,0.018367541377209896,,,,0.017373449877123383,,,,0.01,0.9,1e-05,0.2,0.02,1.3,5,58.87581518484874,53.53312659820248,52.064311356995546
diabetes,uncertainty,1003,200,194,246815,254765,0.8790682008138071,265,254.765,0.9613773584905659,1,17,9180,0.019230896840623388,,,,0.019391503255738404,,,,0.01690526988572273,,,,0.01,0.9,1e-05,0.2,0.05,1.05,5,54.77682611796949,55.00508426933445,51.35800554850128
diabetes,uncertainty,1003,200,189,68675,73020,0.8107567131054542,79,73.02,0.2755471698113207,1,2,2055,0.020420948193866143,,,,0.017471107497103386,,,,0.016556420836155675,,,,0.01,0.9,1e-05,0.2,0.05,1.15,5,56.446243824970004,52.21043523315579,50.82534368758552
diabetes,uncertainty,1003,200,197,57925,58915,0.7761152899611745,66,58.915,0.22232075471698112,1,1,1060,0.02108683225311505,,,,0.017303753944807113,,,,0.016365812928489033,,,,0.01,0.9,1e-05,0.2,0.05,1.3,5,57.35915796359179,51.95977491520272,50.53193012509517
diabetes,uncertainty,1003,200,190,246890,260140,0.9202593301556753,265,260.14,0.9816603773584905,1,9,4860,0.01964301582805409,,,,0.020754658340508964,,,,0.018076668588162384,,,,0.01,0.9,1e-05,0.2,0.1,1.05,5,55.36064978459104,56.90558467828892,53.10755329016801
diabetes,uncertainty,1003,200,171,64035,75490,0.8207560951613458,79,75.49,0.28486792452830184,1,1,1060,0.02050184184020721,,,,0.017246591760811305,,,,0.01682701165238397,,,,0.01,0.9,1e-05,0.2,0.1,1.15,5,56.55793377695414,51.87388051303453,51.23899387247186
diabetes,uncertainty,1003,200,200,64830,64830,0.7241519593373592,79,64.83,0.24464150943396226,1,1,1060,0.02270192848448092,,,,0.017302001848682785,,,,0.016439645992773463,,,,0.01,0.9,1e-05,0.2,0.1,1.3,5,59.515278641632314,51.95714424832,50.645787248521266
diabetes,uncertainty,1004,200,100,26025,80025,1.12502775912158,108,80.025,0.3019811320754717,1,19,19665,0.018439607270236583,,,,0.018293057455030168,,,,0.020745070046316257,,,,0.01,0.9,1e-05,0.05,0.02,1.05,5,54.486746850903565,54.26979669357654,57.79263527153667
diabetes,uncertainty,1004,200,175,33900,41775,1.0792132441833342,63,41.775,0.15764150943396227,1,10,11475,0.018846923357349953,,,,0.018069192515281992,,,,0.0203398492993603,,,,0.01,0.9,1e-05,0.05,0.02,1.15,5,55.08524402098159,53.93670575845086,57.22540972515215
diabetes,uncertainty,1004,200,200,21800,21800,0.8999755349607863,33,21.8,0.08226415094339623,1,4,4890,0.026255684863629322,,,,0.02544234326284283,,,,0.02362947403090662,,,,0.01,0.9,1e-05,0.05,0.02,1.3,5,65.01696922767101,64.0020079292755,61.6796744481449
diabetes,uncertainty,1004,200,79,32305,153985,1.1559488310278077,208,153.985,0.5810754716981132,1,15,12075,0.01761321868959564,,,,0.017957875975332473,,,,0.020359979554875215,,,,0.01,0.9,1e-05,0.05,0.05,1.05,5,53.25181433227511,53.77030863971063,57.25372058480536
diabetes,uncertainty,1004,200,146,39325,63895,1.115729967321613,91,63.895,0.24111320754716983,1,6,6585,0.01868886711368004,,,,0.018232286485746534,,,,0.020851729094024198,,,,0.01,0.9,1e-05,0.05,0.05,1.15,5,54.85377659429979,54.17957744531445,57.94101280582352
diabetes,uncertainty,1004,200,192,23205,24765,0.9829304962508015,39,24.765,0.09345283018867925,1,2,2455,0.02451341745539765,,,,0.02390048847989893,,,,0.02409498558423707,,,,0.01,0.9,1e-05,0.05,0.05,1.3,5,62.822754735317005,62.032378559724584,62.284270305408114
diabetes,uncertainty,1004,200,81,32175,132730,1.1392881085095072,169,132.73,0.5008679245283019,1,6,5610,0.017751273538501006,,,,0.018559003384264937,,,,0.02022381485331368,,,,0.01,0.9,1e-05,0.05,0.1,1.05,5,53.4601045272413,54.66286256051217,57.06194696200095
diabetes,uncertainty,1004,200,127,45955,98150,1.135643060235788,143,98.15,0.3703773584905661,1,5,5000,0.01993989069367835,,,,0.017984261439488242,,,,0.022644598488135992,,,,0.01,0.9,1e-05,0.05,0.1,1.15,5,56.65998197812476,53.80979643304838,60.380590745495624
diabetes,uncertainty,1004,200,187,43875,49790,1.0565870447535572,91,49.79,0.1878867924528302,1,3,3390,0.01877447152106041,,,,0.01693382147058506,,,,0.01983686338124704,,,,0.01,0.9,1e-05,0.05,0.1,1.3,5,54.97926199943464,52.21466954659622,56.51341433217256
diabetes,uncertainty,1004,200,81,23830,83925,1.2362038155088442,101,83.925,0.31669811320754715,1,15,15300,0.019162120476505257,,,,0.018230815782020716,,,,0.023688286446295947,,,,0.01,0.9,1e-05,0.1,0.02,1.05,5,55.54395860514977,54.17739220888169,61.756385344361114
diabetes,uncertainty,1004,200,163,23265,32700,1.1903338391915976,51,32.7,0.12339622641509435,1,5,5725,0.02500472164513843,,,,0.02032977879344987,,,,0.02976396631377487,,,,0.01,0.9,1e-05,0.1,0.02,1.15,5,63.449186399392524,57.211241474248695,69.22459882668241
diabetes,uncertainty,1004,200,157,20410,26175,1.1469212996261826,31,26.175,0.09877358490566038,1,1,1195,0.02709251432342715,,,,0.021091414226275366,,,,0.031072981737966035,,,,0.01,0.9,1e-05,0.1,0.02,1.3,5,66.0449630034373,58.27306964426245,70.73046452092971
diabetes,uncertainty,1004,200,93,20865,72605,1.2264787008177238,104,72.605,0.2739811320754717,1,6,6195,0.02025027156681844,,,,0.017902113686210867,,,,0.024836526762477572,,,,0.01,0.9,1e-05,0.1,0.05,1.05,5,57.0992588682821,53.686760709998,63.23543006758122
diabetes,uncertainty,1004,200,165,24505,35880,1.2024438882586523,65,35.88,0.13539622641509436,1,3,3390,0.019892170501368926,,,,0.018488162700201847,,,,0.02391921884357012,,,,0.01,0.9,1e-05,0.1,0.05,1.15,5,56.592141965442565,54.55843731712554,62.056680604059316
diabetes,uncertainty,1004,200,194,25285,26455,1.1829272236348287,39,26.455,0.09983018867924527,1,1,1195,0.02312258616970049,,,,0.01900641484066886,,,,0.02735233666098089,,,,0.01,0.9,1e-05,0.1,0.05,1.3,5,61.014526978111284,55.31783154527006,66.36089918350983
diabetes,uncertainty,1004,200,110,28340,63440,1.234375728538186,78,63.44,0.23939622641509434,1,2,2260,0.020638137633826787,,,,0.018158285435841266,,,,0.025475216177426294,,,,0.01,0.9,1e-05,0.1,0.1,1.05,5,57.643494048644946,54.06951384552516,64.04334164915905
diabetes,uncertainty,1004,200,175,27300,33800,1.1715548807526734,52,33.8,0.12754716981132075,1,1,1195,0.02488738986320296,,,,0.02001594582743367,,,,0.02915694306343004,,,,0.01,0.9,1e-05,0.1,0.1,1.15,5,63.30014734992595,56.767935959766724,68.51505959229529
diabetes,uncertainty,1004,200,200,27040,27040,1.207048818210077,78,27.04,0.10203773584905661,1,2,2260,0.020686059279302792,,,,0.018255350468764708,,,,0.02496908340650603,,,,0.01,0.9,1e-05,0.1,0.1,1.3,5,57.71037918724303,54.213835406252386,63.40395447162814
diabetes,uncertainty,1004,200,100,26500,53000,1.1997522319684044,53,53.0,0.2,1,0,0,0.018277711141380715,,,,0.01750556198050858,,,,0.021928724737145286,,,,0.01,0.9,1e-05,0.2,0.02,1.05,5,54.247028053949215,53.08882021012028,59.41850676609765
diabetes,uncertainty,1004,200,100,26500,53000,1.1997522319684044,53,53.0,0.2,1,0,0,0.018277711141380715,,,,0.01750556198050858,,,,0.021928724737145286,,,,0.01,0.9,1e-05,0.2,0.02,1.15,5,54.247028053949215,53.08882021012028,59.41850676609765
diabetes,uncertainty,1004,200,100,26500,53000,1.1997522319684044,53,53.0,0.2,1,0,0,0.018277711141380715,,,,0.01750556198050858,,,,0.021928724737145286,,,,0.01,0.9,1e-05,0.2,0.02,1.3,5,54.247028053949215,53.08882021012028,59.41850676609765
diabetes,uncertainty,1004,200,100,26500,53000,1.1997522319684044,53,53.0,0.2,1,0,0,0.018277711141380715,,,,0.01750556198050858,,,,0.021928724737145286,,,,0.01,0.9,1e-05,0.2,0.05,1.05,5,54.247028053949215,53.08882021012028,59.41850676609765
diabetes,uncertainty,1004,200,100,26500,53000,1.1997522319684044,53,53.0,0.2,1,0,0,0.018277711141380715,,,,0.01750556198050858,,,,0.021928724737145286,,,,0.01,0.9,1e-05,0.2,0.05,1.15,5,54.247028053949215,53.08882021012028,59.41850676609765
diabetes,uncertainty,1004,200,100,26500,53000,1.1997522319684044,53,53.0,0.2,1,0,0,0.018277711141380715,,,,0.01750556198050858,,,,0.021928724737145286,,,,0.01,0.9,1e-05,0.2,0.05,1.3,5,54.247028053949215,53.08882021012028,59.41850676609765
diabetes,uncertainty,1004,200,100,26500,53000,1.1997522319684044,53,53.0,0.2,1,0,0,0.018277711141380715,,,,0.01750556198050858,,,,0.021928724737145286,,,,0.01,0.9,1e-05,0.2,0.1,1.05,5,54.247028053949215,53.08882021012028,59.41850676609765
diabetes,uncertainty,1004,200,100,26500,53000,1.1997522319684044,53,53.0,0.2,1,0,0,0.018277711141380715,,,,0.01750556198050858,,,,0.021928724737145286,,,,0.01,0.9,1e-05,0.2,0.1,1.15,5,54.247028053949215,53.08882021012028,59.41850676609765
diabetes,uncertainty,1004,200,100,26500,53000,1.1997522319684044,53,53.0,0.2,1,0,0,0.018277711141380715,,,,0.01750556198050858,,,,0.021928724737145286,,,,0.01,0.9,1e-05,0.2,0.1,1.3,5,54.247028053949215,53.08882021012028,59.41850676609765
concrete,uncertainty,1000,200,189,248103,268497,1.470440458036004,618,447.495,0.7241019417475728,1,49,43953,0.003471413607658017,,,,0.004158734380446893,,,,0.005104507015277072,,,,0.3,0.9,1e-06,0.05,0.02,1.05,3,5.911565163995946,6.470381559433897,7.1684655585135895
concrete,uncertainty,1000,200,196,150915,158331,1.2369492231589356,618,263.885,0.42699838187702266,1,49,43953,0.0034122682523536328,,,,0.004692905311949381,,,,0.004220802563958725,,,,0.3,0.9,1e-06,0.05,0.02,1.15,3,5.860988688650663,6.8733774899388225,6.518487233742902
concrete,uncertainty,1000,200,199,104691,106404,1.2684948296253642,583,177.34,0.286957928802589,1,46,43746,0.004137879666389648,,,,0.0056872179355104404,,,,0.0052488789624271955,,,,0.3,0.9,1e-06,0.05,0.02,1.3,3,6.454137729220004,7.566573165794246,7.269132406547066
concrete,uncertainty,1000,200,194,288684,299808,1.2958717982435934,618,499.68,0.8085436893203883,1,19,17556,0.003295542973720073,,,,0.004094048242866242,,,,0.00427060119954367,,,,0.3,0.9,1e-06,0.05,0.05,1.05,3,5.7598714395001425,6.419863267882679,6.556828271864035
concrete,uncertainty,1000,200,189,246897,267291,1.410296401829788,618,445.485,0.7208495145631069,1,19,17556,0.0033875681139257214,,,,0.004187891598084389,,,,0.004777475122022767,,,,0.3,0.9,1e-06,0.05,0.05,1.15,3,5.83973740464883,6.493024121522132,6.9350327699353675
concrete,uncertainty,1000,200,194,183117,192138,1.2334005109779307,527,320.23,0.5181715210355987,1,16,17016,0.003114806577951121,,,,0.004052681117287739,,,,0.003841804024842332,,,,0.3,0.9,1e-06,0.05,0.05,1.3,3,5.599701050248362,6.387347096600549,6.218947693702055
concrete,uncertainty,1000,200,179,304443,343377,1.2271211904204562,618,572.295,0.9260436893203883,1,10,9240,0.003244575240738785,,,,0.003456156911066279,,,,0.003981487031824116,,,,0.3,0.9,1e-06,0.05,0.1,1.05,3,5.715157790088366,5.898560336440221,6.330994747760095
concrete,uncertainty,1000,200,200,295407,295407,1.3783326762871844,618,492.345,0.7966747572815535,1,10,9240,0.0027573545931306592,,,,0.0032813860908109107,,,,0.003800551935822542,,,,0.3,0.9,1e-06,0.05,0.1,1.15,3,5.268604642763827,5.747486593368513,6.1854690234667915
concrete,uncertainty,1000,200,187,249522,273624,1.3155889430693606,618,456.04,0.7379288025889968,1,10,9240,0.0033459104406766893,,,,0.004153101157501125,,,,0.0044018427802545845,,,,0.3,0.9,1e-06,0.05,0.1,1.3,3,5.803720063535308,6.4659978395382804,6.656816169520846
concrete,uncertainty,1000,200,199,243594,245448,1.5064018812163684,618,409.08,0.6619417475728155,1,47,39480,0.002867243409823379,,,,0.0033703041944483144,,,,0.004319220866463173,,,,0.3,0.9,1e-06,0.1,0.02,1.05,3,5.372563807056861,5.824837994760647,6.594046520878981
concrete,uncertainty,1000,200,199,151746,153600,1.3044082544629636,618,256.0,0.41423948220064727,1,47,39480,0.00338762199567668,,,,0.004089740477641398,,,,0.0044188420941609595,,,,0.3,0.9,1e-06,0.1,0.02,1.15,3,5.83978384711356,6.4164848828890895,6.669657639606409
concrete,uncertainty,1000,200,200,99192,99192,1.2896633250632639,338,165.32,0.26750809061488673,1,23,29256,0.004490289827504248,,,,0.005114992510650902,,,,0.005790962109436878,,,,0.3,0.9,1e-06,0.1,0.02,1.3,3,6.723361877098461,7.175824383915718,7.635274621307317
concrete,uncertainty,1000,200,200,300969,300969,1.4495470934667296,618,501.615,0.8116747572815534,1,18,15795,0.0024861893029748637,,,,0.003271226646499314,,,,0.003603848477935288,,,,0.3,0.9,1e-06,0.1,0.05,1.05,3,5.002837507955153,5.738582347644577,6.02327319832971
concrete,uncertainty,1000,200,178,239898,280686,1.2319999627766718,618,467.81,0.7569741100323625,1,18,15795,0.002646036205811252,,,,0.0035542088578861025,,,,0.0032599165070651883,,,,0.3,0.9,1e-06,0.1,0.05,1.15,3,5.161158442030628,5.981646901603217,5.728653294780033
concrete,uncertainty,1000,200,196,110484,114576,1.2983048930888763,341,190.96,0.30899676375404533,1,9,11664,0.004185769468496875,,,,0.0053350849262310315,,,,0.0054344049822915175,,,,0.3,0.9,1e-06,0.1,0.05,1.3,3,6.491378808566576,7.328582294600623,7.3964836290058145
concrete,uncertainty,1000,200,195,306192,315462,1.4207197036292705,618,525.77,0.8507605177993527,1,9,8316,0.0032931794034612855,,,,0.004278423151097821,,,,0.004678684866083535,,,,0.3,0.9,1e-06,0.1,0.1,1.05,3,5.7578055731489135,6.562830205551748,6.862955731640456
concrete,uncertainty,1000,200,184,289350,319014,1.4422965667479817,618,531.69,0.8603398058252428,1,9,8316,0.003441757865104843,,,,0.00436498007670507,,,,0.004964035552418578,,,,0.3,0.9,1e-06,0.1,0.1,1.15,3,5.886260216538041,6.628884214727118,7.069142594823277
concrete,uncertainty,1000,200,195,119040,126480,1.3844335296498376,496,210.8,0.34110032362459547,1,7,7770,0.004273650467518459,,,,0.0053790793794803,,,,0.005916585001236259,,,,0.3,0.9,1e-06,0.1,0.1,1.3,3,6.559168686935815,7.358736923743739,7.717646009032672
concrete,uncertainty,1000,200,199,303924,305778,1.3869470009661582,618,509.63,0.8246440129449838,1,42,31248,0.0028715681804698853,,,,0.003686701407595895,,,,0.003982712875972555,,,,0.3,0.9,1e-06,0.2,0.02,1.05,3,5.376614099957678,6.0921176651383595,6.331969285104289
concrete,uncertainty,1000,200,182,207180,240552,1.465945770125068,618,400.92,0.64873786407767,1,42,31248,0.0028705298960691864,,,,0.0034853147061838486,,,,0.004208041159160175,,,,0.3,0.9,1e-06,0.2,0.02,1.15,3,5.375641990137094,5.923389618630878,6.5086255990427695
concrete,uncertainty,1000,200,193,120036,126708,1.281500538691387,328,211.18,0.34171521035598706,1,17,20298,0.0035659776439640667,,,,0.004592854932604841,,,,0.0045698022717013944,,,,0.3,0.9,1e-06,0.2,0.02,1.3,3,5.991542007240141,6.799714284742115,6.7826281042881895
concrete,uncertainty,1000,200,194,335304,346428,1.406648412238674,618,577.38,0.9342718446601942,1,16,12552,0.003205813754533225,,,,0.004071318585113332,,,,0.004509452827747063,,,,0.3,0.9,1e-06,0.2,0.05,1.05,3,5.680917003677444,6.402017313862164,6.7376930919956255
concrete,uncertainty,1000,200,185,321798,349608,1.4704679069132367,618,582.68,0.9428478964401293,1,16,12552,0.003202085628391804,,,,0.003949455556809774,,,,0.004708564151738252,,,,0.3,0.9,1e-06,0.2,0.05,1.15,3,5.677612797967074,6.305476566202717,6.884835156096816
concrete,uncertainty,1000,200,198,155868,157914,1.211917763594758,341,263.19,0.42587378640776696,1,7,8421,0.004047787413802856,,,,0.004703379548258206,,,,0.004905585470042967,,,,0.3,0.9,1e-06,0.2,0.05,1.3,3,6.383489499165534,6.8810436635569445,7.027400802230197
concrete,uncertainty,1000,200,193,335664,348642,1.5108739730234952,618,581.07,0.940242718446602,1,8,6648,0.0027534435176385375,,,,0.0038183507690388867,,,,0.0041601061469903255,,,,0.3,0.9,1e-06,0.2,0.1,1.05,3,5.264866780634731,6.199936071341894,6.471448605357724
concrete,uncertainty,1000,200,199,329604,331458,1.345637535986319,618,552.43,0.8938996763754045,1,8,6648,0.002874395629861879,,,,0.0033120721332205983,,,,0.0038678946528171824,,,,0.3,0.9,1e-06,0.2,0.1,1.15,3,5.3792604525809065,5.774298008063551,6.240029157079475
concrete,uncertainty,1000,200,195,163494,169074,1.6363289107309082,372,281.79,0.4559708737864078,1,4,4812,0.004095849136246146,,,,0.005348760511448492,,,,0.006702156355631787,,,,0.3,0.9,1e-06,0.2,0.1,1.3,3,6.421275100063616,7.337969071879775,8.2140355501851
concrete,uncertainty,1001,200,198,243618,247326,1.2696185824210116,618,412.21,0.6670064724919094,1,49,43953,0.003008243499886861,,,,0.003655331337371068,,,,0.003819321847903579,,,,0.3,0.9,1e-06,0.05,0.02,1.05,3,5.503079589705788,6.066143438476467,6.200724401763103
concrete,uncertainty,1001,200,193,198885,211863,1.3450791195546774,618,353.105,0.5713673139158576,1,49,43953,0.004022946080907147,,,,0.00470782738563151,,,,0.005411180772522525,,,,0.3,0.9,1e-06,0.05,0.02,1.15,3,6.36387156790711,6.884296487463002,7.38066208036324
concrete,uncertainty,1001,200,190,82614,89052,1.3302579404550512,235,148.42,0.24016181229773462,1,17,25041,0.005435124716414088,,,,0.00601541982480054,,,,0.007230117811373349,,,,0.3,0.9,1e-06,0.05,0.02,1.3,3,7.396973408974581,7.781839546477678,8.531433058578491
concrete,uncertainty,1001,200,199,334938,336792,1.2359486626221639,618,561.32,0.908284789644013,1,19,17556,0.0031704246868221493,,,,0.00350778076122676,,,,0.003918482151622128,,,,0.3,0.9,1e-06,0.05,0.05,1.05,3,5.649474087203783,5.942449796667097,6.280702708347714
concrete,uncertainty,1001,200,196,282210,289626,1.257390851120802,618,482.71,0.7810841423948219,1,19,17556,0.003949424178870206,,,,0.00523833596357061,,,,0.004965969829706683,,,,0.3,0.9,1e-06,0.05,0.05,1.15,3,6.305451518034333,7.261828277583017,7.070519735464893
concrete,uncertainty,1001,200,200,227571,227571,1.435383057691621,618,379.285,0.6137297734627832,1,19,17556,0.0027462753969610797,,,,0.0036750546204511146,,,,0.0039419571765532645,,,,0.3,0.9,1e-06,0.05,0.05,1.3,3,5.258009223160041,6.082487142274688,6.29948797823997
concrete,uncertainty,1001,200,196,329388,336804,1.4448234561025066,618,561.34,0.9083171521035599,1,10,9240,0.002571154121383182,,,,0.0033086773333344927,,,,0.003714863783829053,,,,0.3,0.9,1e-06,0.05,0.1,1.05,3,5.0876046492776865,5.7713379862010274,6.115341963400303
concrete,uncertainty,1001,200,198,329685,333393,1.3944598610085757,618,555.655,0.8991181229773463,1,10,9240,0.0026372838017075387,,,,0.0035696472317553103,,,,0.0036775864035692627,,,,0.3,0.9,1e-06,0.05,0.1,1.15,3,5.1526154823929335,5.99462402824193,6.084581925691698
concrete,uncertainty,1001,200,186,242880,268836,1.389943911652481,618,448.06,0.7250161812297735,1,10,9240,0.002782570640580901,,,,0.0037711235164977377,,,,0.0038676171206183676,,,,0.3,0.9,1e-06,0.05,0.1,1.3,3,5.292640548305268,6.161474835143089,6.239805283340048
concrete,uncertainty,1001,200,155,100074,183504,1.466468630647054,618,305.84,0.49488673139158573,1,47,39480,0.003349994123912574,,,,0.004608289017310578,,,,0.00491266129556975,,,,0.3,0.9,1e-06,0.1,0.02,1.05,3,5.807260703299614,6.811129771174484,7.032467143900409
concrete,uncertainty,1001,200,200,145824,145824,1.320413955987904,618,243.04,0.3932686084142395,1,47,39480,0.0029762146046581634,,,,0.003933613461450087,,,,0.003929835300005661,,,,0.3,0.9,1e-06,0.1,0.02,1.15,3,5.473705433435053,6.292817563850531,6.289794771626544
concrete,uncertainty,1001,200,198,91800,93756,1.20717988250477,326,156.26,0.25284789644012945,1,22,28380,0.00519725461166549,,,,0.006738358685123651,,,,0.00627402121145772,,,,0.3,0.9,1e-06,0.1,0.02,1.3,3,7.233296991074971,8.23619011673896,7.947349123373561
concrete,uncertainty,1001,200,176,175977,220473,1.3985775266803313,618,367.455,0.5945873786407767,1,18,15795,0.003356080960022755,,,,0.004271293315277339,,,,0.004693739408407577,,,,0.3,0.9,1e-06,0.1,0.05,1.05,3,5.8125341158680826,6.557359567101688,6.873988284821683
concrete,uncertainty,1001,200,161,132621,204927,1.4812219546165843,618,341.545,0.5526618122977347,1,18,15795,0.002824554899908817,,,,0.003989296900686172,,,,0.004183792729764789,,,,0.3,0.9,1e-06,0.1,0.05,1.15,3,5.332419533746655,6.337200973639907,6.489845843680838
concrete,uncertainty,1001,200,200,135594,135594,1.2989243931760937,527,225.99,0.36567961165048546,1,15,15255,0.0032309050877040953,,,,0.0040476161599122314,,,,0.004196701430455595,,,,0.3,0.9,1e-06,0.1,0.05,1.3,3,5.703105434767665,6.383354461320937,6.499850038687971
concrete,uncertainty,1001,200,193,221508,234486,1.4363932370270975,618,390.81,0.632378640776699,1,9,8316,0.0029488071053922456,,,,0.003969024550694701,,,,0.004235646583482873,,,,0.3,0.9,1e-06,0.1,0.1,1.05,3,5.448443888793417,6.321078636009772,6.529939513962897
concrete,uncertainty,1001,200,200,197424,197424,1.3987035119632145,618,329.04,0.5324271844660194,1,9,8316,0.0028763744512077813,,,,0.0038883631725437633,,,,0.004023195046625587,,,,0.3,0.9,1e-06,0.1,0.1,1.15,3,5.381111757236523,6.25651818289813,6.364068483465122
concrete,uncertainty,1001,200,190,122202,138942,1.1900988339797065,558,231.57,0.37470873786407766,1,8,8136,0.00442435035920403,,,,0.004987013244406017,,,,0.005265414203606412,,,,0.3,0.9,1e-06,0.1,0.1,1.3,3,6.673813343685405,7.085484646053777,7.280573167980834
concrete,uncertainty,1001,200,193,268116,281094,1.4473429048354025,618,468.49,0.7580744336569579,1,42,31248,0.0027870067635833036,,,,0.0038273986822967574,,,,0.004033754465000572,,,,0.3,0.9,1e-06,0.2,0.02,1.05,3,5.296857773521015,6.207277368031534,6.372414688936652
concrete,uncertainty,1001,200,195,170022,179292,1.2414551605221735,618,298.82,0.4835275080906149,1,42,31248,0.0034766826323428556,,,,0.004477854807041645,,,,0.004316145595419853,,,,0.3,0.9,1e-06,0.2,0.02,1.15,3,5.916049846005058,6.71404587431995,6.591698633170828
concrete,uncertainty,1001,200,192,140040,149172,1.2491017980032038,388,248.62,0.40229773462783175,1,22,24288,0.00377084964573662,,,,0.004927230338599324,,,,0.004710175072489356,,,,0.3,0.9,1e-06,0.2,0.02,1.3,3,6.161251098313286,7.042887205583206,6.886012794863461
concrete,uncertainty,1001,200,193,301446,314424,1.336426352520175,618,524.04,0.8479611650485437,1,16,12552,0.0029337189022406907,,,,0.0036301860126298777,,,,0.003920699251841018,,,,0.3,0.9,1e-06,0.2,0.05,1.05,3,5.434486947405038,6.045242682263844,6.282479286326573
concrete,uncertainty,1001,200,195,282834,292104,1.3723257582991517,618,486.84,0.7877669902912621,1,16,12552,0.0029384758702352314,,,,0.0037287215687678795,,,,0.0040325461268643234,,,,0.3,0.9,1e-06,0.2,0.05,1.15,3,5.438891120116408,6.126737564058989,6.371460167721883
concrete,uncertainty,1001,200,199,174654,176421,1.3777081245135971,589,294.035,0.475784789644013,1,15,12465,0.0033123653187908625,,,,0.004005110155046066,,,,0.004563472611055243,,,,0.3,0.9,1e-06,0.2,0.05,1.3,3,5.774553573661617,6.34974863076994,6.777929147069555
concrete,uncertainty,1001,200,191,337710,354396,1.2419119879419487,618,590.66,0.9557605177993527,1,8,6648,0.0029966234947608372,,,,0.0037169548903425386,,,,0.003721542641491981,,,,0.3,0.9,1e-06,0.2,0.1,1.05,3,5.492440875817792,6.117062892226538,6.120836802447649
concrete,uncertainty,1001,200,198,304602,308310,1.336953543554798,618,513.85,0.8314724919093851,1,8,6648,0.0028291267744141916,,,,0.0034312882248715886,,,,0.003782411066218809,,,,0.3,0.9,1e-06,0.2,0.1,1.15,3,5.33673336311548,5.877300555931726,6.170689063883594
concrete,uncertainty,1001,200,200,230268,230268,1.30538731571511,558,383.78,0.6210032362459547,1,7,6468,0.003401035882691538,,,,0.0037995015510271027,,,,0.004439669101557476,,,,0.3,0.9,1e-06,0.2,0.1,1.3,3,5.8513342517101545,6.184614203995786,6.6853569691131876
concrete,uncertainty,1002,200,188,211281,233529,1.3564578997870997,618,389.215,0.6297977346278317,1,49,43953,0.003024850198094791,,,,0.003282394435994011,,,,0.004103081946878253,,,,0.3,0.9,1e-06,0.05,0.02,1.05,3,5.5182482760857345,5.748369605166703,6.4269422254494195
concrete,uncertainty,1002,200,188,71700,79728,1.2548895828499322,223,132.88,0.21501618122977345,1,16,23856,0.013999896663390948,,,,0.01523749125498237,,,,0.017568324483864823,,,,0.3,0.9,1e-06,0.05,0.02,1.15,3,11.871667255413534,12.385285869648005,13.29886178931673
concrete,uncertainty,1002,200,198,86958,88296,0.9980879543712731,223,147.16,0.23812297734627833,1,16,23856,0.00512275734135581,,,,0.005424262010959387,,,,0.005112962395574242,,,,0.3,0.9,1e-06,0.05,0.02,1.3,3,7.181268959963851,7.3895778720318015,7.174400218094104
concrete,uncertainty,1002,200,196,232698,240114,1.7089401249372942,618,400.19,0.6475566343042071,1,19,17556,0.0036470755612443306,,,,0.005021427589970969,,,,0.0062326337652886385,,,,0.3,0.9,1e-06,0.05,0.05,1.05,3,6.059289199136397,7.10989034482699,7.921092858705462
concrete,uncertainty,1002,200,149,97371,168003,1.6805194319257108,618,280.005,0.45308252427184464,1,19,17556,0.003635240176251926,,,,0.004705362785714301,,,,0.006109091755908408,,,,0.3,0.9,1e-06,0.05,0.05,1.15,3,6.049449494020198,6.882494248728179,7.842194773837021
concrete,uncertainty,1002,200,182,169446,196230,1.6358151088454929,496,327.05,0.5292071197411004,1,15,16650,0.0028890139498965813,,,,0.003857711235312955,,,,0.004725892668906224,,,,0.3,0.9,1e-06,0.05,0.05,1.3,3,5.392921763493696,6.231809349108372,6.8974923500811025
concrete,uncertainty,1002,200,200,204642,204642,1.282403538264717,618,341.07,0.5518932038834952,1,10,9240,0.003471429556071807,,,,0.0035473576855324304,,,,0.004451773545543201,,,,0.3,0.9,1e-06,0.05,0.1,1.05,3,5.911578743475339,5.975878942587193,6.694464342295969
concrete,uncertainty,1002,200,195,204879,211854,1.3087086123735987,465,353.09,0.5713430420711973,1,7,8421,0.0036037798201071876,,,,0.0036507560614272797,,,,0.004716297687672455,,,,0.3,0.9,1e-06,0.05,0.1,1.15,3,6.023215822606501,6.0623458387739095,6.8904868020899315
concrete,uncertainty,1002,200,192,117738,124434,1.2057744385210192,279,207.39,0.33558252427184465,1,4,5928,0.006752377900675759,,,,0.005427956640164751,,,,0.008141844671869052,,,,0.3,0.9,1e-06,0.05,0.1,1.3,3,8.244753398682537,7.39209407633171,9.053379110585015
concrete,uncertainty,1002,200,195,146238,155508,1.0430214773883753,618,259.18,0.41938511326860844,1,47,39480,0.0063361368920655725,,,,0.005696431982177854,,,,0.006608726862097222,,,,0.3,0.9,1e-06,0.1,0.02,1.05,3,7.986593424748952,7.572700110769577,8.156581911979696
concrete,uncertainty,1002,200,193,92490,99588,1.03584035073935,338,165.98,0.26857605177993527,1,23,29256,0.005611162493955521,,,,0.00529572093778106,,,,0.005812268525794373,,,,0.3,0.9,1e-06,0.1,0.02,1.15,3,7.515808800830952,7.301495909483247,7.649307779883749
concrete,uncertainty,1002,200,199,82230,82884,1.0829727268404423,218,138.14,0.22352750809061486,1,13,18876,0.005633014009943801,,,,0.005642640494137988,,,,0.006100400542679254,,,,0.3,0.9,1e-06,0.1,0.02,1.3,3,7.530428965118579,7.536860744871134,7.836614366095888
concrete,uncertainty,1002,200,185,181071,208881,1.4365815612770114,618,348.135,0.5633252427184466,1,18,15795,0.0036728598678803757,,,,0.004065329288966802,,,,0.005276362763351268,,,,0.3,0.9,1e-06,0.1,0.05,1.05,3,6.08067063213215,6.397306593125281,7.28813861234785
concrete,uncertainty,1002,200,197,102672,105741,1.2008861763361227,341,176.235,0.2851699029126214,1,9,11664,0.006931322325357402,,,,0.007799094155961185,,,,0.008323729164251652,,,,0.3,0.9,1e-06,0.1,0.05,1.15,3,8.353285942701374,8.860768337845487,9.153944413035534
concrete,uncertainty,1002,200,193,101742,109554,1.1535850888997718,372,182.59,0.295453074433657,1,10,12495,0.005647330073963919,,,,0.006344176810435954,,,,0.006514675765420023,,,,0.3,0.9,1e-06,0.1,0.05,1.3,3,7.539992024408516,7.991658908947111,8.098334353203418
concrete,uncertainty,1002,200,197,143202,148764,1.256307559019641,618,247.94,0.40119741100323625,1,9,8316,0.00419841162087633,,,,0.004763984326994408,,,,0.005274496255182838,,,,0.3,0.9,1e-06,0.1,0.1,1.05,3,6.5011742750225965,6.925234158170683,7.2868494123704854
concrete,uncertainty,1002,200,199,185172,187026,0.995611885862696,618,311.71,0.5043851132686084,1,9,8316,0.003876824738221696,,,,0.0035798842783549916,,,,0.0038598127887800554,,,,0.3,0.9,1e-06,0.1,0.1,1.15,3,6.247228405233872,6.003213576062608,6.233506559785702
concrete,uncertainty,1002,200,190,97092,108252,1.1502774135350515,372,180.42,0.2919417475728155,1,5,6480,0.0043480402480359035,,,,0.005099363658750887,,,,0.005001452490457043,,,,0.3,0.9,1e-06,0.1,0.1,1.3,3,6.616008861341682,7.164853136556768,7.095734780008719
concrete,uncertainty,1002,200,187,210522,234624,1.277013140861331,618,391.04,0.6327508090614887,1,42,31248,0.0036009919780365016,,,,0.003546346073691644,,,,0.00459851407608885,,,,0.3,0.9,1e-06,0.2,0.02,1.05,3,6.02088562708313,5.975026801150906,6.8039021714785966
concrete,uncertainty,1002,200,194,164436,174012,1.4321556351245546,556,290.02,0.4692880258899676,1,36,30672,0.004253197514181605,,,,0.005188546461720565,,,,0.006091240787232933,,,,0.3,0.9,1e-06,0.2,0.02,1.15,3,6.543454338364573,7.227234651777714,7.830728815151511
concrete,uncertainty,1002,200,197,102768,104748,1.182197587344059,220,174.58,0.2824919093851133,1,8,10848,0.004933875637830003,,,,0.005312720646310495,,,,0.00583281587529826,,,,0.3,0.9,1e-06,0.2,0.02,1.3,3,7.047634936050871,7.313205726876787,7.6628166479310496
concrete,uncertainty,1002,200,186,256872,282828,1.403888712833118,618,471.38,0.7627508090614886,1,16,12552,0.0027389571382220052,,,,0.003122077428600765,,,,0.0038451910112835713,,,,0.3,0.9,1e-06,0.2,0.05,1.05,3,5.250998793475628,5.606232893689196,6.221688444006033
concrete,uncertainty,1002,200,186,191988,217944,1.4896568942461679,618,363.24,0.5877669902912621,1,16,12552,0.002970433689437257,,,,0.0035130783671356797,,,,0.00442492702437129,,,,0.3,0.9,1e-06,0.2,0.05,1.15,3,5.468386864072317,5.946935379198712,6.674248258416342
concrete,uncertainty,1002,200,199,157542,158937,1.1123659497267109,465,264.895,0.42863268608414234,1,11,11187,0.004186007046372866,,,,0.004125161456992376,,,,0.004656371703701256,,,,0.3,0.9,1e-06,0.2,0.05,1.3,3,6.491563026321337,6.4442113595398105,6.846571078128444
concrete,uncertainty,1002,200,196,319968,327384,1.752847631564461,618,545.64,0.8829126213592233,1,8,6648,0.0025432479513131383,,,,0.0029877820434264504,,,,0.004457926147940402,,,,0.3,0.9,1e-06,0.2,0.1,1.05,3,5.059920019392189,5.4843322460044055,6.699088808882043
concrete,uncertainty,1002,200,197,210330,215892,1.208041790435434,618,359.82,0.5822330097087378,1,8,6648,0.003248889864656295,,,,0.0034112443682678293,,,,0.003924794729026925,,,,0.3,0.9,1e-06,0.2,0.1,1.15,3,5.718956525258653,5.860109299512471,6.285759700515264
concrete,uncertainty,1002,200,199,132246,133362,1.2942546513062645,372,222.27,0.3596601941747573,1,4,4812,0.004650273447973249,,,,0.005561482745269561,,,,0.006018638039885397,,,,0.3,0.9,1e-06,0.2,0.1,1.3,3,6.8420862750274,7.482463337081522,7.783920887887868
concrete,uncertainty,1003,200,177,275475,318117,1.346464702285536,618,530.195,0.8579207119741101,1,49,43953,0.0032036888503219744,,,,0.005360774951297272,,,,0.004313653954064268,,,,0.3,0.9,1e-06,0.05,0.02,1.05,3,5.521030974721383,7.141818461277043,6.406453379547652
concrete,uncertainty,1003,200,199,312105,313959,1.1667816054554527,618,523.265,0.8467071197411004,1,49,43953,0.004505805170030595,,,,0.006461058744310712,,,,0.005257290590157777,,,,0.3,0.9,1e-06,0.05,0.02,1.15,3,6.5475861788775545,7.840556046656462,7.072549735352596
concrete,uncertainty,1003,200,195,189873,199143,1.4258676039755536,618,331.905,0.5370631067961165,1,49,43953,0.0033597625604902103,,,,0.005525736186092355,,,,0.004790576592052947,,,,0.3,0.9,1e-06,0.05,0.02,1.3,3,5.653915479189917,7.250869554804644,6.751323413862879
concrete,uncertainty,1003,200,156,256761,338337,1.4565009763199555,618,563.895,0.9124514563106796,1,19,17556,0.0037535932725537577,,,,0.0058929218752785525,,,,0.005467112266182564,,,,0.3,0.9,1e-06,0.05,0.05,1.05,3,5.97611057855745,7.48790559888443,7.2123038476799834
concrete,uncertainty,1003,200,166,278370,341406,1.716262823220331,618,569.01,0.9207281553398058,1,19,17556,0.0027861007037801055,,,,0.005310955709897738,,,,0.004781681059645795,,,,0.3,0.9,1e-06,0.05,0.05,1.15,3,5.1486506383045265,7.108555501823909,6.745052298008443
concrete,uncertainty,1003,200,165,257373,322263,1.294593429460543,618,537.105,0.8691019417475728,1,19,17556,0.003145964078487667,,,,0.005544286071175222,,,,0.004072744425329026,,,,0.3,0.9,1e-06,0.05,0.05,1.3,3,5.471065302002917,7.263029934900403,6.224989134726882
concrete,uncertainty,1003,200,181,318744,353970,1.4278083436200932,618,589.95,0.954611650485437,1,10,9240,0.0034395280680290094,,,,0.005551694705798592,,,,0.004910986873647319,,,,0.3,0.9,1e-06,0.05,0.1,1.05,3,5.720637750690588,7.267880980692587,6.83564350969888
concrete,uncertainty,1003,200,174,278172,326376,1.361794934267986,618,543.96,0.8801941747572816,1,10,9240,0.003396657970331789,,,,0.0053888666553771,,,,0.00462555161743881,,,,0.3,0.9,1e-06,0.05,0.1,1.15,3,5.684875100672223,7.160506403555047,6.634020124587355
concrete,uncertainty,1003,200,188,278802,301050,1.2830397469882213,618,501.75,0.8118932038834952,1,10,9240,0.0029729813082659358,,,,0.004982104383155791,,,,0.0038144531855582374,,,,0.3,0.9,1e-06,0.05,0.1,1.3,3,5.3185238138291115,6.88496013588107,6.024363427965829
concrete,uncertainty,1003,200,200,308028,308028,1.3367546614699624,618,513.38,0.8307119741100324,1,47,39480,0.002742211958706383,,,,0.00452539469845319,,,,0.003665664618539433,,,,0.3,0.9,1e-06,0.1,0.02,1.05,3,5.107936963168435,6.561803950400053,5.9057000121783405
concrete,uncertainty,1003,200,176,245196,289692,1.4783973983168734,618,482.82,0.7812621359223301,1,47,39480,0.004023027672693475,,,,0.006135687564342714,,,,0.00594763364466682,,,,0.3,0.9,1e-06,0.1,0.02,1.15,3,6.186877666045939,7.6405854512264355,7.522585344322645
concrete,uncertainty,1003,200,196,257892,265308,1.2167107366334642,618,442.18,0.7155016181229774,1,47,39480,0.0053069362876982575,,,,0.007298324642763902,,,,0.006457006359872209,,,,0.3,0.9,1e-06,0.1,0.02,1.3,3,7.105865054435841,8.33310027026419,7.838096857524952
concrete,uncertainty,1003,200,196,337791,345207,1.4730290056224573,618,575.345,0.9309789644012946,1,18,15795,0.0027195991572676204,,,,0.0046389809760334685,,,,0.004006048442321596,,,,0.3,0.9,1e-06,0.1,0.05,1.05,3,5.086832856065822,6.643643416256738,6.173807970316934
concrete,uncertainty,1003,200,200,332445,332445,1.266922202471732,618,554.075,0.8965614886731392,1,18,15795,0.0030398543221583497,,,,0.004755429224953501,,,,0.0038512589330220704,,,,0.3,0.9,1e-06,0.1,0.05,1.15,3,5.378007512779736,6.726511360473483,6.053358264298394
concrete,uncertainty,1003,200,178,258060,298848,1.5976323448435734,618,498.08,0.8059546925566343,1,18,15795,0.0028147183114943597,,,,0.0048905207451666755,,,,0.004496885016066878,,,,0.3,0.9,1e-06,0.1,0.05,1.3,3,5.175025427359564,6.821385151761426,6.541101831505946
concrete,uncertainty,1003,200,177,316332,358974,1.4579230145397954,618,598.29,0.9681067961165047,1,9,8316,0.002652771085779821,,,,0.00488928077387001,,,,0.0038675360182641233,,,,0.3,0.9,1e-06,0.1,0.1,1.05,3,5.023945348510076,6.820520329951689,6.066136831115666
concrete,uncertainty,1003,200,199,316950,318804,1.5590258424206922,618,531.34,0.8597734627831716,1,9,8316,0.0037916828387802247,,,,0.0057867392259530704,,,,0.0059113315319214215,,,,0.3,0.9,1e-06,0.1,0.1,1.15,3,6.006355319067677,7.4201378679666625,7.4995926940257345
concrete,uncertainty,1003,200,194,328494,339618,1.3378143567628535,618,566.03,0.9159061488673139,1,9,8316,0.003168560169834001,,,,0.005365070302129849,,,,0.004238945285470872,,,,0.3,0.9,1e-06,0.1,0.1,1.3,3,5.490678288086869,7.144679099306116,6.35073402216144
concrete,uncertainty,1003,200,179,278886,317820,1.408477686972817,618,529.7,0.8571197411003237,1,42,31248,0.003806450198404682,,,,0.00578299510791214,,,,0.005361300171026247,,,,0.3,0.9,1e-06,0.2,0.02,1.05,3,6.018040343654373,7.4177370022751035,7.142168311076646
concrete,uncertainty,1003,200,192,247518,262350,1.431302480368458,618,437.25,0.7075242718446602,1,42,31248,0.003248862654427508,,,,0.00539249212071725,,,,0.004650105175658545,,,,0.3,0.9,1e-06,0.2,0.02,1.15,3,5.5598195301740345,7.162914683867914,6.651604320079549
concrete,uncertainty,1003,200,200,219846,219846,1.3600096670123145,618,366.41,0.5928964401294499,1,42,31248,0.0031257875903344715,,,,0.004936626589192289,,,,0.00425110133988201,,,,0.3,0.9,1e-06,0.2,0.02,1.3,3,5.453492875622593,6.853464346577566,6.359833526364609
concrete,uncertainty,1003,200,152,244167,333159,1.2136893065967975,618,555.265,0.8984870550161812,1,16,12552,0.0035938539213498217,,,,0.005566666013674194,,,,0.004361822073813247,,,,0.3,0.9,1e-06,0.2,0.05,1.05,3,5.847567302468869,7.277674064718753,6.442122691441112
concrete,uncertainty,1003,200,173,244656,294714,1.480929467797351,618,491.19,0.7948058252427185,1,16,12552,0.0036605278794469643,,,,0.005717301011192722,,,,0.005420983604366759,,,,0.3,0.9,1e-06,0.2,0.05,1.15,3,5.901560697989171,7.3754843839683195,7.181812551732535
concrete,uncertainty,1003,200,191,245751,262437,1.3011720258774104,618,437.395,0.7077588996763754,1,16,12552,0.0038011434535582095,,,,0.005888721082546716,,,,0.004945941528116992,,,,0.3,0.9,1e-06,0.2,0.05,1.3,3,6.013843869037871,7.485236231479647,6.859927212893405
concrete,uncertainty,1003,200,185,316524,344334,1.4201544642543065,618,573.89,0.9286245954692557,1,8,6648,0.002648503438153349,,,,0.004954841528451788,,,,0.0037612839812863584,,,,0.3,0.9,1e-06,0.2,0.1,1.05,3,5.0199025838371485,6.866096504739449,5.982229649607727
concrete,uncertainty,1003,200,168,244434,303762,1.532986860704971,618,506.27,0.8192071197411003,1,8,6648,0.0032129883411397497,,,,0.0050789253335805805,,,,0.004925468910565498,,,,0.3,0.9,1e-06,0.2,0.1,1.15,3,5.529038239859511,6.951538508308776,6.845714924121186
concrete,uncertainty,1003,200,190,246006,264546,1.6015388679238212,618,440.91,0.7134466019417476,1,8,6648,0.00302027695411274,,,,0.005035484803775264,,,,0.004837090933906124,,,,0.3,0.9,1e-06,0.2,0.1,1.3,3,5.360661731059726,6.921746083250745,6.784020392708908
concrete,uncertainty,1004,200,189,191205,206088,1.2015656021436336,451,343.48,0.5557928802588997,1,35,40215,0.003649045903698854,,,,0.0034803756727111662,,,,0.004384568038527673,,,,0.3,0.9,1e-06,0.05,0.02,1.05,3,5.996889789397679,5.856652635395916,6.57354758372566
concrete,uncertainty,1004,200,188,123180,136320,1.0646809785454778,379,227.2,0.3676375404530744,1,29,36453,0.005140248538515543,,,,0.005359616505460624,,,,0.005472724843953691,,,,0.3,0.9,1e-06,0.05,0.02,1.15,3,7.1175161829612,7.267804927967665,7.344093727283544
concrete,uncertainty,1004,200,171,108999,135204,1.1022162076096882,319,225.34,0.36462783171521035,1,24,32328,0.0067322927911320435,,,,0.006980642293856008,,,,0.0074204422287596035,,,,0.3,0.9,1e-06,0.05,0.02,1.3,3,8.145502885099377,8.294383206921037,8.55167718149179
concrete,uncertainty,1004,200,194,263754,274878,1.1831300788901777,618,458.13,0.7413106796116504,1,19,17556,0.003128381151823353,,,,0.00312989778284174,,,,0.0037012818389553083,,,,0.3,0.9,1e-06,0.05,0.05,1.05,3,5.552598027213327,5.5539438066420965,6.039659880060812
concrete,uncertainty,1004,200,179,224130,261237,1.2323086438145925,589,435.395,0.7045226537216828,1,18,17469,0.0033801245576907655,,,,0.003211247332948912,,,,0.004165356709612307,,,,0.3,0.9,1e-06,0.05,0.05,1.15,3,5.771686802441013,5.625657427495339,6.407114772229556
concrete,uncertainty,1004,200,197,187767,191394,1.1886096341001375,403,318.99,0.5161650485436894,1,12,14994,0.005795524610912323,,,,0.006199065185635561,,,,0.006888616387194838,,,,0.3,0.9,1e-06,0.05,0.05,1.3,3,7.557580492196686,7.81626914978271,8.239529336396687
concrete,uncertainty,1004,200,185,211947,232872,1.106757121229007,465,388.12,0.6280258899676375,1,7,8421,0.006302866351778438,,,,0.005890808750363784,,,,0.006975742218985478,,,,0.3,0.9,1e-06,0.05,0.1,1.05,3,7.881437814592836,7.619454250428213,8.291471566996895
concrete,uncertainty,1004,200,198,236592,239754,1.1664826275151612,527,399.59,0.6465857605177993,1,8,8880,0.006928187949512075,,,,0.0073245620943296974,,,,0.008081610883265722,,,,0.3,0.9,1e-06,0.05,0.1,1.15,3,8.263161378121126,8.496249095264076,8.924530377445238
concrete,uncertainty,1004,200,182,154380,172794,1.0760808636346049,341,287.99,0.4660032362459547,1,5,6945,0.0062430103526627066,,,,0.006404343878203727,,,,0.006717983971973064,,,,0.3,0.9,1e-06,0.05,0.1,1.3,3,7.843924985463757,7.944630910633308,8.136842052344196
concrete,uncertainty,1004,200,192,194904,205320,1.1026675990211652,434,342.2,0.5537216828478965,1,31,34968,0.0047524913905118695,,,,0.004440122983758804,,,,0.005240418270944481,,,,0.3,0.9,1e-06,0.1,0.02,1.05,3,6.843796282341106,6.61506176978196,7.186532272634269
concrete,uncertainty,1004,200,198,121824,123996,1.146227834574898,362,206.66,0.33440129449838185,1,25,30900,0.005276833396253541,,,,0.00565147056125236,,,,0.0060484533172002015,,,,0.3,0.9,1e-06,0.1,0.02,1.15,3,7.21145828078675,7.463063536274966,7.720733654292378
concrete,uncertainty,1004,200,193,64338,68484,1.0766532954143115,206,114.14,0.1846925566343042,1,12,17640,0.004989924407629424,,,,0.005270371848405854,,,,0.005372418557342526,,,,0.3,0.9,1e-06,0.1,0.02,1.3,3,7.01266975641835,7.207041668333798,7.276479739037539
concrete,uncertainty,1004,200,197,187302,192324,1.1754343082155556,558,320.54,0.518673139158576,1,16,15528,0.003677550719961146,,,,0.0038068755338753705,,,,0.004322719286445148,,,,0.3,0.9,1e-06,0.1,0.05,1.05,3,6.020266819347057,6.125206616882414,6.527019662576276
concrete,uncertainty,1004,200,192,177495,192327,1.129435362808487,618,320.545,0.5186812297734628,1,18,15795,0.004926764495225542,,,,0.005100489532247624,,,,0.005564462045137032,,,,0.3,0.9,1e-06,0.1,0.05,1.15,3,6.968147026747534,7.089936319194176,7.405391041299164
concrete,uncertainty,1004,200,192,90117,98301,1.1328919695494464,341,163.835,0.2651051779935275,1,9,11664,0.005241600575022199,,,,0.005523642124944618,,,,0.0059381671990284095,,,,0.3,0.9,1e-06,0.1,0.05,1.3,3,7.187342912814758,7.378178716581912,7.650020782576137
concrete,uncertainty,1004,200,198,136710,138942,0.9494954411378784,372,231.57,0.37470873786407766,1,5,6480,0.005102826546080201,,,,0.0046944831140643024,,,,0.004845110542420497,,,,0.3,0.9,1e-06,0.1,0.1,1.05,3,7.091560416410121,6.801900814608362,6.9101623209462035
concrete,uncertainty,1004,200,190,202368,217248,1.1986107352552093,496,362.08,0.5858899676375404,1,7,7770,0.0033964764734684912,,,,0.003889384522806676,,,,0.004071053163141089,,,,0.3,0.9,1e-06,0.1,0.1,1.15,3,5.785630707118102,6.191228672808088,6.334171108364171
concrete,uncertainty,1004,200,197,90768,93558,1.020134516641627,310,155.93,0.2523139158576052,1,4,5556,0.007719816946687073,,,,0.007666006177708953,,,,0.007875251729470458,,,,0.3,0.9,1e-06,0.1,0.1,1.3,3,8.722478453887359,8.692025396497652,8.809852282048084
concrete,uncertainty,1004,200,186,111960,123576,1.1913192393202758,280,205.96,0.3332686084142395,1,13,16458,0.0055069703506165435,,,,0.0056356427491493655,,,,0.006560559729055813,,,,0.3,0.9,1e-06,0.2,0.02,1.05,3,7.367035680427702,7.45260548043049,8.040940546463387
concrete,uncertainty,1004,200,186,100332,109068,1.079279155627487,208,181.78,0.2941423948220065,1,7,9618,0.0055536100570274085,,,,0.005006764023395595,,,,0.005993895573032861,,,,0.3,0.9,1e-06,0.2,0.02,1.15,3,7.398166404412146,7.024492701164145,7.685833823379771
concrete,uncertainty,1004,200,185,83796,92076,1.1400195141792662,184,153.46,0.2483171521035599,1,5,7050,0.00536223862955337,,,,0.0053276329734923645,,,,0.006113056677376726,,,,0.3,0.9,1e-06,0.2,0.02,1.3,3,7.269582551058273,7.2460871524245505,7.761856607442926
concrete,uncertainty,1004,200,172,195114,231570,1.1867229939031947,434,385.95,0.6245145631067961,1,10,10635,0.0033982010729914853,,,,0.003290920257713227,,,,0.004032723351225504,,,,0.3,0.9,1e-06,0.2,0.05,1.05,3,5.787099380574196,5.695017771473037,6.304281819575288
concrete,uncertainty,1004,200,189,120621,129828,1.1530655016372886,279,216.38,0.35012944983818767,1,5,6480,0.005496888713237934,,,,0.005705986901010678,,,,0.0063382727415740485,,,,0.3,0.9,1e-06,0.2,0.05,1.15,3,7.360289157282185,7.498972989065814,7.903543825168591
concrete,uncertainty,1004,200,199,102672,103416,1.0126296465572353,248,172.36,0.2788996763754045,1,4,5370,0.00617966586845887,,,,0.005759003502985492,,,,0.006257712864219315,,,,0.3,0.9,1e-06,0.2,0.05,1.3,3,7.804029473836802,7.533730415173335,7.853155915112901
concrete,uncertainty,1004,200,193,297882,310860,1.177896226711478,618,518.1,0.8383495145631068,1,8,6648,0.0032428590290038044,,,,0.003358051656005149,,,,0.003819751414020829,,,,0.3,0.9,1e-06,0.2,0.1,1.05,3,5.653279257434998,5.752810790838259,6.135556423485697
concrete,uncertainty,1004,200,177,282534,321036,1.1297495246686782,558,535.06,0.8657928802588996,1,7,6468,0.003230702051572636,,,,0.0036115927772696374,,,,0.003649884107110309,,,,0.3,0.9,1e-06,0.2,0.1,1.15,3,5.642672672277413,5.966034934034649,5.997578507077049
concrete,uncertainty,1004,200,200,115506,115506,1.09608931213942,248,192.51,0.31150485436893205,1,2,2778,0.005038850252011781,,,,0.004491166850225864,,,,0.0055230299067011365,,,,0.3,0.9,1e-06,0.2,0.1,1.3,3,7.046965252669988,6.652976646815428,7.377769821446984
concrete,uncertainty,1000,200,177,363415,434485,1.4862222515363757,618,434.485,0.7030501618122977,1,49,73255,0.0027380785552133515,,,,0.00408399629496346,,,,0.004069393275212654,,,,0.3,0.9,1e-06,0.05,0.02,1.05,5,5.250156537078151,6.411977211496222,6.400503390962409
concrete,uncertainty,1000,200,195,436955,452405,1.3224046418554556,618,452.405,0.732046925566343,1,49,73255,0.003159283807219081,,,,0.004307860201138308,,,,0.004177851571605289,,,,0.3,0.9,1e-06,0.05,0.02,1.15,5,5.639539219301883,6.585368789080019,6.485236282331777
concrete,uncertainty,1000,200,188,223420,253600,1.3714538311487408,547,253.6,0.4103559870550162,1,43,72025,0.003927241974744922,,,,0.004751065899154357,,,,0.005386031052112069,,,,0.3,0.9,1e-06,0.05,0.02,1.3,5,6.287719089781893,6.915838255188082,7.363490433534378
concrete,uncertainty,1000,200,190,514225,545125,1.4059294995082108,618,545.125,0.88207928802589,1,19,29260,0.0028794540050008587,,,,0.003854157113287757,,,,0.00404830932810777,,,,0.3,0.9,1e-06,0.05,0.05,1.05,5,5.383991596124133,6.228937994403281,6.383901023630322
concrete,uncertainty,1000,200,183,421590,474120,1.4167138896876843,618,474.12,0.7671844660194175,1,19,29260,0.002490647015081677,,,,0.0035565163596452806,,,,0.0035285342205753833,,,,0.3,0.9,1e-06,0.05,0.05,1.15,5,5.007320517714786,5.983588321163652,5.960002848583462
concrete,uncertainty,1000,200,197,338980,348250,1.270160781933386,618,348.25,0.5635113268608414,1,19,29260,0.004079628436080016,,,,0.005033795815080787,,,,0.00518178404436907,,,,0.3,0.9,1e-06,0.05,0.05,1.3,5,6.408547469900266,7.118641107463432,7.222523360048176
concrete,uncertainty,1000,200,195,537025,552475,1.4951633016029346,618,552.475,0.8939724919093851,1,10,15400,0.0025707413124635256,,,,0.0033694766874888234,,,,0.003843678068310026,,,,0.3,0.9,1e-06,0.05,0.1,1.05,5,5.087196215402135,5.824122867934575,6.220464319392484
concrete,uncertainty,1000,200,180,483645,545445,1.4738723419785893,618,545.445,0.8825970873786408,1,10,15400,0.0028819692887699228,,,,0.0035665101990583732,,,,0.004247654825149695,,,,0.3,0.9,1e-06,0.05,0.1,1.15,5,5.386342616587493,5.991989389054329,6.539189293509128
concrete,uncertainty,1000,200,180,385255,447055,1.2803415185550846,618,447.055,0.7233899676375405,1,10,15400,0.0031624654778092836,,,,0.004183869462197005,,,,0.0040490358522363695,,,,0.3,0.9,1e-06,0.05,0.1,1.3,5,5.642378255277896,6.48990535659235,6.384473836832131
concrete,uncertainty,1000,200,188,435820,472900,1.2537907100401169,618,472.9,0.765210355987055,1,47,65800,0.0029419982710115356,,,,0.003729970365505624,,,,0.0036886501011483496,,,,0.3,0.9,1e-06,0.1,0.02,1.05,5,5.4421499892286525,6.127763439716431,6.093727519145189
concrete,uncertainty,1000,200,176,324820,398980,1.302911440315955,618,398.98,0.6455987055016181,1,47,65800,0.0026450406339383237,,,,0.003726479589404916,,,,0.003446253702058808,,,,0.3,0.9,1e-06,0.1,0.02,1.15,5,5.160187407020152,6.124895366361646,5.890103460420898
concrete,uncertainty,1000,200,195,189870,197420,1.0868001839574704,302,197.42,0.31944983818770223,1,20,44200,0.005425473520719391,,,,0.006252807327580647,,,,0.005896405620374219,,,,0.3,0.9,1e-06,0.1,0.02,1.3,5,7.390403057638976,7.9339018547943,7.704473686120137
concrete,uncertainty,1000,200,192,507095,531815,1.280867903179257,618,531.815,0.8605420711974111,1,18,26325,0.0031483875527847844,,,,0.003939357758909236,,,,0.004032668563131119,,,,0.3,0.9,1e-06,0.1,0.05,1.05,5,5.629805536903818,6.297410621755709,6.371556892204529
concrete,uncertainty,1000,200,181,435205,493915,1.32521351866654,618,493.915,0.7992152103559871,1,18,26325,0.00285390354245474,,,,0.003425932624754156,,,,0.0037820315554313493,,,,0.3,0.9,1e-06,0.1,0.05,1.15,5,5.360051293591287,5.872712080510569,6.170379485975435
concrete,uncertainty,1000,200,199,251565,253270,1.408254866047383,341,253.27,0.40982200647249195,1,9,19440,0.003188089871558501,,,,0.004072562492509605,,,,0.004489643075018635,,,,0.3,0.9,1e-06,0.1,0.05,1.3,5,5.665191283244097,6.4029952413249935,6.722877664746793
concrete,uncertainty,1000,200,148,434620,595300,1.4364175928022922,618,595.3,0.9632686084142394,1,9,13860,0.0025427810866432126,,,,0.003207955986718126,,,,0.00365249548749924,,,,0.3,0.9,1e-06,0.1,0.1,1.05,5,5.0594555726774395,5.682814776252746,6.063789888509427
concrete,uncertainty,1000,200,184,435690,485130,1.1892839531053283,618,485.13,0.785,1,9,13860,0.0030922774470569713,,,,0.0037977162499672162,,,,0.0036775959463343673,,,,0.3,0.9,1e-06,0.1,0.1,1.15,5,5.579413218063287,6.183161027115003,6.084589819958759
concrete,uncertainty,1000,200,191,335700,363510,1.4404257342937985,618,363.51,0.5882038834951456,1,9,13860,0.003112139483614484,,,,0.004646333513675182,,,,0.0044828058009101154,,,,0.3,0.9,1e-06,0.1,0.1,1.3,5,5.59730312777522,6.839187189306872,6.71775658157618
concrete,uncertainty,1000,200,170,435120,527820,1.3265613916124237,618,527.82,0.8540776699029127,1,42,52080,0.002764198090396522,,,,0.003243079923118069,,,,0.0036668784654888143,,,,0.3,0.9,1e-06,0.2,0.02,1.05,5,5.275138684044907,5.713840674536859,6.0757173043263295
concrete,uncertainty,1000,200,199,425220,428310,1.3881712959310366,618,428.31,0.6930582524271844,1,42,52080,0.0029518515617592304,,,,0.0033481152381679173,,,,0.0040976756078833654,,,,0.3,0.9,1e-06,0.2,0.02,1.15,5,5.451255749641732,5.805631937801224,6.422706667638725
concrete,uncertainty,1000,200,190,223940,239740,1.1395160367680894,316,239.74,0.38792880258899676,1,16,32320,0.00408426696473969,,,,0.005159924586369846,,,,0.004654087704763005,,,,0.3,0.9,1e-06,0.2,0.02,1.3,5,6.412189687164266,7.207273081161747,6.8448917148671455
concrete,uncertainty,1000,200,190,507390,538290,1.4825820731177983,618,538.29,0.8710194174757281,1,16,20920,0.0025141884148249857,,,,0.0031556855467543493,,,,0.0037274906722599786,,,,0.3,0.9,1e-06,0.2,0.05,1.05,5,5.030929261821028,5.63632673293176,6.12572622515751
concrete,uncertainty,1000,200,198,516950,523130,1.511657319775439,618,523.13,0.8464886731391585,1,16,20920,0.002444093771169126,,,,0.003332335857142039,,,,0.0036946322394053664,,,,0.3,0.9,1e-06,0.2,0.05,1.15,5,4.960303301657719,5.791935057064831,6.098666826438701
concrete,uncertainty,1000,200,183,339670,392200,1.4144414218328027,618,392.2,0.6346278317152103,1,16,20920,0.0028138228295099005,,,,0.0036521734348341074,,,,0.003979987563757584,,,,0.3,0.9,1e-06,0.2,0.05,1.3,5,5.322279464316972,6.063522550363423,6.329802477341073
concrete,uncertainty,1000,200,179,506360,571250,1.3558459362842883,618,571.25,0.9243527508090615,1,8,11080,0.002741347337216141,,,,0.0034713384164684353,,,,0.0037168446471082593,,,,0.3,0.9,1e-06,0.2,0.1,1.05,5,5.253289481937968,5.911501141082775,6.116972176867079
concrete,uncertainty,1000,200,177,455220,526290,1.255855031537214,618,526.29,0.8516019417475728,1,8,11080,0.0029634506545706592,,,,0.003912577051347105,,,,0.0037216644152548127,,,,0.3,0.9,1e-06,0.2,0.1,1.15,5,5.461955411821372,6.275968456507221,6.120936942537894
concrete,uncertainty,1000,200,162,434690,552110,1.3260029704627065,618,552.11,0.8933818770226537,1,8,11080,0.002815116820870165,,,,0.0042335358112842465,,,,0.00373285326667337,,,,0.3,0.9,1e-06,0.2,0.1,1.3,5,5.323503100712103,6.528312261534408,6.130131062310379
concrete,uncertainty,1001,200,192,276035,300755,1.400683971619796,618,300.755,0.4866585760517799,1,49,73255,0.003379128707897844,,,,0.004331755708070257,,,,0.004733091419192822,,,,0.3,0.9,1e-06,0.05,0.02,1.05,5,5.832458636105962,6.603607903527426,6.902743678687164
concrete,uncertainty,1001,200,199,281930,285020,1.3787186910080496,618,285.02,0.4611974110032362,1,49,73255,0.004923322603973148,,,,0.005776802383143144,,,,0.006787876895960201,,,,0.3,0.9,1e-06,0.05,0.02,1.15,5,7.04009383169216,7.625934241776884,8.266397388397984
concrete,uncertainty,1001,200,191,147865,159940,1.3062391053810631,283,159.94,0.2588025889967637,1,21,49035,0.004395542966986244,,,,0.0058678711361914845,,,,0.0057416301128601355,,,,0.3,0.9,1e-06,0.05,0.02,1.3,5,6.652050925011491,7.685808942370009,7.602683408609978
concrete,uncertainty,1001,200,194,481505,500045,1.4377133484974023,618,500.045,0.8091343042071197,1,19,29260,0.0027361180235918447,,,,0.003257176676919669,,,,0.0039337534055823254,,,,0.3,0.9,1e-06,0.05,0.05,1.05,5,5.248276579858335,5.726245436141405,6.292929501013338
concrete,uncertainty,1001,200,197,463105,472375,1.3683137705865618,618,472.375,0.7643608414239482,1,19,29260,0.003402163451047121,,,,0.003982685575052239,,,,0.004655227099854075,,,,0.3,0.9,1e-06,0.05,0.05,1.15,5,5.852304137475373,6.331947582700609,6.8457295330648
concrete,uncertainty,1001,200,195,172515,183985,1.3897027534666724,465,183.985,0.29771035598705503,1,14,26985,0.0037355232042784667,,,,0.004613790865246572,,,,0.005191266882624432,,,,0.3,0.9,1e-06,0.05,0.05,1.3,5,6.132322970305769,6.815194470869777,7.229129069019654
concrete,uncertainty,1001,200,200,533375,533375,1.321519167530128,618,533.375,0.8630663430420712,1,10,15400,0.0027710656543740594,,,,0.003289999821281605,,,,0.0036620163767397363,,,,0.3,0.9,1e-06,0.05,0.1,1.05,5,5.281687577737741,5.755025305987249,6.071687926768418
concrete,uncertainty,1001,200,200,501915,501915,1.4416733892345976,618,501.915,0.8121601941747573,1,10,15400,0.00256171101638464,,,,0.003185523799929033,,,,0.00369315060323085,,,,0.3,0.9,1e-06,0.05,0.1,1.15,5,5.078253405511898,5.6629108875163086,6.097443847953126
concrete,uncertainty,1001,200,196,451690,464050,1.2774538863381095,618,464.05,0.7508899676375405,1,10,15400,0.003075711822159412,,,,0.004154451436977667,,,,0.003929080020473609,,,,0.3,0.9,1e-06,0.05,0.1,1.3,5,5.564448425102951,6.467048884805691,6.289190321164294
concrete,uncertainty,1001,200,190,357300,388200,1.3929481755632616,618,388.2,0.6281553398058253,1,47,65800,0.004480840598041354,,,,0.005310315757612291,,,,0.006241578736031498,,,,0.3,0.9,1e-06,0.1,0.02,1.05,5,6.716283932271471,7.311550319249315,7.926774930095363
concrete,uncertainty,1001,200,198,400780,406960,1.3278496853563695,618,406.96,0.6585113268608414,1,47,65800,0.00403754834229,,,,0.004539730519877866,,,,0.005361257295920908,,,,0.3,0.9,1e-06,0.1,0.02,1.15,5,6.375410716289398,6.760274602302508,7.346536245333433
concrete,uncertainty,1001,200,200,354200,354200,1.5002021513991324,566,354.2,0.5731391585760518,1,42,65100,0.0030281487957763338,,,,0.003954220453478288,,,,0.004542835338180348,,,,0.3,0.9,1e-06,0.1,0.02,1.3,5,5.521256279793801,6.309279101417859,6.762585954999695
concrete,uncertainty,1001,200,200,504260,504260,1.467773222087676,618,504.26,0.8159546925566343,1,18,26325,0.0027019254802524506,,,,0.003517764082263017,,,,0.003965813867990931,,,,0.3,0.9,1e-06,0.1,0.05,1.05,5,5.215380320566092,5.950900044458877,6.318521448018529
concrete,uncertainty,1001,200,200,291865,291865,1.3910335107959562,465,291.865,0.47227346278317156,1,13,24050,0.0035399827342026575,,,,0.004128226211838194,,,,0.004924234610914991,,,,0.3,0.9,1e-06,0.1,0.05,1.15,5,5.969663788884734,6.446604752052781,7.040745862611883
concrete,uncertainty,1001,200,183,233275,264895,1.1840287962666143,372,264.895,0.42863268608414234,1,10,20825,0.00424668893633365,,,,0.005751164519900436,,,,0.00502820198940588,,,,0.3,0.9,1e-06,0.1,0.05,1.3,5,6.538445766884784,7.6089932029710985,7.114684698853851
concrete,uncertainty,1001,200,173,489570,573000,1.593411676706933,618,573.0,0.9271844660194175,1,9,13860,0.0027693354862659866,,,,0.004025288738328138,,,,0.004412691500535096,,,,0.3,0.9,1e-06,0.1,0.1,1.05,5,5.2800384586995985,6.365724215309257,6.665014269510336
concrete,uncertainty,1001,200,170,401930,494630,1.5112431053300999,618,494.63,0.8003721682847896,1,9,13860,0.002955102085969376,,,,0.004158012549968727,,,,0.004465877652967815,,,,0.3,0.9,1e-06,0.1,0.1,1.15,5,5.45425633470231,6.469820003817398,6.70506065594364
concrete,uncertainty,1001,200,184,335370,384810,1.2094250524310506,618,384.81,0.6226699029126214,1,9,13860,0.004305807441167241,,,,0.005703782489650055,,,,0.005207551390291698,,,,0.3,0.9,1e-06,0.1,0.1,1.3,5,6.583799588641574,7.577584329870727,7.240458734170097
concrete,uncertainty,1001,200,198,466840,473020,1.4199322825482965,618,473.02,0.7654045307443366,1,42,52080,0.0025282246146086738,,,,0.0034481505578287525,,,,0.0035899077478160814,,,,0.3,0.9,1e-06,0.2,0.02,1.05,5,5.044953040727665,5.8917242261468585,6.011612027225406
concrete,uncertainty,1001,200,197,414650,423920,1.2854458610266537,618,423.92,0.6859546925566343,1,42,52080,0.0031624520158891026,,,,0.004386838911929157,,,,0.004065160854520044,,,,0.3,0.9,1e-06,0.2,0.02,1.15,5,5.642366246083317,6.645461465000386,6.397174065366593
concrete,uncertainty,1001,200,192,217320,229720,1.219516524801378,316,229.72,0.37171521035598704,1,16,32320,0.006497822444399014,,,,0.007574309864675857,,,,0.00792420184616988,,,,0.3,0.9,1e-06,0.2,0.02,1.3,5,8.087852464462918,8.732142905606143,8.931554758161509
concrete,uncertainty,1001,200,177,461735,532805,1.5140449159107399,618,532.805,0.8621440129449838,1,16,20920,0.0025595234959726854,,,,0.003704456783467977,,,,0.0038752335362315276,,,,0.3,0.9,1e-06,0.2,0.05,1.05,5,5.07608470743221,6.106770047311734,6.245946219017565
concrete,uncertainty,1001,200,162,320210,437630,1.268683308569217,618,437.63,0.7081391585760518,1,16,20920,0.003085707191313306,,,,0.00430697588313677,,,,0.003914785208751191,,,,0.3,0.9,1e-06,0.2,0.05,1.15,5,5.573482691894982,6.5846928317844045,6.277739203928225
concrete,uncertainty,1001,200,187,351675,391845,1.222717936204817,618,391.845,0.6340533980582524,1,16,20920,0.0038402259614131523,,,,0.00516150046913597,,,,0.004695513162099249,,,,0.3,0.9,1e-06,0.2,0.05,1.3,5,6.21767031179263,7.208373576933466,6.8752869945868715
concrete,uncertainty,1001,200,196,541570,553930,1.2253403772962033,618,553.93,0.8963268608414239,1,8,11080,0.003680071863041212,,,,0.0044203128465225994,,,,0.004509340645136061,,,,0.3,0.9,1e-06,0.2,0.1,1.05,5,6.086637679901851,6.670767500336723,6.737609283966913
concrete,uncertainty,1001,200,178,436260,504240,1.2841223257356025,618,504.24,0.8159223300970874,1,8,11080,0.005069978190348082,,,,0.006528564959923492,,,,0.00651047218521856,,,,0.3,0.9,1e-06,0.2,0.1,1.15,5,7.144179306101732,8.106962522722066,8.095721215394926
concrete,uncertainty,1001,200,191,415370,443180,1.346572713981449,618,443.18,0.7171197411003236,1,8,11080,0.0029391145375364945,,,,0.004202303206060281,,,,0.003957731439512849,,,,0.3,0.9,1e-06,0.2,0.1,1.3,5,5.43948214984432,6.504186606322709,6.312079511266604
concrete,uncertainty,1002,200,198,369130,375310,1.4705649818867073,618,375.31,0.6072977346278318,1,49,73255,0.0031839921090952837,,,,0.0036279142958957995,,,,0.004682267298239125,,,,0.3,0.9,1e-06,0.05,0.02,1.05,5,5.661549279167026,6.043350874505642,6.86558268445511
concrete,uncertainty,1002,200,183,233025,270100,1.515282699622924,499,270.1,0.4370550161812298,1,39,70005,0.0031405167470069367,,,,0.003744030820913189,,,,0.004758770694615675,,,,0.3,0.9,1e-06,0.05,0.02,1.15,5,5.622764022201009,6.139302150844666,6.921443685078209
concrete,uncertainty,1002,200,200,151360,151360,1.1487987932737211,259,151.36,0.2449190938511327,1,19,45505,0.004763853477775043,,,,0.004626741787120801,,,,0.005472709126600789,,,,0.3,0.9,1e-06,0.05,0.02,1.3,5,6.925139052095218,6.8247529014376545,7.422504738413876
concrete,uncertainty,1002,200,193,312020,333650,1.437378692261588,618,333.65,0.5398867313915857,1,19,29260,0.00293228070444499,,,,0.0033153910311181757,,,,0.004214797804299028,,,,0.3,0.9,1e-06,0.05,0.05,1.05,5,5.433154709120199,5.777190382716341,6.513848793552204
concrete,uncertainty,1002,200,200,500775,500775,1.4598004197289824,618,500.775,0.8103155339805825,1,19,29260,0.003219254727753115,,,,0.003492178310430177,,,,0.004699469402788509,,,,0.3,0.9,1e-06,0.05,0.05,1.15,5,5.692813699990897,5.929219193498148,6.878182797684273
concrete,uncertainty,1002,200,189,246295,265050,1.0406985075907844,341,265.05,0.42888349514563107,1,10,22375,0.004303639985824893,,,,0.003780789180724193,,,,0.00447879171045599,,,,0.3,0.9,1e-06,0.05,0.05,1.3,5,6.582142305070897,6.169365936385688,6.714748228881765
concrete,uncertainty,1002,200,167,256245,358215,1.6417705707788863,618,358.215,0.5796359223300971,1,10,15400,0.0028660076952983,,,,0.0036908326894755134,,,,0.0047053270897665705,,,,0.3,0.9,1e-06,0.05,0.1,1.05,5,5.3714059579232405,6.09553009343926,6.882468142598632
concrete,uncertainty,1002,200,200,283650,283650,1.2759695539616103,403,283.65,0.4589805825242718,1,6,12960,0.0033131107398888934,,,,0.0034261557864885737,,,,0.004227428433001452,,,,0.3,0.9,1e-06,0.05,0.1,1.15,5,5.775203295462614,5.872903348614127,6.523601629062372
concrete,uncertainty,1002,200,198,391840,397730,1.4667360225636379,589,397.73,0.6435760517799353,1,9,15255,0.004354327438435062,,,,0.005393829348844498,,,,0.0063866489079899575,,,,0.3,0.9,1e-06,0.05,0.1,1.3,5,6.62079045018078,7.368819210202792,8.018365000303795
concrete,uncertainty,1002,200,179,368090,432980,1.662059547997269,618,432.98,0.7006148867313916,1,47,65800,0.002609785653074977,,,,0.003117758295876442,,,,0.004337619162919554,,,,0.3,0.9,1e-06,0.1,0.02,1.05,5,5.125682723561733,5.6023536746698825,6.608075706589521
concrete,uncertainty,1002,200,200,363920,363920,1.34251924303713,618,363.92,0.5888673139158577,1,47,65800,0.0030468732204450956,,,,0.003314080703426156,,,,0.004090485929542052,,,,0.3,0.9,1e-06,0.1,0.02,1.15,5,5.538300195302146,5.776048622878182,6.417069634285361
concrete,uncertainty,1002,200,196,275320,284300,1.683962492220963,470,284.3,0.46003236245954693,1,34,60860,0.0035299660908570747,,,,0.004867401648781789,,,,0.0059443304958151704,,,,0.3,0.9,1e-06,0.1,0.02,1.3,5,5.9612120029852536,6.999997628970447,7.735720578636554
concrete,uncertainty,1002,200,197,447080,456350,1.6563303395382762,618,456.35,0.7384304207119742,1,18,26325,0.0029705015483157448,,,,0.003468332935806691,,,,0.004920131838120793,,,,0.3,0.9,1e-06,0.1,0.05,1.05,5,5.4684493257394085,5.908941501610074,7.037812147801802
concrete,uncertainty,1002,200,196,417570,429930,1.616032550924752,618,429.93,0.6956796116504854,1,18,26325,0.0029437405639868115,,,,0.003586085200866386,,,,0.004757180572880275,,,,0.3,0.9,1e-06,0.1,0.05,1.15,5,5.443761209804247,6.008410581491958,6.920287203887995
concrete,uncertainty,1002,200,193,254820,266755,1.1710327346441847,341,266.755,0.43164239482200645,1,9,19440,0.004292416215927041,,,,0.004613849781325783,,,,0.005026559899568087,,,,0.3,0.9,1e-06,0.1,0.05,1.3,5,6.573553682330699,6.815237984248168,7.1135228615344435
concrete,uncertainty,1002,200,196,530060,542420,1.8847426489393533,618,542.42,0.8777022653721682,1,9,13860,0.0025857359209569414,,,,0.003485648422387509,,,,0.004873446769122024,,,,0.3,0.9,1e-06,0.1,0.1,1.05,5,5.102010931738296,5.923673191844148,7.004343140252158
concrete,uncertainty,1002,200,192,367720,392440,1.3324241073505774,618,392.44,0.6350161812297734,1,9,13860,0.0038387182839224702,,,,0.003953056880768304,,,,0.0051148007828257375,,,,0.3,0.9,1e-06,0.1,0.1,1.15,5,6.216449659423062,6.308350745852862,7.175689895146403
concrete,uncertainty,1002,200,189,388120,415400,1.6124949246955682,496,415.4,0.672168284789644,1,7,12950,0.002990152746407299,,,,0.003395122438370257,,,,0.004821606127646284,,,,0.3,0.9,1e-06,0.1,0.1,1.3,5,5.486507629705696,5.846245126782999,6.966989654959961
concrete,uncertainty,1002,200,186,377300,420560,1.6822259134525837,618,420.56,0.6805177993527508,1,42,52080,0.0030623570009017252,,,,0.0038727423807883494,,,,0.005151576303159819,,,,0.3,0.9,1e-06,0.2,0.02,1.05,5,5.5523547927317045,6.2439383239878605,7.201440368660863
concrete,uncertainty,1002,200,190,331500,362400,1.7705880976589758,618,362.4,0.5864077669902912,1,42,52080,0.0036269677724542274,,,,0.004784897340563016,,,,0.0064218659685001435,,,,0.3,0.9,1e-06,0.2,0.02,1.15,5,6.042562467455611,6.940417764199257,8.040441917465845
concrete,uncertainty,1002,200,191,180520,195280,1.2054832596553042,328,195.28,0.31598705501618124,1,17,33830,0.004820100918637887,,,,0.00538256294543967,,,,0.005810550967267127,,,,0.3,0.9,1e-06,0.2,0.02,1.3,5,6.965902092653896,7.361119347821286,7.648177489319198
concrete,uncertainty,1002,200,182,404060,459680,1.7069368486869305,618,459.68,0.7438187702265372,1,16,20920,0.0026961950976359885,,,,0.0032620559571572933,,,,0.004602234763403925,,,,0.3,0.9,1e-06,0.2,0.05,1.05,5,5.209846861597768,5.730532814938384,6.8066541554328595
concrete,uncertainty,1002,200,191,342665,370475,1.4809597615436207,618,370.475,0.5994741100323625,1,16,20920,0.003036550374596382,,,,0.003158147921268335,,,,0.00449700891867745,,,,0.3,0.9,1e-06,0.2,0.05,1.15,5,5.528910318979304,5.638525310825663,6.7283902824281085
concrete,uncertainty,1002,200,187,279855,320025,1.571792399019794,618,320.025,0.5178398058252427,1,16,20920,0.0030818630785044415,,,,0.0034389428150960483,,,,0.004844048961613024,,,,0.3,0.9,1e-06,0.2,0.05,1.3,5,5.570009942898282,5.88385250699999,6.983185240156532
concrete,uncertainty,1002,200,152,271860,420180,1.6099810960950727,618,420.18,0.6799029126213593,1,8,11080,0.0029731189175640164,,,,0.0035462930335868298,,,,0.004786665253720711,,,,0.3,0.9,1e-06,0.2,0.1,1.05,5,5.470857976164,5.974982118930645,6.941699810797452
concrete,uncertainty,1002,200,193,394950,416580,1.1668233384631002,618,416.58,0.6740776699029126,1,8,11080,0.005821546254434526,,,,0.005643212096161504,,,,0.00679271603561665,,,,0.3,0.9,1e-06,0.2,0.1,1.15,5,7.655410380245797,7.53724247889796,8.269343458655184
concrete,uncertainty,1002,200,186,367490,410750,1.5377770223146505,618,410.75,0.6646440129449838,1,8,11080,0.002711864386198502,,,,0.0029575508658691648,,,,0.00417024274072948,,,,0.3,0.9,1e-06,0.2,0.1,1.3,5,5.224963781326896,5.456515733376209,6.479328035846301
concrete,uncertainty,1003,200,200,528105,528105,1.351108377585241,618,528.105,0.8545388349514563,1,49,73255,0.0026066530817669335,,,,0.0043365189070828855,,,,0.0035218708162336903,,,,0.3,0.9,1e-06,0.05,0.02,1.05,5,4.9800836344779436,6.4234099617837765,5.7887091557085455
concrete,uncertainty,1003,200,184,444625,494065,1.3083749557887303,618,494.065,0.799457928802589,1,49,73255,0.0031748516484511624,,,,0.005151315528620456,,,,0.004153896385178067,,,,0.3,0.9,1e-06,0.05,0.02,1.15,5,5.496126717713074,7.000903555497047,6.286701621702207
concrete,uncertainty,1003,200,200,442530,442530,1.4823485994804266,618,442.53,0.7160679611650484,1,49,73255,0.0026240462299821576,,,,0.004832661041772166,,,,0.0038897512539859446,,,,0.3,0.9,1e-06,0.05,0.02,1.3,5,4.996671058301306,6.780913219122206,6.083533914882993
concrete,uncertainty,1003,200,165,477975,586125,1.714563055679531,618,586.125,0.9484223300970874,1,19,29260,0.003112586113721783,,,,0.005218537589099289,,,,0.005336725158208496,,,,0.3,0.9,1e-06,0.05,0.05,1.05,5,5.441964527534819,7.046434621669786,7.125780450911468
concrete,uncertainty,1003,200,200,536455,536455,1.6318239866909812,618,536.455,0.8680501618122978,1,19,29260,0.0027717189272207657,,,,0.00473078390877563,,,,0.004522957429804239,,,,0.3,0.9,1e-06,0.05,0.05,1.15,5,5.135344847309099,6.709058430647281,6.560036697592324
concrete,uncertainty,1003,200,200,301380,301380,1.337915755734444,618,301.38,0.48766990291262136,1,19,29260,0.0032237950404862934,,,,0.005072644598047176,,,,0.004313166177925172,,,,0.3,0.9,1e-06,0.05,0.05,1.3,5,5.538328733622438,6.947238949009637,6.406091157233083
concrete,uncertainty,1003,200,200,589805,589805,1.357084149294244,618,589.805,0.9543770226537216,1,10,15400,0.0026707899675778232,,,,0.004460576743709301,,,,0.003624486731093952,,,,0.3,0.9,1e-06,0.05,0.1,1.05,5,5.040978984405193,6.514641577064531,5.872435776973704
concrete,uncertainty,1003,200,189,487935,521925,1.4893714018218176,618,521.925,0.8445388349514562,1,10,15400,0.0038170915419695447,,,,0.006321056054071511,,,,0.005685066980745384,,,,0.3,0.9,1e-06,0.05,0.1,1.15,5,6.026446514271272,7.755143522195928,7.354663577848344
concrete,uncertainty,1003,200,192,396480,421200,1.2555599194801395,618,421.2,0.6815533980582524,1,10,15400,0.0034904431450614197,,,,0.005235613934205773,,,,0.004382460514163321,,,,0.3,0.9,1e-06,0.05,0.1,1.3,5,5.762823293466828,7.0579540438098185,6.45734551121688
concrete,uncertainty,1003,200,191,479470,507280,1.3706596022891178,618,507.28,0.82084142394822,1,47,65800,0.0032344603237119194,,,,0.005123760419591748,,,,0.004433344100918911,,,,0.3,0.9,1e-06,0.1,0.02,1.05,5,5.547482397378478,6.982154041073709,6.49472458779321
concrete,uncertainty,1003,200,184,452580,502020,1.5516131188999616,618,502.02,0.8123300970873786,1,47,65800,0.002828746638835225,,,,0.004963096067535792,,,,0.004389120394860907,,,,0.3,0.9,1e-06,0.1,0.02,1.15,5,5.18790535228478,6.871813425873266,6.462250156063565
concrete,uncertainty,1003,200,198,426740,432920,1.358534747132483,618,432.92,0.7005177993527508,1,47,65800,0.004066028420374719,,,,0.0060801195748459635,,,,0.005523840891907258,,,,0.3,0.9,1e-06,0.1,0.02,1.3,5,6.219854475782817,7.605908193645668,7.249625945894925
concrete,uncertainty,1003,200,194,547690,566230,1.239165360008521,618,566.23,0.9162297734627832,1,18,26325,0.003525772440719873,,,,0.005607845958610746,,,,0.004369015075812764,,,,0.3,0.9,1e-06,0.1,0.05,1.05,5,5.791914713046381,7.3045431101215765,6.447432297436015
concrete,uncertainty,1003,200,179,507335,572225,1.339216130457469,618,572.225,0.9259304207119742,1,18,26325,0.0028897318184924743,,,,0.005253731547773261,,,,0.0038699754640213165,,,,0.3,0.9,1e-06,0.1,0.05,1.15,5,5.243530382295918,7.070155368388178,6.068049635413024
concrete,uncertainty,1003,200,179,447845,512735,1.3533084840370535,618,512.735,0.829668284789644,1,18,26325,0.0029074311227759494,,,,0.004656489780250071,,,,0.003934651205206068,,,,0.3,0.9,1e-06,0.1,0.05,1.3,5,5.2595639056600465,6.656169087408518,6.118544719140655
concrete,uncertainty,1003,200,197,571130,580400,1.3599603216292144,618,580.4,0.9391585760517799,1,9,13860,0.002639711089561609,,,,0.004756978041164576,,,,0.00358990234236841,,,,0.3,0.9,1e-06,0.1,0.1,1.05,5,5.011563265800048,6.7276066645147194,5.8443516070294645
concrete,uncertainty,1003,200,174,507130,587470,1.4487846543498129,618,587.47,0.9505987055016182,1,9,13860,0.0028464954977838143,,,,0.004881929801861273,,,,0.004123958995865022,,,,0.3,0.9,1e-06,0.1,0.1,1.15,5,5.204155555342608,6.815391118132213,6.264006331589302
concrete,uncertainty,1003,200,199,583760,586850,1.1867137151068312,618,586.85,0.9495954692556635,1,9,13860,0.004624718744207959,,,,0.006712495895715964,,,,0.005488217162263226,,,,0.3,0.9,1e-06,0.1,0.1,1.3,5,6.63342283944449,7.9916606723224195,7.226211400555823
concrete,uncertainty,1003,200,187,509100,549270,1.1884303324020216,618,549.27,0.8887864077669902,1,42,52080,0.0034012273783700837,,,,0.004861501906279685,,,,0.004042121783851215,,,,0.3,0.9,1e-06,0.2,0.02,1.05,5,5.688697649741122,6.801117045046571,6.201542378841406
concrete,uncertainty,1003,200,191,508560,536370,1.5008492900648165,618,536.37,0.8679126213592233,1,42,52080,0.002716588539285602,,,,0.004767684143769214,,,,0.004077189980585013,,,,0.3,0.9,1e-06,0.2,0.02,1.15,5,5.084016494122197,6.735173019277064,6.228385614191044
concrete,uncertainty,1003,200,180,448220,510020,1.3107264997369112,618,510.02,0.8252750809061489,1,42,52080,0.002958666313096509,,,,0.00503014827060056,,,,0.0038780023404545,,,,0.3,0.9,1e-06,0.2,0.02,1.3,5,5.3057039364463785,6.91807732831938,6.07433937221788
concrete,uncertainty,1003,200,196,576400,588760,1.565571340948854,618,588.76,0.9526860841423949,1,16,20920,0.0027566321897652154,,,,0.004561911325510825,,,,0.004315704353833504,,,,0.3,0.9,1e-06,0.2,0.05,1.05,5,5.1213496847016495,6.588225237904138,6.407975781447535
concrete,uncertainty,1003,200,186,547825,591085,1.5179621264183785,618,591.085,0.956448220064725,1,16,20920,0.003301056270075063,,,,0.0054423262494136945,,,,0.005010878395149864,,,,0.3,0.9,1e-06,0.2,0.05,1.15,5,5.6043013850771155,7.1959362161021225,6.904813464072169
concrete,uncertainty,1003,200,189,489680,523670,1.5802474951649264,618,523.67,0.8473624595469255,1,16,20920,0.0034059938023414797,,,,0.0056444542039841665,,,,0.0053823131746973864,,,,0.3,0.9,1e-06,0.2,0.05,1.3,5,5.69268227777973,7.328346502460487,7.15615107997956
concrete,uncertainty,1003,200,200,584110,584110,1.629245135396232,618,584.11,0.9451618122977347,1,8,11080,0.0027794941451403034,,,,0.0047511053836628465,,,,0.004528477314832148,,,,0.3,0.9,1e-06,0.2,0.1,1.05,5,5.142542630301936,6.72345264795944,6.5640384605586295
concrete,uncertainty,1003,200,199,571460,574550,1.5813344770618538,618,574.55,0.9296925566343042,1,8,11080,0.0028286299591965625,,,,0.005106619645599887,,,,0.004473010077327589,,,,0.3,0.9,1e-06,0.2,0.1,1.15,5,5.187798356282416,6.970465381296036,6.523714657936313
concrete,uncertainty,1003,200,198,571150,577330,1.4641681839704253,618,577.33,0.934190938511327,1,8,11080,0.0026869053339984,,,,0.004881328565038035,,,,0.003934081303380886,,,,0.3,0.9,1e-06,0.2,0.1,1.3,5,5.056164575144547,6.814971428537973,6.1181015926861235
concrete,uncertainty,1004,200,179,251065,293380,1.1264902606834228,403,293.38,0.4747249190938511,1,31,63085,0.0036427234847605885,,,,0.00339659465213053,,,,0.004103492527945582,,,,0.3,0.9,1e-06,0.05,0.02,1.05,5,5.991692364118688,5.785731360273495,6.359357316620659
concrete,uncertainty,1004,200,200,195640,195640,1.0438400007715172,259,195.64,0.31656957928802587,1,19,45505,0.004871466577179497,,,,0.004408947660438399,,,,0.005085031675681467,,,,0.3,0.9,1e-06,0.05,0.02,1.15,5,6.928931497794083,6.591797779098983,7.079184568743831
concrete,uncertainty,1004,200,198,89670,91300,1.094775617964186,163,91.3,0.1477346278317152,1,11,28985,0.005654151511247313,,,,0.005996884095750353,,,,0.006190027214788914,,,,0.3,0.9,1e-06,0.05,0.02,1.3,5,7.464833493990426,7.687749641425654,7.810569179055748
concrete,uncertainty,1004,200,194,497740,516280,1.1993772915422474,618,516.28,0.8354045307443365,1,19,29260,0.004580249835886205,,,,0.004236237478203969,,,,0.005493447642752019,,,,0.3,0.9,1e-06,0.05,0.05,1.05,5,6.718634072042646,6.461398896772847,7.357985013966866
concrete,uncertainty,1004,200,182,362855,404705,1.17820734276177,465,404.705,0.6548624595469256,1,14,26985,0.003381316987190614,,,,0.003407876704565286,,,,0.003983892502513088,,,,0.3,0.9,1e-06,0.05,0.05,1.15,5,5.7727047712488435,5.795332271945931,6.265997392121968
concrete,uncertainty,1004,200,198,175770,178560,1.0591210409116831,279,178.56,0.28893203883495144,1,8,19140,0.004568325611749383,,,,0.0041956072230616955,,,,0.004838409777139508,,,,0.3,0.9,1e-06,0.05,0.05,1.3,5,6.709882725287095,6.430338219813276,6.905382306560687
concrete,uncertainty,1004,200,193,354695,376325,1.1564337943145213,618,376.325,0.6089401294498382,1,10,15400,0.0038727289218717198,,,,0.003878396456198634,,,,0.004478554601471698,,,,0.3,0.9,1e-06,0.05,0.1,1.05,5,6.177958029689167,6.182476934712803,6.643628520691813
concrete,uncertainty,1004,200,159,468345,595035,1.1435072671940176,618,595.035,0.9628398058252426,1,10,15400,0.00292538264729419,,,,0.0029250182742758123,,,,0.0033451963165041796,,,,0.3,0.9,1e-06,0.05,0.1,1.15,5,5.369424555552919,5.369090148982154,5.741788737362397
concrete,uncertainty,1004,200,174,311860,372310,1.18368976407443,465,372.31,0.6024433656957929,1,7,14035,0.0035307217957774957,,,,0.003274883958548384,,,,0.004179279249456312,,,,0.3,0.9,1e-06,0.05,0.1,1.3,5,5.898860874722883,5.6811252231681815,6.4178136032775335
concrete,uncertainty,1004,200,200,372680,372680,1.250251009722531,578,372.68,0.603042071197411,1,43,65360,0.003162262272581255,,,,0.002990215303297276,,,,0.00395362159930218,,,,0.3,0.9,1e-06,0.1,0.02,1.05,5,5.582585040687093,5.428597395857884,6.24214646198118
concrete,uncertainty,1004,200,185,249230,282200,1.1145108822026764,446,282.2,0.4566343042071197,1,32,59200,0.003909003373341376,,,,0.0037876809134421404,,,,0.004356626798155935,,,,0.3,0.9,1e-06,0.1,0.02,1.15,5,6.206823942579519,6.10974517207804,6.5525687064598985
concrete,uncertainty,1004,200,193,221830,231980,1.2154951215204037,290,231.98,0.37537216828478964,1,19,42560,0.005188007202013249,,,,0.005667755984558131,,,,0.006305997444459824,,,,0.3,0.9,1e-06,0.1,0.02,1.3,5,7.150504582077666,7.473808679142717,7.883395213565352
concrete,uncertainty,1004,200,192,320695,336815,1.113852119828291,403,336.815,0.5450080906148868,1,11,22055,0.004144667842267546,,,,0.004096350863211666,,,,0.004616547062093855,,,,0.3,0.9,1e-06,0.1,0.05,1.05,5,6.391183248884335,6.3538210355979095,6.745203205611722
concrete,uncertainty,1004,200,177,305815,352160,1.1186155178954005,403,352.16,0.5698381877022655,1,11,22055,0.004910688954381516,,,,0.004644479198063457,,,,0.005493172867928703,,,,0.3,0.9,1e-06,0.1,0.05,1.15,5,6.956769554120532,6.765578152707779,7.357800993434944
concrete,uncertainty,1004,200,190,519715,550615,1.1498950318739796,618,550.615,0.890962783171521,1,18,26325,0.003320792929473159,,,,0.0033955990524453367,,,,0.003818563291483424,,,,0.3,0.9,1e-06,0.1,0.05,1.3,5,5.720807072912602,5.7848833499747645,6.134602125806157
concrete,uncertainty,1004,200,199,559020,562110,1.223608598472091,618,562.11,0.9095631067961165,1,9,13860,0.0034756758519570254,,,,0.003807535731564084,,,,0.0042528668579564265,,,,0.3,0.9,1e-06,0.1,0.1,1.05,5,5.852696953763749,6.125737718031782,6.47406860839741
concrete,uncertainty,1004,200,189,192510,208320,1.056021903968098,372,208.32,0.3370873786407767,1,5,10800,0.005302056710407664,,,,0.005060669316601333,,,,0.005599088022271532,,,,0.3,0.9,1e-06,0.1,0.1,1.15,5,7.228673153309746,7.062206040951056,7.42839607131398
concrete,uncertainty,1004,200,192,542060,566780,1.1751685565409384,618,566.78,0.9171197411003236,1,9,13860,0.003210651190130536,,,,0.0031101743222953456,,,,0.0037730563246621478,,,,0.3,0.9,1e-06,0.1,0.1,1.3,5,5.625135223724101,5.536416698740027,6.097938616927369
concrete,uncertainty,1004,200,182,263800,294400,1.2765851749178896,340,294.4,0.4763754045307443,1,18,35280,0.0035339846094413242,,,,0.003560813410358746,,,,0.004511432360800783,,,,0.3,0.9,1e-06,0.2,0.02,1.05,5,5.901585875504279,5.923944929632582,6.667969879233827
concrete,uncertainty,1004,200,197,193480,197680,1.1456399819778107,280,197.68,0.3198705501618123,1,13,27430,0.004972306763046809,,,,0.005021336981380041,,,,0.005696473430405092,,,,0.3,0.9,1e-06,0.2,0.02,1.15,5,7.000279191347849,7.034708207180919,7.492718942079897
concrete,uncertainty,1004,200,175,226400,262900,1.010522239276792,292,262.9,0.42540453074433654,1,14,29120,0.005071539744065614,,,,0.004586546752174338,,,,0.005124903698754433,,,,0.3,0.9,1e-06,0.2,0.02,1.3,5,7.0697868580769265,6.723250866654897,7.106884520303894
concrete,uncertainty,1004,200,187,426095,458335,1.2276646634691941,496,458.335,0.7416423948220064,1,12,19410,0.0036594663049503585,,,,0.003838470871464374,,,,0.004492597469743737,,,,0.3,0.9,1e-06,0.2,0.05,1.05,5,6.005446197112876,6.150572310917417,6.654036184428148
concrete,uncertainty,1004,200,180,199950,225680,1.0193866405286571,279,225.68,0.3651779935275081,1,5,10800,0.005976384002535447,,,,0.005329223650933442,,,,0.0060922460108538195,,,,0.3,0.9,1e-06,0.2,0.05,1.15,5,7.674598269870343,7.247168807937278,7.748633507605269
concrete,uncertainty,1004,200,187,214830,232965,1.0866861511949157,279,232.965,0.3769660194174757,1,5,10800,0.005311631305463562,,,,0.005736344994203669,,,,0.005772076179900624,,,,0.3,0.9,1e-06,0.2,0.05,1.3,5,7.235197074511295,7.51889526760943,7.542276181578365
concrete,uncertainty,1004,200,168,493550,592430,1.2555726073944806,618,592.43,0.9586245954692556,1,8,11080,0.004264487939633956,,,,0.004012138113571647,,,,0.005354374241568522,,,,0.3,0.9,1e-06,0.2,0.1,1.05,5,6.482907863984059,6.288170972991832,7.264249722828322
concrete,uncertainty,1004,200,182,257300,290780,1.1488915208180075,372,290.78,0.4705177993527508,1,4,8020,0.004006385011475029,,,,0.0039112400745496545,,,,0.0046029017688160164,,,,0.3,0.9,1e-06,0.2,0.1,1.15,5,6.28366097527031,6.208599436733043,6.735227309438392
concrete,uncertainty,1004,200,199,263810,265360,1.1305431723203605,310,265.36,0.42938511326860845,1,3,6480,0.00451803373416865,,,,0.0044018783691167325,,,,0.0051078321904774295,,,,0.3,0.9,1e-06,0.2,0.1,1.3,5,6.672846564146126,6.586511026259202,7.095037815471925
