problem,strategy,seed,epochs_run,best_epoch,presentations,presentations_total,rho,subset_final,subset_mean,subset_frac_mean,converged,operator_calls,operator_evals,train_mse,train_accuracy,train_macro_f1,train_error_rate,val_mse,val_accuracy,val_macro_f1,val_error_rate,gen_mse,gen_accuracy,gen_macro_f1,gen_error_rate,eta,alpha,lam,p_beta,p_seed_frac,p_growth,p_rho_max,train_rmse,val_rmse,gen_rmse,p_committee
iris,sasla,1000,200,200,18000,18000,1.036841876936645,90,90.0,1.0,1,200,18000,0.06542701201497468,0.8222222222222222,0.8035541323212557,0.1777777777777778,0.06545436723255366,0.9333333333333333,0.9326599326599326,0.06666666666666665,0.06783746593996277,0.8333333333333334,0.825481707834649,0.16666666666666663,0.01,0.0,0.0001,0.7,,,,,,,
iris,sasla,1001,200,200,18000,18000,0.9609945356399874,90,90.0,1.0,1,200,18000,0.06191794755806273,0.8666666666666667,0.8628571428571427,0.1333333333333333,0.06193212716362375,0.9,0.899749373433584,0.09999999999999998,0.059502809261341584,0.9333333333333333,0.9326599326599326,0.06666666666666665,0.01,0.0,0.0001,0.7,,,,,,,
iris,sasla,1002,200,200,18000,18000,0.9972131110202171,90,90.0,1.0,1,200,18000,0.06378008288486531,0.8777777777777778,0.8736204864459446,0.12222222222222223,0.06271768751395408,0.7333333333333333,0.6754850088183421,0.2666666666666667,0.06360233487474384,0.9,0.8976982097186701,0.09999999999999998,0.01,0.0,0.0001,0.7,,,,,,,
iris,sasla,1003,200,200,18000,18000,0.9677091915030999,90,90.0,1.0,1,200,18000,0.06399286309145272,0.8333333333333334,0.823337725587464,0.16666666666666663,0.06859061701636139,0.7666666666666667,0.7277167277167277,0.23333333333333328,0.06192648180419827,0.9,0.8976982097186701,0.09999999999999998,0.01,0.0,0.0001,0.7,,,,,,,
iris,sasla,1004,200,200,18000,18000,1.031660413565715,90,90.0,1.0,1,200,18000,0.062267206948630915,0.8777777777777778,0.873526875538948,0.12222222222222223,0.06441809458743752,0.9333333333333333,0.9326599326599326,0.06666666666666665,0.06423861247220654,0.7333333333333333,0.6958874458874459,0.2666666666666667,0.01,0.0,0.0001,0.7,,,,,,,
iris,sasla,1000,200,200,18000,18000,1.0336983974831935,90,90.0,1.0,1,200,18000,0.05515360107811261,0.9333333333333333,0.9326599326599326,0.06666666666666665,0.054551625716740396,0.9333333333333333,0.9326599326599326,0.06666666666666665,0.05701218904987234,0.9333333333333333,0.9333333333333332,0.06666666666666665,0.01,0.5,0.0001,0.7,,,,,,,
iris,sasla,1001,200,200,17970,17970,0.8922488056893972,88,89.85,0.9983333333333333,1,200,18000,0.05149025424247915,0.9,0.8993006993006993,0.09999999999999998,0.050575587699410285,0.9333333333333333,0.9333333333333332,0.06666666666666665,0.04594211785249544,0.9666666666666667,0.9665831244778613,0.033333333333333326,0.01,0.5,0.0001,0.7,,,,,,,
iris,sasla,1002,200,200,18000,18000,1.0081574343167459,90,90.0,1.0,1,200,18000,0.052382273354987595,0.9111111111111111,0.910213243546577,0.0888888888888889,0.05200141081365451,0.8666666666666667,0.861111111111111,0.1333333333333333,0.05280957830924274,0.9333333333333333,0.9333333333333332,0.06666666666666665,0.01,0.5,0.0001,0.7,,,,,,,
iris,sasla,1003,200,200,17998,17998,0.9665656592735808,90,89.99,0.9998888888888888,1,200,18000,0.05198309264809578,0.9222222222222223,0.9216783216783216,0.07777777777777772,0.06070900775494776,0.8,0.7802197802197802,0.19999999999999996,0.05024507221648633,0.9,0.8976982097186701,0.09999999999999998,0.01,0.5,0.0001,0.7,,,,,,,
iris,sasla,1004,200,200,18000,18000,1.0378601984093028,90,90.0,1.0,1,200,18000,0.050787551131330815,0.9222222222222223,0.9216783216783216,0.07777777777777772,0.054290503133307744,0.9333333333333333,0.9326599326599326,0.06666666666666665,0.05271037789388561,0.9333333333333333,0.9333333333333332,0.06666666666666665,0.01,0.5,0.0001,0.7,,,,,,,
iris,sasla,1000,200,190,16256,17027,0.8911051953802979,77,85.135,0.9459444444444445,1,200,18000,0.012006322449740038,0.9888888888888889,0.9888858016115588,0.011111111111111072,0.02946174818248658,0.9,0.8976982097186701,0.09999999999999998,0.010698896312374454,0.9666666666666667,0.9665831244778613,0.033333333333333326,0.01,0.9,0.0001,0.7,,,,,,,
iris,sasla,1001,200,200,16627,16627,0.4938077691553369,78,83.135,0.9237222222222223,1,200,18000,0.013382360748972782,0.9666666666666667,0.9666574048346764,0.033333333333333326,0.014379596123124198,0.9666666666666667,0.9665831244778613,0.033333333333333326,0.006608313707482194,1.0,1.0,0.0,0.01,0.9,0.0001,0.7,,,,,,,
iris,sasla,1002,200,195,16621,17011,1.290106711255141,77,85.055,0.9450555555555556,1,200,18000,0.011515509363363359,0.9666666666666667,0.9666574048346764,0.033333333333333326,0.014722863278950659,0.9666666666666667,0.9665831244778613,0.033333333333333326,0.014856235913196484,1.0,1.0,0.0,0.01,0.9,0.0001,0.7,,,,,,,
iris,sasla,1003,200,200,16898,16898,1.683280029277496,77,84.49,0.9387777777777777,1,200,18000,0.010325875489578536,0.9888888888888889,0.9888858016115588,0.011111111111111072,0.020218160402610586,0.9333333333333333,0.9333333333333332,0.06666666666666665,0.017381339996413538,0.9666666666666667,0.9665831244778613,0.033333333333333326,0.01,0.9,0.0001,0.7,,,,,,,
iris,sasla,1004,200,192,16045,16650,1.2998200240018887,76,83.25,0.925,1,200,18000,0.013199822437905075,0.9666666666666667,0.9666574048346764,0.033333333333333326,0.013418152130372962,0.9666666666666667,0.9665831244778613,0.033333333333333326,0.017157393518058443,0.9333333333333333,0.9333333333333332,0.06666666666666665,0.01,0.9,0.0001,0.7,,,,,,,
iris,sasla,1000,200,200,17700,17700,0.9807075090482638,85,88.5,0.9833333333333333,1,200,18000,0.030944463516047266,0.9777777777777777,0.9777530589543938,0.022222222222222254,0.03832725383176119,0.9,0.8976982097186701,0.09999999999999998,0.030347467733657593,0.9666666666666667,0.9665831244778613,0.033333333333333326,0.05,0.0,0.0001,0.7,,,,,,,
iris,sasla,1001,200,200,17446,17446,0.6380024976050285,84,87.23,0.9692222222222223,1,200,18000,0.027904110077227942,0.9444444444444444,0.944429008057794,0.05555555555555558,0.027106135774251777,0.9666666666666667,0.9665831244778613,0.033333333333333326,0.01780289192271707,1.0,1.0,0.0,0.05,0.0,0.0001,0.7,,,,,,,
iris,sasla,1002,200,194,17233,17748,1.1484085052201072,85,88.74,0.986,1,200,18000,0.02358019879234436,0.9444444444444444,0.944429008057794,0.05555555555555558,0.02603476930200537,0.9666666666666667,0.9665831244778613,0.033333333333333326,0.02707970084790916,0.9666666666666667,0.9665831244778613,0.033333333333333326,0.05,0.0,0.0001,0.7,,,,,,,
iris,sasla,1003,200,200,17671,17671,1.053390218727575,85,88.355,0.9817222222222223,1,200,18000,0.026603586301722208,0.9555555555555556,0.9555061179087875,0.0444444444444444,0.037064133465017815,0.9333333333333333,0.9333333333333332,0.06666666666666665,0.028023957593309074,0.9666666666666667,0.9665831244778613,0.033333333333333326,0.05,0.0,0.0001,0.7,,,,,,,
iris,sasla,1004,200,200,17621,17621,1.0515029651299768,84,88.105,0.9789444444444445,1,200,18000,0.027581638570391004,0.9666666666666667,0.9666574048346764,0.033333333333333326,0.030933797931708862,0.9666666666666667,0.9665831244778613,0.033333333333333326,0.029002174739909473,0.9333333333333333,0.9333333333333332,0.06666666666666665,0.05,0.0,0.0001,0.7,,,,,,,
iris,sasla,1000,200,182,15613,17004,0.8494658241462254,75,85.02,0.9446666666666667,1,200,18000,0.012086725480494886,0.9888888888888889,0.9888858016115588,0.011111111111111072,0.0277294050619008,0.9,0.8976982097186701,0.09999999999999998,0.010267260221517771,1.0,1.0,0.0,0.05,0.5,0.0001,0.7,,,,,,,
iris,sasla,1001,200,200,16615,16615,0.5053775509268555,76,83.075,0.9230555555555556,1,200,18000,0.013365194509969511,0.9666666666666667,0.9666574048346764,0.033333333333333326,0.014396690787347143,0.9666666666666667,0.9665831244778613,0.033333333333333326,0.006754469269109447,1.0,1.0,0.0,0.05,0.5,0.0001,0.7,,,,,,,
iris,sasla,1002,200,196,16719,17029,1.2823568813523423,78,85.145,0.9460555555555555,1,200,18000,0.011461250901043347,0.9666666666666667,0.9666574048346764,0.033333333333333326,0.013706707664386432,0.9666666666666667,0.9665831244778613,0.033333333333333326,0.014697413961858669,1.0,1.0,0.0,0.05,0.5,0.0001,0.7,,,,,,,
iris,sasla,1003,200,200,16890,16890,1.7177491385469759,77,84.45,0.9383333333333334,1,200,18000,0.010315799179612617,0.9888888888888889,0.9888858016115588,0.011111111111111072,0.020199720393890546,0.9333333333333333,0.9333333333333332,0.06666666666666665,0.017719955154203174,0.9666666666666667,0.9665831244778613,0.033333333333333326,0.05,0.5,0.0001,0.7,,,,,,,
iris,sasla,1004,200,192,16050,16658,1.304237545227632,76,83.29,0.9254444444444445,1,200,18000,0.013260745451968065,0.9777777777777777,0.9777530589543938,0.022222222222222254,0.014330108476102213,0.9666666666666667,0.9665831244778613,0.033333333333333326,0.017295162096163313,0.9333333333333333,0.9333333333333332,0.06666666666666665,0.05,0.5,0.0001,0.7,,,,,,,
iris,sasla,1000,200,123,9362,14769,0.6222914204543434,69,73.845,0.8205,1,200,18000,0.008377723233856557,0.9888888888888889,0.9888858016115588,0.011111111111111072,0.028138414818060002,0.8666666666666667,0.861111111111111,0.1333333333333333,0.0052133852913699525,1.0,1.0,0.0,0.05,0.9,0.0001,0.7,,,,,,,
iris,sasla,1001,200,64,4936,13789,0.5295061683857621,65,68.945,0.7660555555555555,1,200,18000,0.009139770575208114,0.9888888888888889,0.9888858016115587,0.011111111111111072,0.012727466682930346,0.9666666666666667,0.9665831244778613,0.033333333333333326,0.004839564897203382,1.0,1.0,0.0,0.05,0.9,0.0001,0.7,,,,,,,
iris,sasla,1002,200,58,4738,14640,2.715466660592437,63,73.2,0.8133333333333334,1,200,18000,0.006373370432107779,1.0,1.0,0.0,0.014842969595691166,0.9666666666666667,0.9665831244778613,0.033333333333333326,0.01730667492399429,0.9333333333333333,0.9326599326599326,0.06666666666666665,0.05,0.9,0.0001,0.7,,,,,,,
iris,sasla,1003,200,186,14021,15060,2.447479926291468,72,75.3,0.8366666666666667,1,200,18000,0.006682492972669995,0.9888888888888889,0.9888858016115588,0.011111111111111072,0.016962067786560987,0.9,0.899749373433584,0.09999999999999998,0.01635526740819361,0.9333333333333333,0.9326599326599326,0.06666666666666665,0.05,0.9,0.0001,0.7,,,,,,,
iris,sasla,1004,200,177,13092,14786,1.5917164566237503,77,73.93,0.8214444444444445,1,200,18000,0.010023963259275851,0.9777777777777777,0.9777777777777779,0.022222222222222254,0.010543939428848476,0.9666666666666667,0.9665831244778613,0.033333333333333326,0.015955307280381217,0.9333333333333333,0.9333333333333332,0.06666666666666665,0.05,0.9,0.0001,0.7,,,,,,,
iris,sasla,1000,200,188,16111,17042,0.8453858316812254,75,85.21,0.9467777777777777,1,200,18000,0.012093197938867584,0.9888888888888889,0.9888858016115588,0.011111111111111072,0.02764579369784286,0.9,0.8976982097186701,0.09999999999999998,0.010223418197235254,1.0,1.0,0.0,0.1,0.0,0.0001,0.7,,,,,,,
iris,sasla,1001,200,200,16628,16628,0.4806530752122699,79,83.14,0.9237777777777778,1,200,18000,0.013420647538330862,0.9777777777777777,0.9777777777777779,0.022222222222222254,0.01438850780282352,0.9666666666666667,0.9665831244778613,0.033333333333333326,0.006450675510638709,1.0,1.0,0.0,0.1,0.0,0.0001,0.7,,,,,,,
iris,sasla,1002,200,199,16931,17009,1.2812253918443643,78,85.045,0.9449444444444445,1,200,18000,0.01145282850398145,0.9666666666666667,0.9666574048346764,0.033333333333333326,0.013652289370885673,0.9666666666666667,0.9665831244778613,0.033333333333333326,0.01467365468773994,1.0,1.0,0.0,0.1,0.0,0.0001,0.7,,,,,,,
iris,sasla,1003,200,200,16885,16885,1.71947066741804,77,84.425,0.9380555555555555,1,200,18000,0.01031725941825217,0.9888888888888889,0.9888858016115588,0.011111111111111072,0.020193453159743767,0.9333333333333333,0.9333333333333332,0.06666666666666665,0.017740224937827117,0.9666666666666667,0.9665831244778613,0.033333333333333326,0.1,0.0,0.0001,0.7,,,,,,,
iris,sasla,1004,200,192,16041,16648,1.3042233988169725,76,83.24,0.9248888888888889,1,200,18000,0.01326046054379149,0.9777777777777777,0.9777530589543938,0.022222222222222254,0.014269613520832145,0.9666666666666667,0.9665831244778613,0.033333333333333326,0.017294602920302094,0.9333333333333333,0.9333333333333332,0.06666666666666665,0.1,0.0,0.0001,0.7,,,,,,,
iris,sasla,1000,200,148,12060,15868,0.7692800009962468,74,79.34,0.8815555555555556,1,200,18000,0.009262875937765168,0.9888888888888889,0.9888858016115588,0.011111111111111072,0.03064461832123073,0.8666666666666667,0.861111111111111,0.1333333333333333,0.007125745210632099,1.0,1.0,0.0,0.1,0.5,0.0001,0.7,,,,,,,
iris,sasla,1001,200,192,14734,15271,0.6600259231896075,64,76.355,0.848388888888889,1,200,18000,0.010104870039975664,0.9555555555555556,0.9555061179087875,0.0444444444444444,0.012855989217018091,0.9666666666666667,0.9665831244778613,0.033333333333333326,0.006669476176845944,0.9666666666666667,0.9665831244778613,0.033333333333333326,0.1,0.5,0.0001,0.7,,,,,,,
iris,sasla,1002,200,140,11508,15836,1.944215941357199,69,79.18,0.8797777777777779,1,200,18000,0.007458306772642075,0.9888888888888889,0.9888858016115588,0.011111111111111072,0.012778916452795136,0.9666666666666667,0.9665831244778613,0.033333333333333326,0.014500558922903086,0.9333333333333333,0.9326599326599326,0.06666666666666665,0.1,0.5,0.0001,0.7,,,,,,,
iris,sasla,1003,200,200,15948,15948,1.988627003869198,75,79.74,0.8859999999999999,1,200,18000,0.007259090751321433,0.9888888888888889,0.9888858016115588,0.011111111111111072,0.017757248619377906,0.9,0.899749373433584,0.09999999999999998,0.014435623891614947,0.9333333333333333,0.9326599326599326,0.06666666666666665,0.1,0.5,0.0001,0.7,,,,,,,
iris,sasla,1004,200,179,14058,15559,1.4719741300399165,70,77.795,0.8643888888888889,1,200,18000,0.010443391742857371,0.9777777777777777,0.9777777777777779,0.022222222222222254,0.009474576316882158,1.0,1.0,0.0,0.015372402475358525,0.9333333333333333,0.9333333333333332,0.06666666666666665,0.1,0.5,0.0001,0.7,,,,,,,
iris,sasla,1000,200,146,10234,13873,0.4903225470897353,60,69.365,0.7707222222222222,1,200,18000,0.00866908189216872,0.9666666666666667,0.9665831244778613,0.033333333333333326,0.02568558263196737,0.9,0.8976982097186701,0.09999999999999998,0.004250646314297669,1.0,1.0,0.0,0.1,0.9,0.0001,0.7,,,,,,,
iris,sasla,1001,200,55,3964,13080,0.45017256482343715,67,65.4,0.7266666666666667,1,200,18000,0.009146218021014913,0.9888888888888889,0.9888858016115587,0.011111111111111072,0.012645139140798345,0.9666666666666667,0.9665831244778613,0.033333333333333326,0.004117376424954625,1.0,1.0,0.0,0.1,0.9,0.0001,0.7,,,,,,,
iris,sasla,1002,200,35,2659,14180,2.3100060201973713,77,70.9,0.7877777777777778,1,200,18000,0.006010571557576156,1.0,1.0,0.0,0.013539210799915087,0.9666666666666667,0.9665831244778613,0.033333333333333326,0.013884456482828012,0.9666666666666667,0.9665831244778613,0.033333333333333326,0.1,0.9,0.0001,0.7,,,,,,,
iris,sasla,1003,200,188,13772,14668,2.604140688432838,71,73.34,0.8148888888888889,1,200,18000,0.006592529627338082,0.9888888888888889,0.9888858016115588,0.011111111111111072,0.01706899408920096,0.9333333333333333,0.9326599326599326,0.06666666666666665,0.017167874642250076,0.9333333333333333,0.9326599326599326,0.06666666666666665,0.1,0.9,0.0001,0.7,,,,,,,
iris,sasla,1004,200,184,12946,14093,1.71883092352383,72,70.465,0.7829444444444444,1,200,18000,0.00948006760871957,0.9777777777777777,0.9777777777777779,0.022222222222222254,0.00829058061703964,1.0,1.0,0.0,0.016294633362963804,0.9333333333333333,0.9333333333333332,0.06666666666666665,0.1,0.9,0.0001,0.7,,,,,,,
iris,sasla,1000,200,88,7213,15359,0.6168886328271219,68,76.795,0.8532777777777778,1,200,18000,0.00886834859215261,0.9777777777777777,0.9777530589543938,0.022222222222222254,0.02598308028957262,0.9,0.8976982097186701,0.09999999999999998,0.005470783438447355,1.0,1.0,0.0,0.3,0.0,0.0001,0.7,,,,,,,
iris,sasla,1001,200,151,11417,14625,0.5856382822879193,64,73.125,0.8125,1,200,18000,0.009352234378153116,0.9666666666666667,0.9666574048346764,0.033333333333333326,0.012533942241707896,0.9666666666666667,0.9665831244778613,0.033333333333333326,0.0054770264767756175,1.0,1.0,0.0,0.3,0.0,0.0001,0.7,,,,,,,
iris,sasla,1002,200,96,7861,15153,2.2257849601906243,71,75.765,0.8418333333333333,1,200,18000,0.0066486891945723966,1.0,1.0,0.0,0.012845806933031396,0.9666666666666667,0.9665831244778613,0.033333333333333326,0.014798552414261156,0.9333333333333333,0.9326599326599326,0.06666666666666665,0.3,0.0,0.0001,0.7,,,,,,,
iris,sasla,1003,200,200,15474,15474,2.148833437398985,74,77.37,0.8596666666666667,1,200,18000,0.006755052646432692,0.9888888888888889,0.9888858016115588,0.011111111111111072,0.016964401482843235,0.9,0.899749373433584,0.09999999999999998,0.01451548299804507,0.9333333333333333,0.9326599326599326,0.06666666666666665,0.3,0.0,0.0001,0.7,,,,,,,
iris,sasla,1004,200,190,14330,15034,1.6014877254828865,74,75.17,0.8352222222222222,1,200,18000,0.010036773913362655,0.9777777777777777,0.9777777777777779,0.022222222222222254,0.010365155444522994,0.9666666666666667,0.9665831244778613,0.033333333333333326,0.01607377022569713,0.9333333333333333,0.9333333333333332,0.06666666666666665,0.3,0.0,0.0001,0.7,,,,,,,
iris,sasla,1000,200,45,3638,14403,0.9153026548104514,76,72.015,0.8001666666666667,1,200,18000,0.008701672294310124,0.9888888888888889,0.9888858016115588,0.011111111111111072,0.04003123264570129,0.8666666666666667,0.861111111111111,0.1333333333333333,0.007964663752272607,1.0,1.0,0.0,0.3,0.5,0.0001,0.7,,,,,,,
iris,sasla,1001,200,79,5797,13491,0.7173665424857109,55,67.455,0.7494999999999999,1,200,18000,0.010472124571784215,0.9666666666666667,0.9665831244778613,0.033333333333333326,0.016033890255889166,0.9666666666666667,0.9665831244778613,0.033333333333333326,0.007512351796540497,0.9666666666666667,0.9665831244778613,0.033333333333333326,0.3,0.5,0.0001,0.7,,,,,,,
iris,sasla,1002,200,37,3111,14458,2.52786159117623,70,72.29,0.8032222222222223,1,200,18000,0.006052446836802773,1.0,1.0,0.0,0.013899506078790676,0.9666666666666667,0.9665831244778613,0.033333333333333326,0.015299747891389798,0.9333333333333333,0.9326599326599326,0.06666666666666665,0.3,0.5,0.0001,0.7,,,,,,,
iris,sasla,1003,200,196,14684,14984,2.063187618072275,76,74.92,0.8324444444444444,1,200,18000,0.006413515314653651,0.9888888888888889,0.9888858016115588,0.011111111111111072,0.016217791124382788,0.9333333333333333,0.9333333333333332,0.06666666666666665,0.013232285385510321,0.9666666666666667,0.9665831244778613,0.033333333333333326,0.3,0.5,0.0001,0.7,,,,,,,
iris,sasla,1004,200,179,12982,14497,1.6589379142336866,78,72.485,0.8053888888888889,1,200,18000,0.010231044101380522,0.9777777777777777,0.9777530589543938,0.022222222222222254,0.011603940337784745,0.9666666666666667,0.9665831244778613,0.033333333333333326,0.016972666961977065,0.9666666666666667,0.9665831244778613,0.033333333333333326,0.3,0.5,0.0001,0.7,,,,,,,
iris,sasla,1000,200,148,9309,12254,0.3013996268837589,60,61.27,0.6807777777777778,1,200,18000,0.009325792030711155,0.9666666666666667,0.9665831244778613,0.033333333333333326,0.02149845916120467,0.9,0.8976982097186701,0.09999999999999998,0.002810790238451874,1.0,1.0,0.0,0.3,0.9,0.0001,0.7,,,,,,,
iris,sasla,1001,200,22,1544,11246,0.2287778695330689,52,56.23,0.6247777777777778,1,200,18000,0.026782929761255576,0.9,0.8976982097186701,0.09999999999999998,0.027120866664868112,0.9333333333333333,0.9326599326599326,0.06666666666666665,0.0061273416106338765,1.0,1.0,0.0,0.3,0.9,0.0001,0.7,,,,,,,
iris,sasla,1002,200,10,768,13226,2.429331417167145,59,66.13,0.7347777777777778,1,200,18000,0.004990057710881619,0.9888888888888889,0.9888858016115587,0.011111111111111072,0.012213696382544353,0.9666666666666667,0.9665831244778613,0.033333333333333326,0.012122503970521885,0.9333333333333333,0.9333333333333332,0.06666666666666665,0.3,0.9,0.0001,0.7,,,,,,,
iris,sasla,1003,200,197,13633,13839,3.242242265169607,69,69.195,0.7688333333333333,1,200,18000,0.004846092114478311,0.9888888888888889,0.9888858016115588,0.011111111111111072,0.015966623648384914,0.9,0.899749373433584,0.09999999999999998,0.01571220467446673,0.9333333333333333,0.9326599326599326,0.06666666666666665,0.3,0.9,0.0001,0.7,,,,,,,
iris,sasla,1004,200,161,10218,12451,1.52464246779157,55,62.255,0.6917222222222222,1,200,18000,0.008214365074706584,0.9777777777777777,0.9777777777777779,0.022222222222222254,0.006465299578873047,1.0,1.0,0.0,0.01252396983884153,0.9333333333333333,0.9333333333333332,0.06666666666666665,0.3,0.9,0.0001,0.7,,,,,,,
iris,uncertainty,1000,200,200,3600,3600,1.0144800716597515,18,18.0,0.2,1,0,0,0.12358996316758766,0.6666666666666666,0.5341880341880342,0.33333333333333337,0.12574315423696553,0.6666666666666666,0.5333333333333333,0.33333333333333337,0.12537955469068038,0.6333333333333333,0.5066666666666667,0.3666666666666667,0.01,0.0,0.0001,,0.2,0.05,1.15,,,,
iris,uncertainty,1001,200,200,3600,3600,0.9951418389424069,18,18.0,0.2,1,0,0,0.11016909768922735,0.7444444444444445,0.6988304093567251,0.25555555555555554,0.11071701811615485,0.6666666666666666,0.5367686527106817,0.33333333333333337,0.10963387846908337,0.6666666666666666,0.5341880341880342,0.33333333333333337,0.01,0.0,0.0001,,0.2,0.05,1.15,,,,
iris,uncertainty,1002,200,200,3600,3600,1.0064579903793838,18,18.0,0.2,1,0,0,0.11190414649285112,0.6666666666666666,0.5411255411255411,0.33333333333333337,0.10991212431096749,0.6666666666666666,0.5473453749315819,0.33333333333333337,0.11262682239431511,0.6666666666666666,0.5555555555555555,0.33333333333333337,0.01,0.0,0.0001,,0.2,0.05,1.15,,,,
iris,uncertainty,1003,200,200,3600,3600,0.9966307836579416,18,18.0,0.2,1,0,0,0.1229892511288041,0.6555555555555556,0.5244191559981034,0.34444444444444444,0.12295600959243919,0.6666666666666666,0.5367686527106817,0.33333333333333337,0.1225748737340034,0.6666666666666666,0.5341880341880342,0.33333333333333337,0.01,0.0,0.0001,,0.2,0.05,1.15,,,,
iris,uncertainty,1004,200,200,3600,3600,1.0018138441347453,18,18.0,0.2,1,0,0,0.11444137943101419,0.6666666666666666,0.5450581395348837,0.33333333333333337,0.11580693444967555,0.6666666666666666,0.5367686527106817,0.33333333333333337,0.11464895825586731,0.6666666666666666,0.5367686527106817,0.33333333333333337,0.01,0.0,0.0001,,0.2,0.05,1.15,,,,
iris,uncertainty,1000,200,200,3600,3600,1.0372489512499303,18,18.0,0.2,1,0,0,0.09285431128734471,0.6888888888888889,0.5837912087912088,0.3111111111111111,0.09661577671100956,0.6666666666666666,0.5333333333333333,0.33333333333333337,0.09631303700183287,0.7,0.6050505050505051,0.30000000000000004,0.01,0.5,0.0001,,0.2,0.05,1.15,,,,
iris,uncertainty,1001,200,200,3600,3600,0.9914134018999737,18,18.0,0.2,1,0,0,0.08181605381464957,0.7888888888888889,0.7664049345669751,0.21111111111111114,0.08257107682663391,0.7666666666666667,0.7277167277167277,0.23333333333333328,0.08111353224241305,0.8,0.7712842712842712,0.19999999999999996,0.01,0.5,0.0001,,0.2,0.05,1.15,,,,
iris,uncertainty,1002,200,200,3600,3600,1.0095707976108297,18,18.0,0.2,1,0,0,0.08409578578720961,0.7444444444444445,0.6935864435864435,0.25555555555555554,0.08221139652564761,0.7,0.6161616161616162,0.30000000000000004,0.08490064953290268,0.6666666666666666,0.5555555555555555,0.33333333333333337,0.01,0.5,0.0001,,0.2,0.05,1.15,,,,
iris,uncertainty,1003,200,200,3600,3600,0.9843178413310825,18,18.0,0.2,1,0,0,0.09143060248660635,0.7,0.6054540961879732,0.30000000000000004,0.0918359362074009,0.6666666666666666,0.5367686527106817,0.33333333333333337,0.08999677327121666,0.6666666666666666,0.5411255411255411,0.33333333333333337,0.01,0.5,0.0001,,0.2,0.05,1.15,,,,
iris,uncertainty,1004,200,200,3600,3600,1.0117016096112543,18,18.0,0.2,1,0,0,0.08556339350619714,0.7777777777777778,0.7423245614035089,0.2222222222222222,0.08778167938005549,0.7,0.6068713894800851,0.30000000000000004,0.08656462293402079,0.6666666666666666,0.5854106280193238,0.33333333333333337,0.01,0.5,0.0001,,0.2,0.05,1.15,,,,
iris,uncertainty,1000,200,184,3312,3736,1.0747852341668793,50,18.68,0.20755555555555555,1,8,464,0.06963015802538329,0.8444444444444444,0.8354876615746182,0.15555555555555556,0.07705068206168628,0.7666666666666667,0.7340930674264007,0.23333333333333328,0.0748374656983884,0.8,0.7802197802197802,0.19999999999999996,0.01,0.9,0.0001,,0.2,0.05,1.15,,,,
iris,uncertainty,1001,200,200,3600,3600,0.9112967749896191,18,18.0,0.2,1,0,0,0.052283436659795915,0.8888888888888888,0.8868778280542987,0.11111111111111116,0.05157134169858948,0.9333333333333333,0.9333333333333332,0.06666666666666665,0.047645727213446044,0.9333333333333333,0.9326599326599326,0.06666666666666665,0.01,0.9,0.0001,,0.2,0.05,1.15,,,,
iris,uncertainty,1002,200,200,3756,3756,0.9956467862287197,22,18.78,0.20866666666666667,1,1,72,0.047944498041689564,0.9111111111111111,0.9110122358175751,0.0888888888888889,0.046840280103082055,0.9333333333333333,0.9326599326599326,0.06666666666666665,0.04773578539255736,0.9666666666666667,0.9665831244778613,0.033333333333333326,0.01,0.9,0.0001,,0.2,0.05,1.15,,,,
iris,uncertainty,1003,200,200,5068,5068,0.9978604985113227,62,25.34,0.28155555555555556,1,11,572,0.04687637012319888,0.9555555555555556,0.9555555555555556,0.0444444444444444,0.056742860836541856,0.9666666666666667,0.9665831244778613,0.033333333333333326,0.04677607805953651,0.9666666666666667,0.9665831244778613,0.033333333333333326,0.01,0.9,0.0001,,0.2,0.05,1.15,,,,
iris,uncertainty,1004,200,196,3528,3600,1.0437289369411138,18,18.0,0.2,1,0,0,0.05315203057568077,0.9666666666666667,0.9666574048346764,0.033333333333333326,0.05839585815488442,0.9333333333333333,0.9326599326599326,0.06666666666666665,0.055476312369016866,0.9333333333333333,0.9333333333333332,0.06666666666666665,0.01,0.9,0.0001,,0.2,0.05,1.15,,,,
iris,uncertainty,1000,200,200,3600,3600,1.0519954716961069,18,18.0,0.2,1,0,0,0.0656990813654719,0.8444444444444444,0.8310345162764025,0.15555555555555556,0.06798510035546325,0.9,0.8995215311004786,0.09999999999999998,0.0691151360910705,0.8666666666666667,0.8624338624338623,0.1333333333333333,0.05,0.0,0.0001,,0.2,0.05,1.15,,,,
iris,uncertainty,1001,200,200,3600,3600,0.9697349549791029,18,18.0,0.2,1,0,0,0.062486410148865495,0.8666666666666667,0.8628571428571427,0.1333333333333333,0.06270516583541243,0.9,0.8950004244121891,0.09999999999999998,0.06059525613251584,0.9,0.8950004244121891,0.09999999999999998,0.05,0.0,0.0001,,0.2,0.05,1.15,,,,
iris,uncertainty,1002,200,200,3600,3600,1.0092884107140796,18,18.0,0.2,1,0,0,0.062370813977145806,0.8666666666666667,0.8628571428571427,0.1333333333333333,0.06244214510393933,0.7666666666666667,0.7340930674264007,0.23333333333333328,0.062950139713937,0.8,0.7802197802197802,0.19999999999999996,0.05,0.0,0.0001,,0.2,0.05,1.15,,,,
iris,uncertainty,1003,200,200,3600,3600,0.9446990274558256,18,18.0,0.2,1,0,0,0.06611562242458095,0.9,0.8962732105420784,0.09999999999999998,0.06838063690300691,0.8666666666666667,0.8573153899240854,0.1333333333333333,0.062459364204138196,0.8666666666666667,0.8573153899240854,0.1333333333333333,0.05,0.0,0.0001,,0.2,0.05,1.15,,,,
iris,uncertainty,1004,200,200,3600,3600,1.0362782689715935,18,18.0,0.2,1,0,0,0.06352753695816211,0.8555555555555555,0.8476718410599396,0.1444444444444445,0.06628013521586576,0.9333333333333333,0.9326599326599326,0.06666666666666665,0.06583220603103317,0.8333333333333334,0.8240387063916476,0.16666666666666663,0.05,0.0,0.0001,,0.2,0.05,1.15,,,,
iris,uncertainty,1000,200,191,3438,3668,1.083930929365617,38,18.34,0.20377777777777778,1,5,320,0.06437886489444979,0.8666666666666667,0.861111111111111,0.1333333333333333,0.0722945169031415,0.8,0.7802197802197802,0.19999999999999996,0.06978224285654445,0.8333333333333334,0.8222222222222223,0.16666666666666663,0.05,0.5,0.0001,,0.2,0.05,1.15,,,,
iris,uncertainty,1001,200,200,3600,3600,0.9096704329254336,18,18.0,0.2,1,0,0,0.05204021357741862,0.9111111111111111,0.910213243546577,0.0888888888888889,0.05138299447822841,0.9333333333333333,0.9333333333333332,0.06666666666666665,0.04733944361450242,0.9333333333333333,0.9326599326599326,0.06666666666666665,0.05,0.5,0.0001,,0.2,0.05,1.15,,,,
iris,uncertainty,1002,200,200,3744,3744,0.9980009178254862,22,18.72,0.208,1,1,72,0.04754986666447454,0.9111111111111111,0.9110122358175751,0.0888888888888889,0.04664604082142792,0.9333333333333333,0.9326599326599326,0.06666666666666665,0.04745481057362508,0.9666666666666667,0.9665831244778613,0.033333333333333326,0.05,0.5,0.0001,,0.2,0.05,1.15,,,,
iris,uncertainty,1003,200,199,4818,4880,0.9840101439069248,62,24.4,0.2711111111111111,1,11,572,0.04951928976240653,0.9444444444444444,0.944429008057794,0.05555555555555558,0.059022203135884105,0.9333333333333333,0.9333333333333332,0.06666666666666665,0.048727483445274354,0.9666666666666667,0.9665831244778613,0.033333333333333326,0.05,0.5,0.0001,,0.2,0.05,1.15,,,,
iris,uncertainty,1004,200,200,3600,3600,1.045810777899331,18,18.0,0.2,1,0,0,0.05275392537776062,0.9444444444444444,0.9444290080577938,0.05555555555555558,0.057807698446602926,0.9666666666666667,0.9665831244778613,0.033333333333333326,0.05517062373655909,0.9333333333333333,0.9333333333333332,0.06666666666666665,0.05,0.5,0.0001,,0.2,0.05,1.15,,,,
iris,uncertainty,1000,200,116,6608,14168,0.8171112164080329,90,70.84,0.7871111111111111,1,18,684,0.008524401101259528,0.9888888888888889,0.9888858016115588,0.011111111111111072,0.032202544506549274,0.8666666666666667,0.861111111111111,0.1333333333333333,0.006965383753000148,1.0,1.0,0.0,0.05,0.9,0.0001,,0.2,0.05,1.15,,,,
iris,uncertainty,1001,200,199,3870,3892,0.5130614936315337,22,19.46,0.21622222222222223,1,1,72,0.01189472483371915,0.9666666666666667,0.9666574048346764,0.033333333333333326,0.013450129881080835,0.9666666666666667,0.9665831244778613,0.033333333333333326,0.0061027252895240434,1.0,1.0,0.0,0.05,0.9,0.0001,,0.2,0.05,1.15,,,,
iris,uncertainty,1002,200,126,3316,5732,1.98817687265476,38,28.66,0.3184444444444444,1,5,320,0.008767829210803027,0.9888888888888889,0.9888858016115587,0.011111111111111072,0.01207455279768721,0.9666666666666667,0.9665831244778613,0.033333333333333326,0.017431995260305415,0.9333333333333333,0.9326599326599326,0.06666666666666665,0.05,0.9,0.0001,,0.2,0.05,1.15,,,,
iris,uncertainty,1003,200,188,13332,14412,2.365305407326563,90,72.06,0.8006666666666666,1,18,684,0.006760013011318616,0.9888888888888889,0.9888858016115588,0.011111111111111072,0.01678278925648545,0.9,0.899749373433584,0.09999999999999998,0.015989495329269843,0.9333333333333333,0.9326599326599326,0.06666666666666665,0.05,0.9,0.0001,,0.2,0.05,1.15,,,,
iris,uncertainty,1004,200,195,5890,6060,1.4264247561850543,34,30.3,0.33666666666666667,1,4,264,0.011519811745851545,0.9555555555555556,0.9555061179087875,0.0444444444444444,0.008791496416423062,1.0,1.0,0.0,0.016432144660874014,0.9333333333333333,0.9333333333333332,0.06666666666666665,0.05,0.9,0.0001,,0.2,0.05,1.15,,,,
iris,uncertainty,1000,200,193,3474,3636,1.0914279275578032,34,18.18,0.20199999999999999,1,4,264,0.07005347939196284,0.8444444444444444,0.8354876615746182,0.15555555555555556,0.07896483113983334,0.7666666666666667,0.7340930674264007,0.23333333333333328,0.07645832383098328,0.7333333333333333,0.6825396825396827,0.2666666666666667,0.1,0.0,0.0001,,0.2,0.05,1.15,,,,
iris,uncertainty,1001,200,200,3600,3600,0.9091512623447354,18,18.0,0.2,1,0,0,0.05201505499958385,0.9,0.8986201070121093,0.09999999999999998,0.05136464204792032,0.9333333333333333,0.9333333333333332,0.06666666666666665,0.0472895529138025,0.9333333333333333,0.9326599326599326,0.06666666666666665,0.1,0.0,0.0001,,0.2,0.05,1.15,,,,
iris,uncertainty,1002,200,199,3750,3772,0.9932678886705891,22,18.86,0.20955555555555555,1,1,72,0.047910331729707614,0.9111111111111111,0.9110122358175751,0.0888888888888889,0.0465681242520514,0.9333333333333333,0.9326599326599326,0.06666666666666665,0.047587794042674214,0.9666666666666667,0.9665831244778613,0.033333333333333326,0.1,0.0,0.0001,,0.2,0.05,1.15,,,,
iris,uncertainty,1003,200,200,4600,4600,0.9827513502546097,62,23.0,0.25555555555555554,1,11,572,0.05290751671836232,0.9666666666666667,0.9666574048346764,0.033333333333333326,0.06221689737005653,0.9333333333333333,0.9326599326599326,0.06666666666666665,0.051994933493588906,0.9666666666666667,0.9665831244778613,0.033333333333333326,0.1,0.0,0.0001,,0.2,0.05,1.15,,,,
iris,uncertainty,1004,200,200,3600,3600,1.0469533588587836,18,18.0,0.2,1,0,0,0.05265044596208116,0.9333333333333333,0.9332591768631814,0.06666666666666665,0.057602290758239034,0.9666666666666667,0.9665831244778613,0.033333333333333326,0.05512256124541375,0.9333333333333333,0.9333333333333332,0.06666666666666665,0.1,0.0,0.0001,,0.2,0.05,1.15,,,,
iris,uncertainty,1000,200,195,7790,8240,0.9662096682552866,90,41.2,0.4577777777777778,1,18,684,0.012124977546147107,0.9888888888888889,0.9888858016115588,0.011111111111111072,0.0337133605911318,0.8666666666666667,0.861111111111111,0.1333333333333333,0.011715270532465596,0.9666666666666667,0.9665831244778613,0.033333333333333326,0.1,0.5,0.0001,,0.2,0.05,1.15,,,,
iris,uncertainty,1001,200,200,3600,3600,0.7447821828192199,18,18.0,0.2,1,0,0,0.035595121155533996,0.9,0.899749373433584,0.09999999999999998,0.03342939839851484,0.9666666666666667,0.9665831244778613,0.033333333333333326,0.026510612031933202,0.9666666666666667,0.9665831244778613,0.033333333333333326,0.1,0.5,0.0001,,0.2,0.05,1.15,,,,
iris,uncertainty,1002,200,200,4808,4808,1.2190241385755307,30,24.04,0.2671111111111111,1,3,204,0.024051149726239663,0.9555555555555556,0.9553571428571429,0.0444444444444444,0.01647684486640391,0.9666666666666667,0.9665831244778613,0.033333333333333326,0.029318932076780418,0.9,0.8976982097186701,0.09999999999999998,0.1,0.5,0.0001,,0.2,0.05,1.15,,,,
iris,uncertainty,1003,200,200,10364,10364,1.8393781793516535,90,51.82,0.5757777777777778,1,18,684,0.00887500848498874,0.9888888888888889,0.9888858016115588,0.011111111111111072,0.01899363293096386,0.9,0.899749373433584,0.09999999999999998,0.016324496948849066,0.9333333333333333,0.9326599326599326,0.06666666666666665,0.1,0.5,0.0001,,0.2,0.05,1.15,,,,
iris,uncertainty,1004,200,198,5220,5296,1.1811073445903082,38,26.48,0.2942222222222222,1,5,320,0.017096919955126078,0.9777777777777777,0.9777530589543938,0.022222222222222254,0.01872730751960538,0.9666666666666667,0.9665831244778613,0.033333333333333326,0.020193297728872014,0.9333333333333333,0.9333333333333332,0.06666666666666665,0.1,0.5,0.0001,,0.2,0.05,1.15,,,,
iris,uncertainty,1000,200,187,14850,16020,0.8110533808711133,90,80.1,0.8899999999999999,1,18,684,0.006896248726080235,0.9888888888888889,0.9888858016115588,0.011111111111111072,0.031248775421215843,0.8666666666666667,0.861111111111111,0.1333333333333333,0.005593225844615483,1.0,1.0,0.0,0.1,0.9,0.0001,,0.2,0.05,1.15,,,,
iris,uncertainty,1001,200,143,3114,4824,0.7989649340142893,30,24.12,0.268,1,3,204,0.009321389917131825,0.9666666666666667,0.9666574048346764,0.033333333333333326,0.014546100173092007,0.9666666666666667,0.9665831244778613,0.033333333333333326,0.007447463680062689,0.9666666666666667,0.9665831244778613,0.033333333333333326,0.1,0.9,0.0001,,0.2,0.05,1.15,,,,
iris,uncertainty,1002,200,83,2798,11332,2.2018628204587922,90,56.66,0.6295555555555555,1,18,684,0.006383409491874772,1.0,1.0,0.0,0.012774791164876387,0.9666666666666667,0.9665831244778613,0.033333333333333326,0.014055392027922812,0.9666666666666667,0.9665831244778613,0.033333333333333326,0.1,0.9,0.0001,,0.2,0.05,1.15,,,,
iris,uncertainty,1003,200,200,15228,15228,1.9198287128975786,90,76.14,0.846,1,18,684,0.00624521432233442,0.9888888888888889,0.9888858016115588,0.011111111111111072,0.015286974388063089,0.9333333333333333,0.9333333333333332,0.06666666666666665,0.011989741774216814,0.9666666666666667,0.9665831244778613,0.033333333333333326,0.1,0.9,0.0001,,0.2,0.05,1.15,,,,
iris,uncertainty,1004,200,128,4632,7656,1.8486188092188431,42,38.28,0.42533333333333334,1,6,372,0.011377620345130304,0.9666666666666667,0.9665831244778613,0.033333333333333326,0.014931492021230933,0.9666666666666667,0.9665831244778613,0.033333333333333326,0.021032882974158867,0.9333333333333333,0.9326599326599326,0.06666666666666665,0.1,0.9,0.0001,,0.2,0.05,1.15,,,,
iris,uncertainty,1000,200,200,12384,12384,0.5880979677414608,90,61.92,0.6880000000000001,1,18,684,0.01069552591561836,0.9666666666666667,0.9665831244778613,0.033333333333333326,0.020356281847136285,0.9333333333333333,0.9326599326599326,0.06666666666666665,0.006290017054901284,1.0,1.0,0.0,0.3,0.0,0.0001,,0.2,0.05,1.15,,,,
iris,uncertainty,1001,200,200,3600,3600,0.5293444132177187,18,18.0,0.2,1,0,0,0.026295574836148108,0.9222222222222223,0.9220272904483431,0.07777777777777772,0.02402993359966604,0.9333333333333333,0.9333333333333332,0.06666666666666665,0.01391941563186343,1.0,1.0,0.0,0.3,0.0,0.0001,,0.2,0.05,1.15,,,,
iris,uncertainty,1002,200,200,5728,5728,1.1573407346051856,34,28.64,0.31822222222222224,1,4,264,0.015930272231062803,0.9555555555555556,0.9555061179087875,0.0444444444444444,0.009648735171796586,1.0,1.0,0.0,0.018436752966358813,0.9666666666666667,0.9665831244778613,0.033333333333333326,0.3,0.0,0.0001,,0.2,0.05,1.15,,,,
iris,uncertainty,1003,200,198,11524,11704,1.9800606501530482,90,58.52,0.6502222222222223,1,18,684,0.007356246834975951,0.9888888888888889,0.9888858016115588,0.011111111111111072,0.01751614386474051,0.9,0.899749373433584,0.09999999999999998,0.014565814890748784,0.9333333333333333,0.9326599326599326,0.06666666666666665,0.3,0.0,0.0001,,0.2,0.05,1.15,,,,
iris,uncertainty,1004,200,200,5716,5716,1.4041791466208788,34,28.58,0.31755555555555554,1,4,264,0.01237129055900468,0.9555555555555556,0.9555061179087875,0.0444444444444444,0.010393948821055472,1.0,1.0,0.0,0.017371508219742125,0.9333333333333333,0.9333333333333332,0.06666666666666665,0.3,0.0,0.0001,,0.2,0.05,1.15,,,,
iris,uncertainty,1000,200,178,12348,14328,0.9807575106612249,90,71.64,0.796,1,18,684,0.00932590607395812,1.0,1.0,0.0,0.03916804405186235,0.8666666666666667,0.861111111111111,0.1333333333333333,0.009146452425755562,0.9666666666666667,0.9665831244778613,0.033333333333333326,0.3,0.5,0.0001,,0.2,0.05,1.15,,,,
iris,uncertainty,1001,200,170,3352,4132,0.8155833171825458,26,20.66,0.22955555555555557,1,2,140,0.01092111065695921,0.9777777777777777,0.9777777777777779,0.022222222222222254,0.015580239255930111,0.9666666666666667,0.9665831244778613,0.033333333333333326,0.008907075656920446,0.9666666666666667,0.9665831244778613,0.033333333333333326,0.3,0.5,0.0001,,0.2,0.05,1.15,,,,
iris,uncertainty,1002,200,110,2952,5708,2.483712713267137,34,28.54,0.3171111111111111,1,4,264,0.010605486033148296,0.9777777777777777,0.9777530589543938,0.022222222222222254,0.016237613537110587,0.9666666666666667,0.9665831244778613,0.033333333333333326,0.026340980490907478,0.9333333333333333,0.9326599326599326,0.06666666666666665,0.3,0.5,0.0001,,0.2,0.05,1.15,,,,
iris,uncertainty,1003,200,193,14302,14932,0.9064043154131345,90,74.66,0.8295555555555555,1,18,684,0.009366355278409528,0.9888888888888889,0.9888858016115588,0.011111111111111072,0.01729340663964074,0.9666666666666667,0.9665831244778613,0.033333333333333326,0.008489704844042987,1.0,1.0,0.0,0.3,0.5,0.0001,,0.2,0.05,1.15,,,,
iris,uncertainty,1004,200,177,5770,6644,1.6882156788844749,38,33.22,0.3691111111111111,1,5,320,0.010277778897270757,0.9777777777777777,0.9777777777777779,0.022222222222222254,0.011367553878879987,0.9666666666666667,0.9665831244778613,0.033333333333333326,0.017351107478480482,0.9333333333333333,0.9333333333333332,0.06666666666666665,0.3,0.5,0.0001,,0.2,0.05,1.15,,,,
iris,uncertainty,1000,200,181,15122,16832,0.6960443891262154,90,84.16,0.9351111111111111,1,18,684,0.00628015844641421,0.9888888888888889,0.9888858016115588,0.011111111111111072,0.030156598490497677,0.9,0.8976982097186701,0.09999999999999998,0.0043712690494502205,1.0,1.0,0.0,0.3,0.9,0.0001,,0.2,0.05,1.15,,,,
iris,uncertainty,1001,200,68,1504,4936,0.4410281026937122,26,24.68,0.2742222222222222,1,2,140,0.012288338265672716,0.9666666666666667,0.9665831244778613,0.033333333333333326,0.014597451379279683,0.9666666666666667,0.9665831244778613,0.033333333333333326,0.005419502510568179,1.0,1.0,0.0,0.3,0.9,0.0001,,0.2,0.05,1.15,,,,
iris,uncertainty,1002,200,31,930,15728,2.9093824734566014,90,78.64,0.8737777777777778,1,18,684,0.007242575334655664,0.9777777777777777,0.9777530589543938,0.022222222222222254,0.01640025880184561,0.9666666666666667,0.9665831244778613,0.033333333333333326,0.021071421741336267,0.9333333333333333,0.9326599326599326,0.06666666666666665,0.3,0.9,0.0001,,0.2,0.05,1.15,,,,
iris,uncertainty,1003,200,92,6704,16424,2.5350300634765106,90,82.12,0.9124444444444445,1,18,684,0.0050434107536703136,0.9888888888888889,0.9888858016115588,0.011111111111111072,0.014964613527713395,0.9,0.899749373433584,0.09999999999999998,0.012785197883014972,0.9666666666666667,0.9665831244778613,0.033333333333333326,0.3,0.9,0.0001,,0.2,0.05,1.15,,,,
iris,uncertainty,1004,200,102,3592,7316,1.43880567794906,38,36.58,0.40644444444444444,1,5,320,0.014217663420157779,0.9666666666666667,0.9665831244778613,0.033333333333333326,0.02443142322891617,0.9,0.8976982097186701,0.09999999999999998,0.020456454856091662,0.9333333333333333,0.9326599326599326,0.06666666666666665,0.3,0.9,0.0001,,0.2,0.05,1.15,,,,
breast_cancer,sasla,1000,150,150,44859,44859,1.746070914024169,258,299.06,0.877008797653959,1,150,51150,0.017574878863179374,0.9824046920821115,0.9810555555555556,0.017595307917888547,0.013907114330975762,0.9823008849557522,0.9808604336043361,0.017699115044247815,0.03068698480049566,0.9478260869565217,0.9425,0.05217391304347829,0.01,0.0,0.0001,0.7,,,,,,,
breast_cancer,sasla,1001,150,150,45344,45344,2.518744257410798,262,302.29333333333335,0.8864907135874879,1,150,51150,0.016300460180451882,0.9794721407624634,0.9779351272404581,0.02052785923753664,0.014672919392334692,0.9823008849557522,0.9808604336043361,0.017699115044247815,0.04105669047266656,0.9217391304347826,0.9121466768525592,0.07826086956521738,0.01,0.0,0.0001,0.7,,,,,,,
breast_cancer,sasla,1002,150,142,43325,45417,0.7651641378899176,260,302.78,0.8879178885630498,1,150,51150,0.02264129774187863,0.9794721407624634,0.9778606342228034,0.02052785923753664,0.019226788292054632,0.9734513274336283,0.9717146433041302,0.026548672566371723,0.0173243090673735,0.9652173913043478,0.9628552971576227,0.034782608695652195,0.01,0.0,0.0001,0.7,,,,,,,
breast_cancer,sasla,1003,150,150,45176,45176,0.8172890998868341,257,301.17333333333335,0.883206256109482,1,150,51150,0.022139996838097194,0.9706744868035191,0.9682069068397106,0.029325513196480912,0.02093468859491929,0.9646017699115044,0.9617208672086721,0.03539823008849563,0.018094778087305807,0.9739130434782609,0.9722691102001446,0.02608695652173909,0.01,0.0,0.0001,0.7,,,,,,,
breast_cancer,sasla,1004,150,149,44806,45067,0.8034303097316622,261,300.44666666666666,0.8810752688172043,1,150,51150,0.022439295814812354,0.967741935483871,0.9652095680644054,0.032258064516129004,0.015591396372734875,0.9911504424778761,0.9904794001179543,0.008849557522123908,0.01802841038665508,0.9826086956521739,0.981245923026745,0.017391304347826098,0.01,0.0,0.0001,0.7,,,,,,,
breast_cancer,sasla,1000,150,150,40226,40226,1.8587864729910002,223,268.17333333333335,0.7864320625610949,1,150,51150,0.015040083004935145,0.9853372434017595,0.9842393766003272,0.014662756598240456,0.01279222175859919,0.9911504424778761,0.9904794001179543,0.008849557522123908,0.027956302842235284,0.9652173913043478,0.9620962425840476,0.034782608695652195,0.01,0.5,0.0001,0.7,,,,,,,
breast_cancer,sasla,1001,150,141,39105,41217,3.0452450638010977,233,274.78,0.8058064516129031,1,150,51150,0.013379242799509706,0.9853372434017595,0.984291071247593,0.014662756598240456,0.013901980088064623,0.9823008849557522,0.9808604336043361,0.017699115044247815,0.04074307309260331,0.9304347826086956,0.9224021592442645,0.06956521739130439,0.01,0.5,0.0001,0.7,,,,,,,
breast_cancer,sasla,1002,150,147,40049,40731,0.8283783672351211,227,271.54,0.7963049853372435,1,150,51150,0.020067940792744172,0.9736070381231672,0.9716308778805891,0.02639296187683282,0.017542555949418396,0.9734513274336283,0.9717146433041302,0.026548672566371723,0.0166238480276645,0.9652173913043478,0.9628552971576227,0.034782608695652195,0.01,0.5,0.0001,0.7,,,,,,,
breast_cancer,sasla,1003,150,150,40932,40932,0.7797382763414052,229,272.88,0.8002346041055718,1,150,51150,0.019742710565793253,0.9765395894428153,0.9746543778801844,0.02346041055718473,0.018530536192612093,0.9823008849557522,0.9810529845741114,0.017699115044247815,0.015394147106878881,0.9826086956521739,0.9815941101152368,0.017391304347826098,0.01,0.5,0.0001,0.7,,,,,,,
breast_cancer,sasla,1004,150,150,40691,40691,0.7860596610865769,231,271.2733333333333,0.7955229716520038,1,150,51150,0.020791585625179534,0.9706744868035191,0.9683179723502304,0.029325513196480912,0.013969085329591626,0.9823008849557522,0.9808604336043361,0.017699115044247815,0.01634342674998117,0.9739130434782609,0.9720081135902637,0.02608695652173909,0.01,0.5,0.0001,0.7,,,,,,,
breast_cancer,sasla,1000,150,31,8237,31030,2.022991127786792,170,206.86666666666667,0.6066471163245357,1,150,51150,0.013114468898769608,0.9912023460410557,0.9905436259601963,0.008797653958944274,0.013264701040196503,0.9911504424778761,0.9904794001179543,0.008849557522123908,0.02653045422784674,0.9478260869565217,0.9425,0.05217391304347829,0.01,0.9,0.0001,0.7,,,,,,,
breast_cancer,sasla,1001,150,28,7749,32769,4.239116522495223,198,218.46,0.6406451612903226,1,150,51150,0.010192600158018622,0.9970674486803519,0.9968582142495186,0.0029325513196480912,0.01708270970506526,0.9734513274336283,0.9711366538952746,0.026548672566371723,0.043207619737044164,0.9217391304347826,0.9121466768525592,0.07826086956521738,0.01,0.9,0.0001,0.7,,,,,,,
breast_cancer,sasla,1002,150,125,28316,33566,0.9765931117131754,208,223.77333333333334,0.6562267839687195,1,150,51150,0.01722004411347263,0.9824046920821115,0.9809907834101382,0.017595307917888547,0.015829105087310835,0.9823008849557522,0.9808604336043361,0.017699115044247815,0.016816976464614386,0.9739130434782609,0.9720081135902637,0.02608695652173909,0.01,0.9,0.0001,0.7,,,,,,,
breast_cancer,sasla,1003,150,144,32574,33844,0.7527067145623828,214,225.62666666666667,0.6616617790811339,1,150,51150,0.017198238255700545,0.9824046920821115,0.9810555555555556,0.017595307917888547,0.015614079712618932,0.9911504424778761,0.9904794001179543,0.008849557522123908,0.012945229413709443,0.9826086956521739,0.9815941101152368,0.017391304347826098,0.01,0.9,0.0001,0.7,,,,,,,
breast_cancer,sasla,1004,150,143,31669,33156,0.8157694974500582,220,221.04,0.6482111436950146,1,150,51150,0.018509363161138184,0.9706744868035191,0.9686327176392671,0.029325513196480912,0.011958061840618315,0.9911504424778761,0.9904794001179543,0.008849557522123908,0.015099373884082317,0.9826086956521739,0.9814276485788114,0.017391304347826098,0.01,0.9,0.0001,0.7,,,,,,,
breast_cancer,sasla,1000,150,67,17637,34694,1.9319498372883261,194,231.29333333333332,0.6782795698924731,1,150,51150,0.013408157482981103,0.9882697947214076,0.9874123292727944,0.011730205278592365,0.013025368551731607,0.9911504424778761,0.9904794001179543,0.008849557522123908,0.025903887667581595,0.9652173913043478,0.9620962425840476,0.034782608695652195,0.05,0.0,0.0001,0.7,,,,,,,
breast_cancer,sasla,1001,150,57,15762,35528,3.3808988060318095,212,236.85333333333332,0.6945845552297165,1,150,51150,0.011780492372981217,0.9853372434017595,0.9843900205996795,0.014662756598240456,0.01530667513744721,0.9734513274336283,0.971438200353863,0.026548672566371723,0.03982865259827904,0.9391304347826087,0.9325173945846257,0.060869565217391286,0.05,0.0,0.0001,0.7,,,,,,,
breast_cancer,sasla,1002,150,120,29445,35836,0.9061223500289964,210,238.90666666666667,0.7006060606060606,1,150,51150,0.018408096787846565,0.9765395894428153,0.9745655254717684,0.02346041055718473,0.016275854236281667,0.9823008849557522,0.9808604336043361,0.017699115044247815,0.01667998792096475,0.9739130434782609,0.9720081135902637,0.02608695652173909,0.05,0.0,0.0001,0.7,,,,,,,
breast_cancer,sasla,1003,150,148,35635,36068,0.7095051076384141,213,240.45333333333335,0.7051417399804497,1,150,51150,0.018212930459406817,0.9736070381231672,0.9714365489320117,0.02639296187683282,0.017085385175246912,0.9911504424778761,0.9904794001179543,0.008849557522123908,0.012922167186012384,0.9739130434782609,0.9722691102001446,0.02608695652173909,0.05,0.0,0.0001,0.7,,,,,,,
breast_cancer,sasla,1004,150,147,34833,35459,0.7704742721098417,208,236.39333333333335,0.6932355816226784,1,150,51150,0.01938684498798075,0.9736070381231672,0.9714365489320117,0.02639296187683282,0.012717791040373839,0.9823008849557522,0.9808604336043361,0.017699115044247815,0.0149370652806208,0.991304347826087,0.9906693711967545,0.008695652173912993,0.05,0.0,0.0001,0.7,,,,,,,
breast_cancer,sasla,1000,150,38,9758,31144,1.9628005775334552,178,207.62666666666667,0.6088758553274682,1,150,51150,0.012735385737157514,0.9882697947214076,0.9874123292727944,0.011730205278592365,0.013271839961318156,0.9911504424778761,0.9904794001179543,0.008849557522123908,0.024997022480004096,0.9652173913043478,0.9620962425840476,0.034782608695652195,0.05,0.5,0.0001,0.7,,,,,,,
breast_cancer,sasla,1001,150,26,7309,32661,3.820959938843202,203,217.74,0.638533724340176,1,150,51150,0.010722012530193514,0.9882697947214076,0.9874926643192488,0.011730205278592365,0.01718542277034593,0.9734513274336283,0.971438200353863,0.026548672566371723,0.04096838034164425,0.9478260869565217,0.9425,0.05217391304347829,0.05,0.5,0.0001,0.7,,,,,,,
breast_cancer,sasla,1002,150,74,17559,33395,1.109871252513329,210,222.63333333333333,0.6528836754643206,1,150,51150,0.017052373629142147,0.9736070381231672,0.9716308778805891,0.02639296187683282,0.01732813274066373,0.9734513274336283,0.9717146433041302,0.026548672566371723,0.018925939278101257,0.9739130434782609,0.9722691102001446,0.02608695652173909,0.05,0.5,0.0001,0.7,,,,,,,
breast_cancer,sasla,1003,150,146,32984,33836,0.7701494877007502,214,225.57333333333332,0.661505376344086,1,150,51150,0.017241295157820843,0.9794721407624634,0.9779351272404581,0.02052785923753664,0.015679016780264326,0.9911504424778761,0.9904794001179543,0.008849557522123908,0.013278374633093148,0.9826086956521739,0.9815941101152368,0.017391304347826098,0.05,0.5,0.0001,0.7,,,,,,,
breast_cancer,sasla,1004,150,129,28954,33370,0.7975461159193835,205,222.46666666666667,0.6523949169110459,1,150,51150,0.018364069702595742,0.9736070381231672,0.9714365489320117,0.02639296187683282,0.012442186479689994,0.9734513274336283,0.9711366538952746,0.026548672566371723,0.014646192463778062,0.9739130434782609,0.9717236292107204,0.02608695652173909,0.05,0.5,0.0001,0.7,,,,,,,
breast_cancer,sasla,1000,150,136,24040,26490,1.6461577778847654,190,176.6,0.5178885630498533,1,150,51150,0.01248645039132146,0.9853372434017595,0.9843900205996795,0.014662756598240456,0.014117788761455523,0.9823008849557522,0.9810529845741114,0.017699115044247815,0.02055466742984609,0.9739130434782609,0.9720081135902637,0.02608695652173909,0.05,0.9,0.0001,0.7,,,,,,,
breast_cancer,sasla,1001,150,7,1822,28536,5.566961765796954,192,190.24,0.5578885630498533,1,150,51150,0.008660078704297398,0.9970674486803519,0.9968582142495186,0.0029325513196480912,0.01919442312555034,0.9734513274336283,0.9711366538952746,0.026548672566371723,0.04821032703561604,0.9043478260869565,0.8911827956989247,0.09565217391304348,0.05,0.9,0.0001,0.7,,,,,,,
breast_cancer,sasla,1002,150,142,29212,30892,0.7425514239104858,183,205.94666666666666,0.6039491691104594,1,150,51150,0.01745403506924259,0.9736070381231672,0.9713351702236959,0.02639296187683282,0.012925371493510572,0.9823008849557522,0.9808604336043361,0.017699115044247815,0.01296051859364964,0.9826086956521739,0.981245923026745,0.017391304347826098,0.05,0.9,0.0001,0.7,,,,,,,
breast_cancer,sasla,1003,150,146,30296,31152,0.7701167612197248,206,207.68,0.6090322580645161,1,150,51150,0.01421489484558994,0.9824046920821115,0.9809907834101382,0.017595307917888547,0.012348178147194978,0.9911504424778761,0.9904794001179543,0.008849557522123908,0.010947128779564686,0.991304347826087,0.9906693711967545,0.008695652173912993,0.05,0.9,0.0001,0.7,,,,,,,
breast_cancer,sasla,1004,150,136,27633,30630,1.110883347948423,231,204.2,0.5988269794721407,1,150,51150,0.01420908509682106,0.9853372434017595,0.9841861673020025,0.014662756598240456,0.011611400378448523,0.9823008849557522,0.9808604336043361,0.017699115044247815,0.015784636023640622,0.9739130434782609,0.9720081135902637,0.02608695652173909,0.05,0.9,0.0001,0.7,,,,,,,
breast_cancer,sasla,1000,150,38,9750,31120,1.9853609680119466,177,207.46666666666667,0.6084066471163245,1,150,51150,0.012840973755312486,0.9882697947214076,0.9874123292727944,0.011730205278592365,0.013164424410855802,0.9911504424778761,0.9904794001179543,0.008849557522123908,0.0254939680850632,0.9565217391304348,0.952357278979203,0.04347826086956519,0.1,0.0,0.0001,0.7,,,,,,,
breast_cancer,sasla,1001,150,34,9098,32669,4.382115186396467,199,217.79333333333332,0.6386901270772238,1,150,51150,0.010121347076069483,0.9970674486803519,0.9968582142495186,0.0029325513196480912,0.017068731047053615,0.9734513274336283,0.9711366538952746,0.026548672566371723,0.04435290872883356,0.9217391304347826,0.9121466768525592,0.07826086956521738,0.1,0.0,0.0001,0.7,,,,,,,
breast_cancer,sasla,1002,150,149,33347,33554,0.8579680990478158,194,223.69333333333333,0.6559921798631476,1,150,51150,0.01925932316309249,0.9706744868035191,0.9680926716071563,0.029325513196480912,0.016449387968869987,0.9734513274336283,0.9711366538952746,0.026548672566371723,0.01652388488318603,0.9739130434782609,0.9720081135902637,0.02608695652173909,0.1,0.0,0.0001,0.7,,,,,,,
breast_cancer,sasla,1003,150,148,33327,33743,0.7066725020254672,214,224.95333333333335,0.6596871945259043,1,150,51150,0.017208966861673988,0.9765395894428153,0.9746543778801844,0.02346041055718473,0.01570872888076606,0.9911504424778761,0.9904794001179543,0.008849557522123908,0.01216110366941251,0.991304347826087,0.9907563700667149,0.008695652173912993,0.1,0.0,0.0001,0.7,,,,,,,
breast_cancer,sasla,1004,150,147,32709,33365,0.8123328378168139,210,222.43333333333334,0.652297165200391,1,150,51150,0.018048684880200706,0.9765395894428153,0.9746543778801844,0.02346041055718473,0.01200517415921462,0.9823008849557522,0.9808604336043361,0.017699115044247815,0.01466153940759486,0.991304347826087,0.9906693711967545,0.008695652173912993,0.1,0.0,0.0001,0.7,,,,,,,
breast_cancer,sasla,1000,150,19,4880,27712,2.040262430062169,170,184.74666666666667,0.5417790811339198,1,150,51150,0.012238517480998131,0.9882697947214076,0.9874123292727944,0.011730205278592365,0.013267590078334104,0.9911504424778761,0.9904794001179543,0.008849557522123908,0.02496978741613958,0.9565217391304348,0.952357278979203,0.04347826086956519,0.1,0.5,0.0001,0.7,,,,,,,
breast_cancer,sasla,1001,150,17,4491,30414,3.59418241376405,202,202.76,0.5946041055718475,1,150,51150,0.011118538174625539,0.9882697947214076,0.9875310808834283,0.011730205278592365,0.019626850205883464,0.9646017699115044,0.9617208672086721,0.03539823008849563,0.03996205437400335,0.9391304347826087,0.9333001905708842,0.060869565217391286,0.1,0.5,0.0001,0.7,,,,,,,
breast_cancer,sasla,1002,150,150,31703,31703,0.9609547177711728,202,211.35333333333332,0.6198044965786901,1,150,51150,0.015900304743750895,0.9853372434017595,0.9841861673020025,0.014662756598240456,0.014102672395828167,0.9823008849557522,0.9808604336043361,0.017699115044247815,0.015279472857506781,0.9739130434782609,0.9720081135902637,0.02608695652173909,0.1,0.5,0.0001,0.7,,,,,,,
breast_cancer,sasla,1003,150,144,31240,32512,0.7121315520694979,211,216.74666666666667,0.6356207233626588,1,150,51150,0.01560361728770725,0.9824046920821115,0.9809907834101382,0.017595307917888547,0.014442143845127584,0.9911504424778761,0.9904794001179543,0.008849557522123908,0.011111828196993414,0.991304347826087,0.9907563700667149,0.008695652173912993,0.1,0.5,0.0001,0.7,,,,,,,
breast_cancer,sasla,1004,150,88,18895,31681,0.9724623084972911,220,211.20666666666668,0.6193743890518084,1,150,51150,0.01592112261072792,0.9794721407624634,0.9779351272404581,0.02052785923753664,0.011965415999954068,0.9911504424778761,0.9904794001179543,0.008849557522123908,0.01548269164789689,0.9826086956521739,0.9814276485788114,0.017391304347826098,0.1,0.5,0.0001,0.7,,,,,,,
breast_cancer,sasla,1000,150,49,8727,24991,2.310227923850241,156,166.60666666666665,0.48858260019550337,1,150,51150,0.012215367773540285,0.9824046920821115,0.9809907834101382,0.017595307917888547,0.012772769877860983,0.9823008849557522,0.9808604336043361,0.017699115044247815,0.028220283730533112,0.9391304347826087,0.9325173945846257,0.060869565217391286,0.1,0.9,0.0001,0.7,,,,,,,
breast_cancer,sasla,1001,150,12,2464,26885,5.069023921804185,195,179.23333333333332,0.5256109481915933,1,150,51150,0.008299134422324791,0.9970674486803519,0.9968582142495186,0.0029325513196480912,0.01866789622313328,0.9646017699115044,0.9617208672086721,0.03539823008849563,0.04206851091703292,0.9217391304347826,0.9132366501802331,0.07826086956521738,0.1,0.9,0.0001,0.7,,,,,,,
breast_cancer,sasla,1002,150,124,24391,29474,0.8127854972268838,177,196.49333333333334,0.5762267839687195,1,150,51150,0.016426584184206353,0.9765395894428153,0.9745655254717684,0.02346041055718473,0.010545222167242897,0.9823008849557522,0.9808604336043361,0.017699115044247815,0.013351289393899426,0.9826086956521739,0.981245923026745,0.017391304347826098,0.1,0.9,0.0001,0.7,,,,,,,
breast_cancer,sasla,1003,150,132,25787,29535,0.7412374060145752,198,196.9,0.5774193548387097,1,150,51150,0.01397503792179674,0.9794721407624634,0.9777839825026757,0.02052785923753664,0.011639359139168238,0.9911504424778761,0.9904794001179543,0.008849557522123908,0.010358820858107937,0.9826086956521739,0.9814276485788114,0.017391304347826098,0.1,0.9,0.0001,0.7,,,,,,,
breast_cancer,sasla,1004,150,145,28111,29075,1.1408678305498325,187,193.83333333333334,0.5684261974584556,1,150,51150,0.01435251725455054,0.9824046920821115,0.9809907834101382,0.017595307917888547,0.011839958234910535,0.9823008849557522,0.9808604336043361,0.017699115044247815,0.016374325223128115,0.9652173913043478,0.9620962425840476,0.034782608695652195,0.1,0.9,0.0001,0.7,,,,,,,
breast_cancer,sasla,1000,150,137,24573,26827,2.1779683307396214,161,178.84666666666666,0.524477028347996,1,150,51150,0.013375530742835965,0.9824046920821115,0.9809907834101382,0.017595307917888547,0.013566777672303578,0.9911504424778761,0.9904794001179543,0.008849557522123908,0.029131482364730937,0.9478260869565217,0.9425,0.05217391304347829,0.3,0.0,0.0001,0.7,,,,,,,
breast_cancer,sasla,1001,150,11,2995,29324,4.919524099837461,195,195.49333333333334,0.5732942326490714,1,150,51150,0.009012597121045612,0.9970674486803519,0.9968582142495186,0.0029325513196480912,0.01866066386357521,0.9646017699115044,0.9617208672086721,0.03539823008849563,0.04433768873910961,0.9217391304347826,0.9132366501802331,0.07826086956521738,0.3,0.0,0.0001,0.7,,,,,,,
breast_cancer,sasla,1002,150,147,30335,30941,0.9692176180890009,209,206.27333333333334,0.6049071358748779,1,150,51150,0.015282506822302111,0.9853372434017595,0.9841861673020025,0.014662756598240456,0.013422849942121977,0.9823008849557522,0.9808604336043361,0.017699115044247815,0.014812074860740558,0.9739130434782609,0.9720081135902637,0.02608695652173909,0.3,0.0,0.0001,0.7,,,,,,,
breast_cancer,sasla,1003,150,136,28756,31752,1.1100230944564613,220,211.68,0.6207624633431085,1,150,51150,0.027634803182315607,0.9530791788856305,0.9506940427993059,0.04692082111436946,0.02689909346914655,0.9469026548672567,0.9446078431372549,0.053097345132743334,0.030675269743129233,0.9478260869565217,0.9456521739130435,0.05217391304347829,0.3,0.0,0.0001,0.7,,,,,,,
breast_cancer,sasla,1004,150,150,31362,31362,1.0235732643978415,219,209.08,0.6131378299120235,1,150,51150,0.015026188588897543,0.9853372434017595,0.9841861673020025,0.014662756598240456,0.01144947512710997,0.9823008849557522,0.9808604336043361,0.017699115044247815,0.015380404905395452,0.9739130434782609,0.9717236292107204,0.02608695652173909,0.3,0.0,0.0001,0.7,,,,,,,
breast_cancer,sasla,1000,150,108,18658,25815,1.5384343706933266,185,172.1,0.5046920821114369,1,150,51150,0.013645398755230216,0.9824046920821115,0.9812966213251426,0.017595307917888547,0.015159378337958307,0.9734513274336283,0.9717146433041302,0.026548672566371723,0.020992550446862098,0.9739130434782609,0.9720081135902637,0.02608695652173909,0.3,0.5,0.0001,0.7,,,,,,,
breast_cancer,sasla,1001,150,6,1570,27621,5.073579509036194,177,184.14,0.5399999999999999,1,150,51150,0.01088901981658906,0.9882697947214076,0.9873703703703702,0.011730205278592365,0.021500960630439103,0.9646017699115044,0.9613013698630137,0.03539823008849563,0.05524630781493531,0.9043478260869565,0.8911827956989247,0.09565217391304348,0.3,0.5,0.0001,0.7,,,,,,,
breast_cancer,sasla,1002,150,132,26341,30156,1.317277639222963,213,201.04,0.5895601173020527,1,150,51150,0.01702542816987473,0.967741935483871,0.9656580453192951,0.032258064516129004,0.01883955817083809,0.9646017699115044,0.9627799736495388,0.03539823008849563,0.022427215826372717,0.9565217391304348,0.9541796159056498,0.04347826086956519,0.3,0.5,0.0001,0.7,,,,,,,
breast_cancer,sasla,1003,150,146,29996,30807,1.0627984947393043,223,205.38,0.6022873900293255,1,150,51150,0.01911233712795315,0.9736070381231672,0.9719871847531423,0.02639296187683282,0.017886412716377358,0.9646017699115044,0.9627799736495388,0.03539823008849563,0.020312563130538728,0.9565217391304348,0.9545418610166811,0.04347826086956519,0.3,0.5,0.0001,0.7,,,,,,,
breast_cancer,sasla,1004,150,145,29870,30960,1.0475239977365056,217,206.4,0.6052785923753666,1,150,51150,0.01407815992192452,0.9882697947214076,0.9873703703703702,0.011730205278592365,0.011232874625649484,0.9823008849557522,0.9808604336043361,0.017699115044247815,0.014747210362188224,0.9739130434782609,0.9720081135902637,0.02608695652173909,0.3,0.5,0.0001,0.7,,,,,,,
breast_cancer,sasla,1000,150,38,6663,23478,2.653888719251469,143,156.52,0.4590029325513197,1,150,51150,0.01211990958045007,0.9824046920821115,0.9809907834101382,0.017595307917888547,0.01315314594960278,0.9823008849557522,0.9808604336043361,0.017699115044247815,0.032164891313904244,0.9391304347826087,0.9325173945846257,0.060869565217391286,0.3,0.9,0.0001,0.7,,,,,,,
breast_cancer,sasla,1001,150,130,21463,24700,5.222662197571751,155,164.66666666666666,0.4828934506353861,1,150,51150,0.010151556410786253,0.9882697947214076,0.9873703703703702,0.011730205278592365,0.017382529853140677,0.9734513274336283,0.9711366538952746,0.026548672566371723,0.05301814991313053,0.9043478260869565,0.8911827956989247,0.09565217391304348,0.3,0.9,0.0001,0.7,,,,,,,
breast_cancer,sasla,1002,150,124,22313,27198,0.6718810989933562,161,181.32,0.5317302052785924,1,150,51150,0.019691370161262628,0.9736070381231672,0.9713351702236959,0.02639296187683282,0.014763032365305108,0.9734513274336283,0.9711366538952746,0.026548672566371723,0.013230259424634117,0.9826086956521739,0.981245923026745,0.017391304347826098,0.3,0.9,0.0001,0.7,,,,,,,
breast_cancer,sasla,1003,150,129,21401,25330,0.5416880535856324,162,168.86666666666667,0.49521016617790814,1,150,51150,0.018412284119560467,0.9706744868035191,0.9680926716071563,0.029325513196480912,0.015022167785345843,0.9646017699115044,0.9613013698630137,0.03539823008849563,0.00997371434679036,0.9826086956521739,0.981245923026745,0.017391304347826098,0.3,0.9,0.0001,0.7,,,,,,,
breast_cancer,sasla,1004,150,101,15987,23745,0.9217546755197364,155,158.3,0.46422287390029326,1,150,51150,0.016580382005631156,0.9765395894428153,0.9745655254717684,0.02346041055718473,0.01128506100881823,0.9734513274336283,0.9711366538952746,0.026548672566371723,0.015283044635593823,0.9652173913043478,0.9620962425840476,0.034782608695652195,0.3,0.9,0.0001,0.7,,,,,,,
breast_cancer,uncertainty,1000,150,150,5100,5100,1.0350798257130893,34,34.0,0.09970674486803519,1,0,0,0.09123827627894222,0.844574780058651,0.8130656488865444,0.15542521994134895,0.08984230045927893,0.8053097345132744,0.755507474429583,0.19469026548672563,0.09443889910917021,0.8173913043478261,0.7748251748251749,0.18260869565217386,0.01,0.0,0.0001,,0.1,0.1,1.05,,,,
breast_cancer,uncertainty,1001,150,150,5100,5100,1.054507123813516,34,34.0,0.09970674486803519,1,0,0,0.09701355264008198,0.8240469208211144,0.7838854149062024,0.17595307917888559,0.09476630137540008,0.8230088495575221,0.7820216049382717,0.17699115044247793,0.10230148236542397,0.8173913043478261,0.7748251748251749,0.18260869565217386,0.01,0.0,0.0001,,0.1,0.1,1.05,,,,
breast_cancer,uncertainty,1002,150,150,7684,7684,0.8947000492609989,102,51.22666666666667,0.15022482893450637,1,2,580,0.07041479786822917,0.9296187683284457,0.9212774143901501,0.0703812316715543,0.0695368405165879,0.9292035398230089,0.920701754385965,0.07079646017699115,0.06300012312140792,0.9739130434782609,0.9717236292107204,0.02608695652173909,0.01,0.0,0.0001,,0.1,0.1,1.05,,,,
breast_cancer,uncertainty,1003,150,150,9690,9690,1.060261284979857,136,64.6,0.18944281524926684,1,3,819,0.050640633293184245,0.9560117302052786,0.9518728653287041,0.04398826979472137,0.05037900058807805,0.9380530973451328,0.9318866787221218,0.06194690265486724,0.05369230292762525,0.9478260869565217,0.9447823303457107,0.05217391304347829,0.01,0.0,0.0001,,0.1,0.1,1.05,,,,
breast_cancer,uncertainty,1004,150,150,6800,6800,0.9161753685418169,102,45.333333333333336,0.1329423264907136,1,2,580,0.06487025689461716,0.9266862170087976,0.9178210281770247,0.07331378299120239,0.0619879898594991,0.9734513274336283,0.9711366538952746,0.026548672566371723,0.059432531517828215,0.9478260869565217,0.9425,0.05217391304347829,0.01,0.0,0.0001,,0.1,0.1,1.05,,,,
breast_cancer,uncertainty,1000,150,150,9962,9962,1.565496997496436,102,66.41333333333333,0.19476050830889538,1,2,580,0.02332690014515841,0.9589442815249267,0.9549962292609351,0.04105571847507328,0.018997780777632135,0.9734513274336283,0.9711366538952746,0.026548672566371723,0.03651819213814467,0.9130434782608695,0.9017429938482571,0.08695652173913049,0.01,0.5,0.0001,,0.1,0.1,1.05,,,,
breast_cancer,uncertainty,1001,150,150,5100,5100,1.3197580943357305,34,34.0,0.09970674486803519,1,0,0,0.048570955540851814,0.9325513196480938,0.9259234772424607,0.06744868035190621,0.04831435632281861,0.9203539823008849,0.9124257297855851,0.07964601769911506,0.06410191172466008,0.8782608695652174,0.8605336105336105,0.12173913043478257,0.01,0.5,0.0001,,0.1,0.1,1.05,,,,
breast_cancer,uncertainty,1002,150,150,11458,11458,0.8323332349279077,102,76.38666666666667,0.22400782013685241,1,2,580,0.031636195788110145,0.9530791788856305,0.9483685366038307,0.04692082111436946,0.029023523462422034,0.9823008849557522,0.9808604336043361,0.017699115044247815,0.026331857181130364,0.9826086956521739,0.981245923026745,0.017391304347826098,0.01,0.5,0.0001,,0.1,0.1,1.05,,,,
breast_cancer,uncertainty,1003,150,149,15436,15606,0.8404280924337155,170,104.04,0.3051026392961877,1,4,1024,0.02329575991028734,0.9618768328445748,0.9584446506744659,0.038123167155425186,0.022821394505902672,0.9734513274336283,0.971438200353863,0.026548672566371723,0.019578411063196615,0.9739130434782609,0.9722691102001446,0.02608695652173909,0.01,0.5,0.0001,,0.1,0.1,1.05,,,,
breast_cancer,uncertainty,1004,150,150,11050,11050,0.7756508359609168,102,73.66666666666667,0.21603128054740958,1,2,580,0.027343747113309974,0.9530791788856305,0.9489482745714499,0.04692082111436946,0.018900729449846717,0.9823008849557522,0.9808604336043361,0.017699115044247815,0.021209200306742785,0.9739130434782609,0.9717236292107204,0.02608695652173909,0.01,0.5,0.0001,,0.1,0.1,1.05,,,,
breast_cancer,uncertainty,1000,150,129,18904,22474,1.904385784673128,170,149.82666666666665,0.43937438905180837,1,4,1024,0.015351286999556213,0.9853372434017595,0.9841861673020025,0.014662756598240456,0.01328102389858125,0.9911504424778761,0.9904794001179543,0.008849557522123908,0.029234772738392246,0.9478260869565217,0.9425,0.05217391304347829,0.01,0.9,0.0001,,0.1,0.1,1.05,,,,
breast_cancer,uncertainty,1001,150,147,6528,6732,3.0961144951774235,68,44.88,0.13161290322580646,1,1,307,0.0126639642168969,0.9882697947214076,0.9874926643192488,0.011730205278592365,0.012679668768229553,0.9911504424778761,0.9904794001179543,0.008849557522123908,0.0392090831783427,0.9391304347826087,0.9325173945846257,0.060869565217391286,0.01,0.9,0.0001,,0.1,0.1,1.05,,,,
breast_cancer,uncertainty,1002,150,80,13940,28220,0.8713868577984438,204,188.13333333333333,0.5517106549364613,1,5,1195,0.01703213618556773,0.9765395894428153,0.9747407407407407,0.02346041055718473,0.017985561416411583,0.9734513274336283,0.971438200353863,0.026548672566371723,0.014841579632337037,0.9739130434782609,0.9720081135902637,0.02608695652173909,0.01,0.9,0.0001,,0.1,0.1,1.05,,,,
breast_cancer,uncertainty,1003,150,139,26044,28288,0.7475233604235263,204,188.58666666666667,0.5530400782013686,1,5,1195,0.017899615847898426,0.9736070381231672,0.9715351011436044,0.02639296187683282,0.01683303366297989,0.9911504424778761,0.9904794001179543,0.008849557522123908,0.013380380988911238,0.9739130434782609,0.9722691102001446,0.02608695652173909,0.01,0.9,0.0001,,0.1,0.1,1.05,,,,
breast_cancer,uncertainty,1004,150,143,22100,23290,0.8185243646304744,170,155.26666666666668,0.4553274682306941,1,4,1024,0.018953579580764726,0.9706744868035191,0.9684259259259258,0.029325513196480912,0.013322628969043905,0.9823008849557522,0.9808604336043361,0.017699115044247815,0.01551396668381858,0.9739130434782609,0.9720081135902637,0.02608695652173909,0.01,0.9,0.0001,,0.1,0.1,1.05,,,,
breast_cancer,uncertainty,1000,150,107,8704,13090,2.0201216451645276,102,87.26666666666667,0.25591397849462366,1,2,580,0.017546537093562166,0.967741935483871,0.9648377813399327,0.032258064516129004,0.016055777935249826,0.9734513274336283,0.9711366538952746,0.026548672566371723,0.03544613938038721,0.9130434782608695,0.9030026990553306,0.08695652173913049,0.05,0.0,0.0001,,0.1,0.1,1.05,,,,
breast_cancer,uncertainty,1001,150,150,5100,5100,1.923534698196408,34,34.0,0.09970674486803519,1,0,0,0.026254797952794843,0.9442815249266863,0.9394853593611358,0.055718475073313734,0.02791201419067652,0.9557522123893806,0.9518944231587909,0.04424778761061943,0.0505020148563369,0.8782608695652174,0.8624401913875598,0.12173913043478257,0.05,0.0,0.0001,,0.1,0.1,1.05,,,,
breast_cancer,uncertainty,1002,150,149,21998,22168,0.8158060689257182,170,147.78666666666666,0.43339198435972626,1,4,1024,0.01917586973528113,0.9706744868035191,0.9682069068397106,0.029325513196480912,0.016345282741826797,0.9911504424778761,0.9904794001179543,0.008849557522123908,0.01564379090697135,0.9826086956521739,0.9814276485788114,0.017391304347826098,0.05,0.0,0.0001,,0.1,0.1,1.05,,,,
breast_cancer,uncertainty,1003,150,149,26486,26690,0.7367589135213509,204,177.93333333333334,0.5217986314760509,1,5,1195,0.019356832097800758,0.9765395894428153,0.9746543778801844,0.02346041055718473,0.0188432179391883,0.9823008849557522,0.9810529845741114,0.017699115044247815,0.014261318585590899,0.9739130434782609,0.9722691102001446,0.02608695652173909,0.05,0.0,0.0001,,0.1,0.1,1.05,,,,
breast_cancer,uncertainty,1004,150,146,20672,21352,0.82643775222588,170,142.34666666666666,0.41743890518084065,1,4,1024,0.0200705130750954,0.9648093841642229,0.9623592611671204,0.035190615835777095,0.013497727358751916,0.9823008849557522,0.9808604336043361,0.017699115044247815,0.016587029711801978,0.9739130434782609,0.9722691102001446,0.02608695652173909,0.05,0.0,0.0001,,0.1,0.1,1.05,,,,
breast_cancer,uncertainty,1000,150,135,22916,25976,1.8020493980404817,204,173.17333333333335,0.507839687194526,1,5,1195,0.01314068306471727,0.9853372434017595,0.9843412774946044,0.014662756598240456,0.013882515673354542,0.9911504424778761,0.9904794001179543,0.008849557522123908,0.02368016000661451,0.9739130434782609,0.9720081135902637,0.02608695652173909,0.05,0.5,0.0001,,0.1,0.1,1.05,,,,
breast_cancer,uncertainty,1001,150,138,5916,6732,3.147146313955214,68,44.88,0.13161290322580646,1,1,307,0.012524205045828317,0.9853372434017595,0.9843900205996795,0.014662756598240456,0.014036528095118524,0.9823008849557522,0.9810529845741114,0.017699115044247815,0.03941550574519788,0.9391304347826087,0.9325173945846257,0.060869565217391286,0.05,0.5,0.0001,,0.1,0.1,1.05,,,,
breast_cancer,uncertainty,1002,150,132,24548,28220,0.6397188254535615,204,188.13333333333333,0.5517106549364613,1,5,1195,0.018880484098093002,0.9765395894428153,0.9745655254717684,0.02346041055718473,0.014023316153276975,0.9823008849557522,0.9808604336043361,0.017699115044247815,0.012078201111226702,0.9826086956521739,0.9814276485788114,0.017391304347826098,0.05,0.5,0.0001,,0.1,0.1,1.05,,,,
breast_cancer,uncertainty,1003,150,143,22610,23800,0.6358030061470967,170,158.66666666666666,0.46529814271749753,1,4,1024,0.018732721824043168,0.9736070381231672,0.9714365489320117,0.02639296187683282,0.01814287947807499,0.9823008849557522,0.9808604336043361,0.017699115044247815,0.01191032084904397,0.991304347826087,0.9907563700667149,0.008695652173912993,0.05,0.5,0.0001,,0.1,0.1,1.05,,,,
breast_cancer,uncertainty,1004,150,75,6664,14314,0.6675454117907113,102,95.42666666666666,0.2798435972629521,1,2,580,0.026045887944273916,0.9589442815249267,0.9551652892561984,0.04105571847507328,0.022643681855323512,0.9646017699115044,0.9613013698630137,0.03539823008849563,0.017386812993215053,0.9652173913043478,0.9620962425840476,0.034782608695652195,0.05,0.5,0.0001,,0.1,0.1,1.05,,,,
breast_cancer,uncertainty,1000,150,32,4420,24480,2.2782525911900353,170,163.2,0.4785923753665689,1,4,1024,0.012929738932126606,0.9882697947214076,0.9873703703703702,0.011730205278592365,0.014311914527765719,0.9911504424778761,0.9904794001179543,0.008849557522123908,0.02945721122552812,0.9478260869565217,0.9425,0.05217391304347829,0.05,0.9,0.0001,,0.1,0.1,1.05,,,,
breast_cancer,uncertainty,1001,150,42,2040,23505,4.3442140273897,341,156.7,0.45953079178885625,1,10,1540,0.009416961001250987,0.9970674486803519,0.9968582142495186,0.0029325513196480912,0.01499037615418775,0.9823008849557522,0.9808604336043361,0.017699115044247815,0.040909294077016295,0.9217391304347826,0.9121466768525592,0.07826086956521738,0.05,0.9,0.0001,,0.1,0.1,1.05,,,,
breast_cancer,uncertainty,1002,150,47,5848,19856,0.7120070630221395,136,132.37333333333333,0.38819159335288367,1,3,819,0.017205721816671963,0.9794721407624634,0.9777839825026757,0.02052785923753664,0.015513384129643717,0.9734513274336283,0.9711366538952746,0.026548672566371723,0.012250595457864553,0.991304347826087,0.9907563700667149,0.008695652173912993,0.05,0.9,0.0001,,0.1,0.1,1.05,,,,
breast_cancer,uncertainty,1003,150,150,17068,17068,0.6878721772998255,170,113.78666666666666,0.3336852394916911,1,4,1024,0.01598479077584722,0.9765395894428153,0.9745655254717684,0.02346041055718473,0.015801831570564914,0.9911504424778761,0.9904794001179543,0.008849557522123908,0.010995492834664193,0.9826086956521739,0.981245923026745,0.017391304347826098,0.05,0.9,0.0001,,0.1,0.1,1.05,,,,
breast_cancer,uncertainty,1004,150,52,6664,19992,1.1930464211103171,136,133.28,0.39085043988269796,1,3,819,0.017716483371126957,0.9706744868035191,0.9680926716071563,0.029325513196480912,0.015677422101403243,0.9734513274336283,0.9711366538952746,0.026548672566371723,0.021136587080583462,0.9565217391304348,0.952357278979203,0.04347826086956519,0.05,0.9,0.0001,,0.1,0.1,1.05,,,,
breast_cancer,uncertainty,1000,150,127,21080,25772,1.9671505572947012,204,171.81333333333333,0.5038514173998045,1,5,1195,0.013157114873363069,0.9882697947214076,0.9874123292727944,0.011730205278592365,0.013394766387946717,0.9911504424778761,0.9904794001179543,0.008849557522123908,0.025882025855526562,0.9652173913043478,0.9620962425840476,0.034782608695652195,0.1,0.0,0.0001,,0.1,0.1,1.05,,,,
breast_cancer,uncertainty,1001,150,134,5610,6698,3.383834181113971,68,44.653333333333336,0.1309481915933529,1,1,307,0.012141361797023601,0.9941348973607038,0.9937265435278535,0.0058651026392961825,0.013796397669506112,0.9823008849557522,0.9808604336043361,0.017699115044247815,0.04108435505403981,0.9217391304347826,0.9121466768525592,0.07826086956521738,0.1,0.0,0.0001,,0.1,0.1,1.05,,,,
breast_cancer,uncertainty,1002,150,147,27608,28220,0.8209792759819249,204,188.13333333333333,0.5517106549364613,1,5,1195,0.018596594052655752,0.9824046920821115,0.9810555555555556,0.017595307917888547,0.01639304446298097,0.9911504424778761,0.9905715477680433,0.008849557522123908,0.01526741832107909,0.9826086956521739,0.9815941101152368,0.017391304347826098,0.1,0.0,0.0001,,0.1,0.1,1.05,,,,
breast_cancer,uncertainty,1003,150,142,22440,23800,0.8877782290720029,170,158.66666666666666,0.46529814271749753,1,4,1024,0.021661948348718867,0.9736070381231672,0.9718142994902879,0.02639296187683282,0.020562547272374814,0.9469026548672567,0.943687707641196,0.053097345132743334,0.01923100614327483,0.9826086956521739,0.9815941101152368,0.017391304347826098,0.1,0.0,0.0001,,0.1,0.1,1.05,,,,
breast_cancer,uncertainty,1004,150,79,7072,14314,0.7484024274225172,102,95.42666666666666,0.2798435972629521,1,2,580,0.023640705315382423,0.9589442815249267,0.9551652892561984,0.04105571847507328,0.01912106528491938,0.9646017699115044,0.9613013698630137,0.03539823008849563,0.01769276124401261,0.9739130434782609,0.9717236292107204,0.02608695652173909,0.1,0.0,0.0001,,0.1,0.1,1.05,,,,
breast_cancer,uncertainty,1000,150,64,9350,23970,1.896660698220517,170,159.8,0.4686217008797654,1,4,1024,0.012279672526318886,0.9912023460410557,0.9905746427485558,0.008797653958944274,0.0135558037193245,0.9911504424778761,0.9904794001179543,0.008849557522123908,0.02329037226768728,0.9739130434782609,0.9717236292107204,0.02608695652173909,0.1,0.5,0.0001,,0.1,0.1,1.05,,,,
breast_cancer,uncertainty,1001,150,73,3094,11907,4.654205112953186,341,79.38,0.23278592375366566,1,10,1540,0.01025857718520499,0.9912023460410557,0.9905436259601963,0.008797653958944274,0.018009401722662074,0.9734513274336283,0.9711366538952746,0.026548672566371723,0.04774552238700596,0.9217391304347826,0.9121466768525592,0.07826086956521738,0.1,0.5,0.0001,,0.1,0.1,1.05,,,,
breast_cancer,uncertainty,1002,150,149,19516,19652,0.5464775956731889,136,131.01333333333332,0.3842033235581622,1,3,819,0.018723157672803643,0.9736070381231672,0.9714365489320117,0.02639296187683282,0.014868060332529666,0.9823008849557522,0.9808604336043361,0.017699115044247815,0.010231786188443753,0.991304347826087,0.9906693711967545,0.008695652173912993,0.1,0.5,0.0001,,0.1,0.1,1.05,,,,
breast_cancer,uncertainty,1003,150,134,21726,24446,0.7138033886370924,170,162.97333333333333,0.4779276637341153,1,4,1024,0.018828615336957292,0.9765395894428153,0.9745655254717684,0.02346041055718473,0.015390240702964707,0.9823008849557522,0.9808604336043361,0.017699115044247815,0.013439929430864445,0.9826086956521739,0.9814276485788114,0.017391304347826098,0.1,0.5,0.0001,,0.1,0.1,1.05,,,,
breast_cancer,uncertainty,1004,150,124,14450,17986,1.0266651328420526,136,119.90666666666667,0.35163245356793743,1,3,819,0.016671215136858698,0.9853372434017595,0.9842393766003272,0.014662756598240456,0.013543419127548246,0.9734513274336283,0.9711366538952746,0.026548672566371723,0.017115755303121472,0.9739130434782609,0.9720081135902637,0.02608695652173909,0.1,0.5,0.0001,,0.1,0.1,1.05,,,,
breast_cancer,uncertainty,1000,150,130,17102,19822,2.295217679984049,136,132.14666666666668,0.38752688172043015,1,3,819,0.010995885521813971,0.9941348973607038,0.9937061646363972,0.0058651026392961825,0.013679856209773168,0.9823008849557522,0.9810529845741114,0.017699115044247815,0.02523795085674806,0.9565217391304348,0.952357278979203,0.04347826086956519,0.1,0.9,0.0001,,0.1,0.1,1.05,,,,
breast_cancer,uncertainty,1001,150,24,1088,27837,4.525998751955618,341,185.58,0.5442228739002933,1,10,1540,0.010808669479139832,0.9882697947214076,0.9873703703703702,0.011730205278592365,0.017056065776292307,0.9734513274336283,0.9711366538952746,0.026548672566371723,0.04892002457288766,0.9043478260869565,0.8911827956989247,0.09565217391304348,0.1,0.9,0.0001,,0.1,0.1,1.05,,,,
breast_cancer,uncertainty,1002,150,138,13600,14824,0.6889362585202785,102,98.82666666666667,0.2898142717497556,1,2,580,0.01876161593595799,0.9736070381231672,0.9714365489320117,0.02639296187683282,0.013069657787243514,0.9911504424778761,0.9904794001179543,0.008849557522123908,0.012925557486713332,0.991304347826087,0.9906693711967545,0.008695652173912993,0.1,0.9,0.0001,,0.1,0.1,1.05,,,,
breast_cancer,uncertainty,1003,150,139,14008,15130,0.5587788368492208,102,100.86666666666666,0.2957966764418377,1,2,580,0.0177158454362729,0.9765395894428153,0.9745655254717684,0.02346041055718473,0.01723073837033703,0.9646017699115044,0.9613013698630137,0.03539823008849563,0.009899239506681147,0.9826086956521739,0.981245923026745,0.017391304347826098,0.1,0.9,0.0001,,0.1,0.1,1.05,,,,
breast_cancer,uncertainty,1004,150,78,5168,10064,1.403325342289852,68,67.09333333333333,0.1967546432062561,1,1,307,0.02544457368297647,0.9589442815249267,0.9564892453518046,0.04105571847507328,0.025132655141666054,0.9380530973451328,0.9351267120478963,0.06194690265486724,0.03570701507308231,0.9391304347826087,0.9358514622679098,0.060869565217391286,0.1,0.9,0.0001,,0.1,0.1,1.05,,,,
breast_cancer,uncertainty,1000,150,23,1802,14756,1.8697035875788168,102,98.37333333333333,0.2884848484848485,1,2,580,0.016914132990140947,0.9736070381231672,0.9713351702236959,0.02639296187683282,0.015274283716741648,0.9823008849557522,0.9808604336043361,0.017699115044247815,0.03162441513245175,0.9478260869565217,0.9425,0.05217391304347829,0.3,0.0,0.0001,,0.1,0.1,1.05,,,,
breast_cancer,uncertainty,1001,150,49,2006,21051,4.1979811775832205,341,140.34,0.4115542521994135,1,10,1540,0.009664670754019592,0.9970674486803519,0.9968582142495186,0.0029325513196480912,0.01609638421882387,0.9823008849557522,0.9808604336043361,0.017699115044247815,0.04057210591291328,0.9217391304347826,0.9121466768525592,0.07826086956521738,0.3,0.0,0.0001,,0.1,0.1,1.05,,,,
breast_cancer,uncertainty,1002,150,148,19414,19686,1.3005059075927432,136,131.24,0.38486803519061585,1,3,819,0.02091834570456322,0.9618768328445748,0.9592873214859714,0.038123167155425186,0.025907034764092906,0.9469026548672567,0.9441699604743083,0.053097345132743334,0.027204432165851753,0.9565217391304348,0.9541796159056498,0.04347826086956519,0.3,0.0,0.0001,,0.1,0.1,1.05,,,,
breast_cancer,uncertainty,1003,150,143,20366,21556,0.8529081735905991,170,143.70666666666668,0.4214271749755621,1,4,1024,0.017338401291293423,0.9794721407624634,0.9779351272404581,0.02052785923753664,0.01568732114815285,0.9823008849557522,0.9810529845741114,0.017699115044247815,0.014788064178337959,0.9739130434782609,0.9722691102001446,0.02608695652173909,0.3,0.0,0.0001,,0.1,0.1,1.05,,,,
breast_cancer,uncertainty,1004,150,57,3740,10064,1.2860571057674004,68,67.09333333333333,0.1967546432062561,1,1,307,0.03637481619590092,0.9325513196480938,0.9295840403659512,0.06744868035190621,0.0274710143912083,0.9557522123893806,0.9532787563053005,0.04424778761061943,0.0467800908397215,0.9217391304347826,0.9187661878973392,0.07826086956521738,0.3,0.0,0.0001,,0.1,0.1,1.05,,,,
breast_cancer,uncertainty,1000,150,28,2414,14858,2.020083814061753,102,99.05333333333333,0.2904789833822092,1,2,580,0.02043571931006527,0.967741935483871,0.9648377813399327,0.032258064516129004,0.017144797133985548,0.9823008849557522,0.9808604336043361,0.017699115044247815,0.04128186580697207,0.9304347826086956,0.9224021592442645,0.06956521739130439,0.3,0.5,0.0001,,0.1,0.1,1.05,,,,
breast_cancer,uncertainty,1001,150,36,1734,25144,4.607623412819485,341,167.62666666666667,0.4915738025415445,1,10,1540,0.009397678456003073,0.9970674486803519,0.9968582142495186,0.0029325513196480912,0.014613951618142884,0.9823008849557522,0.9808604336043361,0.017699115044247815,0.043300963280029026,0.9130434782608695,0.9017429938482571,0.08695652173913049,0.3,0.5,0.0001,,0.1,0.1,1.05,,,,
breast_cancer,uncertainty,1002,150,147,19482,19890,0.9780480009585029,136,132.6,0.38885630498533724,1,3,819,0.01647263708522518,0.9736070381231672,0.9714365489320117,0.02639296187683282,0.01621511012274251,0.9734513274336283,0.9711366538952746,0.026548672566371723,0.016111029771719385,0.9826086956521739,0.981245923026745,0.017391304347826098,0.3,0.5,0.0001,,0.1,0.1,1.05,,,,
breast_cancer,uncertainty,1003,150,135,22474,25024,0.6463578067313447,170,166.82666666666665,0.489227761485826,1,4,1024,0.016247304557500505,0.9765395894428153,0.9745655254717684,0.02346041055718473,0.015338738647128081,0.9823008849557522,0.9808604336043361,0.017699115044247815,0.010501572139082207,1.0,1.0,0.0,0.3,0.5,0.0001,,0.1,0.1,1.05,,,,
breast_cancer,uncertainty,1004,150,101,11322,17986,1.0756621609723553,136,119.90666666666667,0.35163245356793743,1,3,819,0.015539590185540918,0.9794721407624634,0.9780074997466301,0.02052785923753664,0.012055533943394443,0.9823008849557522,0.9808604336043361,0.017699115044247815,0.016715349159603748,0.9739130434782609,0.9722691102001446,0.02608695652173909,0.3,0.5,0.0001,,0.1,0.1,1.05,,,,
breast_cancer,uncertainty,1000,150,138,17884,19516,1.499695075906779,136,130.10666666666665,0.381544477028348,1,3,819,0.017620982782488234,0.9736070381231672,0.9719871847531423,0.02639296187683282,0.017027684840170056,0.9734513274336283,0.9717146433041302,0.026548672566371723,0.02642610111153574,0.9652173913043478,0.9628552971576227,0.034782608695652195,0.3,0.9,0.0001,,0.1,0.1,1.05,,,,
breast_cancer,uncertainty,1001,150,132,35242,41380,2.9324480788986116,341,275.8666666666667,0.8089931573802541,1,10,1540,0.010239859164496956,0.9794721407624634,0.9782122548079994,0.02052785923753664,0.012631887812393822,0.9734513274336283,0.9717146433041302,0.026548672566371723,0.030027855335121444,0.9565217391304348,0.952357278979203,0.04347826086956519,0.3,0.9,0.0001,,0.1,0.1,1.05,,,,
breast_cancer,uncertainty,1002,150,95,17952,29172,0.6632322784691289,204,194.48,0.5703225806451613,1,5,1195,0.0365185778879518,0.9237536656891495,0.9143480949068707,0.07624633431085048,0.03254625258271994,0.9292035398230089,0.920701754385965,0.07079646017699115,0.024220299619078622,0.9565217391304348,0.952357278979203,0.04347826086956519,0.3,0.9,0.0001,,0.1,0.1,1.05,,,,
breast_cancer,uncertainty,1003,150,148,9860,9996,1.0300523402868116,68,66.64,0.19542521994134898,1,1,307,0.024669943701937553,0.9560117302052786,0.9531700617990387,0.04398826979472137,0.014701873939720224,0.9823008849557522,0.9812292358803987,0.017699115044247815,0.025411333244924665,0.9565217391304348,0.9545418610166811,0.04347826086956519,0.3,0.9,0.0001,,0.1,0.1,1.05,,,,
breast_cancer,uncertainty,1004,150,97,12648,21114,0.9567245983609893,170,140.76,0.4127859237536657,1,4,1024,0.01727329570558957,0.967741935483871,0.9655508104881296,0.032258064516129004,0.01054929424598377,0.9911504424778761,0.9905715477680433,0.008849557522123908,0.016525786896300784,0.9739130434782609,0.9722691102001446,0.02608695652173909,0.3,0.9,0.0001,,0.1,0.1,1.05,,,,
optdigits,sasla,1000,60,60,198267,198267,1.0827306038757984,3209,3304.45,0.9799673784104389,1,60,202320,0.008566778242675195,0.9712336892052195,0.9711967972327418,0.028766310794780536,0.009428046663802992,0.9617437722419929,0.9617986613536813,0.03825622775800708,0.009275512979961766,0.9626334519572953,0.9626013304114057,0.03736654804270467,0.01,0.0,1e-06,0.5,,,,,,,
optdigits,sasla,1001,60,60,198286,198286,1.0782390188587598,3234,3304.766666666667,0.9800612890470543,1,60,202320,0.008582412906035626,0.970344009489917,0.9703362668787718,0.029655990510083052,0.009262946726868835,0.9626334519572953,0.9625885728150742,0.03736654804270467,0.00925389247124461,0.9661921708185054,0.9660588295470196,0.03380782918149461,0.01,0.0,1e-06,0.5,,,,,,,
optdigits,sasla,1002,60,60,198185,198185,1.1324966133381786,3217,3303.0833333333335,0.9795620798734678,1,60,202320,0.008543788638291307,0.9733096085409253,0.9733259245856655,0.026690391459074703,0.008818114422593374,0.9688612099644128,0.9686828558068081,0.03113879003558717,0.009675811697942113,0.9608540925266904,0.9608750528795887,0.039145907473309594,0.01,0.0,1e-06,0.5,,,,,,,
optdigits,sasla,1000,60,60,194008,194008,1.1303192747038748,3113,3233.4666666666667,0.958916567813365,1,60,202320,0.006549804627842857,0.9798339264531435,0.97983223342805,0.02016607354685651,0.0074901745094329494,0.9768683274021353,0.9769474902540474,0.02313167259786475,0.00740337041639542,0.9697508896797153,0.9697824744364218,0.030249110320284656,0.01,0.5,1e-06,0.5,,,,,,,
optdigits,sasla,1001,60,59,190736,193846,1.0970628129792943,3080,3230.766666666667,0.9581158560695928,1,60,202320,0.006328832085534555,0.9798339264531435,0.9798738155837767,0.02016607354685651,0.007245243489569028,0.9724199288256228,0.9724718989479667,0.02758007117437722,0.006943126330630152,0.9733096085409253,0.9732972363275559,0.026690391459074703,0.01,0.5,1e-06,0.5,,,,,,,
optdigits,sasla,1002,60,60,194068,194068,1.193720268451948,3143,3234.4666666666667,0.9592131277184658,1,60,202320,0.006415334027850004,0.982502965599051,0.9825510120117901,0.017497034400948963,0.00687186405523406,0.9768683274021353,0.9768798896735564,0.02313167259786475,0.007658114257934023,0.9688612099644128,0.9689021068577081,0.03113879003558717,0.01,0.5,1e-06,0.5,,,,,,,
optdigits,sasla,1000,60,59,179144,182113,1.7435078023565804,2921,3035.2166666666667,0.9001235666271253,1,60,202320,0.0019462601165098326,0.998220640569395,0.9982290365929659,0.001779359430605032,0.00311852389480066,0.9911032028469751,0.9911173885805653,0.008896797153024938,0.0033933196985503206,0.9839857651245552,0.9840238653146784,0.016014234875444844,0.01,0.9,1e-06,0.5,,,,,,,
optdigits,sasla,1001,60,58,173429,179066,1.6598730583715051,2810,2984.4333333333334,0.8850632661130882,1,60,202320,0.0019101361898241828,0.9988137603795967,0.998815110865164,0.0011862396204033177,0.0033914216530274957,0.9822064056939501,0.9822429654687319,0.017793594306049876,0.00317058359930956,0.9884341637010676,0.9884816335752866,0.011565836298932375,0.01,0.9,1e-06,0.5,,,,,,,
optdigits,sasla,1002,60,59,175703,178547,1.8234421931327998,2910,2975.7833333333333,0.882498022933966,1,60,202320,0.0019612303655948877,0.9985172004744959,0.9985248934326634,0.0014827995255041193,0.003203704830666736,0.9839857651245552,0.983958946721382,0.016014234875444844,0.0035761901990789846,0.9830960854092526,0.9831359865236298,0.01690391459074736,0.01,0.9,1e-06,0.5,,,,,,,
optdigits,sasla,1000,60,60,187116,187116,1.3062158066648675,2995,3118.6,0.9248517200474495,1,60,202320,0.003440699012794948,0.9925860023724793,0.9925986917556882,0.007413997627520708,0.004354514631601557,0.9866548042704626,0.9867215374790101,0.013345195729537407,0.004494295436488966,0.9777580071174378,0.9777761424344596,0.022241992882562234,0.05,0.0,1e-06,0.5,,,,,,,
optdigits,sasla,1001,60,60,186559,186559,1.284598258196572,2961,3109.3166666666666,0.9220986555950968,1,60,202320,0.0033390070912630134,0.9931791221826809,0.9931910787601701,0.006820877817319104,0.004443478234779024,0.9822064056939501,0.9822705228647297,0.017793594306049876,0.004289282693542469,0.9830960854092526,0.9831452833265317,0.01690391459074736,0.05,0.0,1e-06,0.5,,,,,,,
optdigits,sasla,1002,60,60,186151,186151,1.4412844463424275,2940,3102.516666666667,0.9200820482404113,1,60,202320,0.003360763439306208,0.9943653618030842,0.9943711489283571,0.005634638196915787,0.004265909042651174,0.9822064056939501,0.9821483673553233,0.017793594306049876,0.00484381607290832,0.9786476868327402,0.9787029066340281,0.02135231316725983,0.05,0.0,1e-06,0.5,,,,,,,
optdigits,sasla,1000,60,60,182212,182212,1.7130450855580495,2953,3036.866666666667,0.9006128904705417,1,60,202320,0.0019548882205748285,0.998220640569395,0.998231249348812,0.001779359430605032,0.003110400403315775,0.9902135231316725,0.9902320086447816,0.009786476868327454,0.00334881165907103,0.9848754448398577,0.9848896661804792,0.015124555160142328,0.05,0.5,1e-06,0.5,,,,,,,
optdigits,sasla,1001,60,60,178259,178259,1.680256072171012,2785,2970.983333333333,0.881074535389482,1,60,202320,0.0018526616693429142,0.9988137603795967,0.9988151314057921,0.0011862396204033177,0.0032809064927844535,0.9839857651245552,0.9840425413052387,0.016014234875444844,0.0031129460195919154,0.9884341637010676,0.9884818320408983,0.011565836298932375,0.05,0.5,1e-06,0.5,,,,,,,
optdigits,sasla,1002,60,59,175791,178644,1.833681941432703,2824,2977.4,0.8829774614472123,1,60,202320,0.0019057783110000856,0.9988137603795967,0.9988220788031548,0.0011862396204033177,0.003205508744189498,0.9813167259786477,0.9812608303057079,0.01868327402135228,0.0034945912732549747,0.9822064056939501,0.9822474209483347,0.017793594306049876,0.05,0.5,1e-06,0.5,,,,,,,
optdigits,sasla,1000,60,56,147168,157583,3.4310778823784527,2596,2626.383333333333,0.7788799920917359,1,60,202320,0.0007258612906068579,1.0,1.0,0.0,0.0023409129838441755,0.9875444839857651,0.9875202617861669,0.01245551601423489,0.0024904866198758686,0.9875444839857651,0.9876252258510207,0.01245551601423489,0.05,0.9,1e-06,0.5,,,,,,,
optdigits,sasla,1001,60,54,140546,155867,3.293129047766553,2494,2597.7833333333333,0.7703983788058522,1,60,202320,0.0006771315057295197,1.0,1.0,0.0,0.002387529955417544,0.9839857651245552,0.9839807561028188,0.016014234875444844,0.0022298814306757854,0.9902135231316725,0.9902211014899326,0.009786476868327454,0.05,0.9,1e-06,0.5,,,,,,,
optdigits,sasla,1002,60,59,153692,156233,3.8448152957340493,2560,2603.883333333333,0.7722073942269672,1,60,202320,0.000675688910442159,1.0,1.0,0.0,0.0024038695372875746,0.9857651245551602,0.9857763567424256,0.014234875444839812,0.002597899058025887,0.9857651245551602,0.9858288273631743,0.014234875444839812,0.05,0.9,1e-06,0.5,,,,,,,
optdigits,sasla,1000,60,60,182437,182437,1.7527256958321038,2953,3040.616666666667,0.9017249901146699,1,60,202320,0.0019274335573161152,0.9988137603795967,0.998822119843987,0.0011862396204033177,0.003096437715970379,0.9902135231316725,0.9902320086447816,0.009786476868327454,0.003378262322917035,0.9857651245551602,0.9857752632691209,0.014234875444839812,0.1,0.0,1e-06,0.5,,,,,,,
optdigits,sasla,1001,60,58,173229,178817,1.6828553570892988,2736,2980.2833333333333,0.8838325425069197,1,60,202320,0.0018975717103262445,0.9994068801897983,0.9994100089629907,0.0005931198102017143,0.0033095608284152756,0.9839857651245552,0.9840197925752687,0.016014234875444844,0.0031933387181836237,0.9893238434163701,0.9893397218705464,0.010676156583629859,0.1,0.0,1e-06,0.5,,,,,,,
optdigits,sasla,1002,60,60,178577,178577,1.860464669537562,2863,2976.2833333333333,0.8826463028865164,1,60,202320,0.0019058089835380203,0.9991103202846975,0.9991188931422339,0.000889679715302516,0.0031731550376336956,0.9830960854092526,0.9830836674085519,0.01690391459074736,0.00354569028075978,0.9822064056939501,0.9822474209483347,0.017793594306049876,0.1,0.0,1e-06,0.5,,,,,,,
optdigits,sasla,1000,60,60,174138,174138,2.2703663055908754,2843,2902.3,0.86070581257414,1,60,202320,0.001233391347355457,1.0,1.0,0.0,0.0026857553069605817,0.9884341637010676,0.9884280403726734,0.011565836298932375,0.0028002501566431613,0.9866548042704626,0.9866763650527016,0.013345195729537407,0.1,0.5,1e-06,0.5,,,,,,,
optdigits,sasla,1001,60,60,172400,172400,2.17309049875002,2781,2873.3333333333335,0.852115460656386,1,60,202320,0.0011599612041666577,1.0,1.0,0.0,0.0025898885031500783,0.9866548042704626,0.9866526562387694,0.013345195729537407,0.002520700671693196,0.9911032028469751,0.9911297276197668,0.008896797153024938,0.1,0.5,1e-06,0.5,,,,,,,
optdigits,sasla,1002,60,60,171250,171250,2.4741524518463676,2750,2854.1666666666665,0.8464313958086199,1,60,202320,0.0011756311779823599,1.0,1.0,0.0,0.0025971474705362937,0.9866548042704626,0.9866558396609362,0.013345195729537407,0.002908690761472089,0.9848754448398577,0.9849628750736908,0.015124555160142328,0.1,0.5,1e-06,0.5,,,,,,,
optdigits,sasla,1000,60,48,115243,143697,4.393247656637324,2418,2394.95,0.7102461447212336,1,60,202320,0.0005259764403048081,1.0,1.0,0.0,0.002345741258344401,0.9875444839857651,0.9875081841773149,0.01245551601423489,0.002310744763815539,0.9857651245551602,0.9857946601331127,0.014234875444839812,0.1,0.9,1e-06,0.5,,,,,,,
optdigits,sasla,1001,60,48,116705,144849,4.421161810384867,2326,2414.15,0.7159400948991697,1,60,202320,0.0005051184553205404,1.0,1.0,0.0,0.0023881214207769506,0.9848754448398577,0.9848670797884376,0.015124555160142328,0.0022332104243837684,0.9884341637010676,0.9884353287671438,0.011565836298932375,0.1,0.9,1e-06,0.5,,,,,,,
optdigits,sasla,1002,60,50,121024,144762,5.251190794675768,2348,2412.7,0.7155100830367733,1,60,202320,0.0004656829543563461,1.0,1.0,0.0,0.002346179565984386,0.9848754448398577,0.9848939973629636,0.015124555160142328,0.0024453900431534604,0.9839857651245552,0.9840671857485491,0.016014234875444844,0.1,0.9,1e-06,0.5,,,,,,,
optdigits,sasla,1000,60,55,151291,164652,2.838438204401859,2676,2744.2,0.8138196915776986,1,60,202320,0.0009656149480185658,0.9997034400948992,0.9997049627613397,0.00029655990510080166,0.0025188355264904147,0.9884341637010676,0.9884347637126313,0.011565836298932375,0.0027408383591974125,0.9866548042704626,0.986700334640803,0.013345195729537407,0.3,0.0,1e-06,0.5,,,,,,,
optdigits,sasla,1001,60,59,162756,165444,2.7517643865606813,2639,2757.4,0.8177342823250296,1,60,202320,0.0008533653619888297,1.0,1.0,0.0,0.002403949416962073,0.9866548042704626,0.9866789752753503,0.013345195729537407,0.0023482604118453257,0.9893238434163701,0.989344064897874,0.010676156583629859,0.3,0.0,1e-06,0.5,,,,,,,
optdigits,sasla,1002,60,60,165163,165163,2.893344105631025,2656,2752.7166666666667,0.8163453934361408,1,60,202320,0.0009376061855315386,1.0,1.0,0.0,0.002537345583317496,0.9848754448398577,0.9848919622103945,0.015124555160142328,0.0027128173303108665,0.9857651245551602,0.9858116810545277,0.014234875444839812,0.3,0.0,1e-06,0.5,,,,,,,
optdigits,sasla,1000,60,59,154154,156747,3.726167494123163,2563,2612.45,0.7747479240806643,1,60,202320,0.0006654603000657459,1.0,1.0,0.0,0.0022884247944157743,0.9848754448398577,0.9848630693673235,0.015124555160142328,0.0024796165387344286,0.9848754448398577,0.984877691248899,0.015124555160142328,0.3,0.5,1e-06,0.5,,,,,,,
optdigits,sasla,1001,60,52,133942,153968,3.560521935631942,2513,2566.133333333333,0.7610122578094108,1,60,202320,0.0006057457361008722,1.0,1.0,0.0,0.002312196546980671,0.9866548042704626,0.986640637246498,0.013345195729537407,0.002156770980802673,0.9911032028469751,0.9911404224816851,0.008896797153024938,0.3,0.5,1e-06,0.5,,,,,,,
optdigits,sasla,1002,60,60,151615,151615,4.027785186427356,2467,2526.9166666666665,0.7493821668643732,1,60,202320,0.0006160063641607927,1.0,1.0,0.0,0.002343360711112647,0.9857651245551602,0.9857705459351953,0.014234875444839812,0.002481141308311816,0.9848754448398577,0.9849226560410831,0.015124555160142328,0.3,0.5,1e-06,0.5,,,,,,,
optdigits,sasla,1000,60,41,84376,123683,7.84151612902578,2050,2061.383333333333,0.6113236457097667,1,60,202320,0.0003509798200134519,1.0,1.0,0.0,0.0024506780102872684,0.9875444839857651,0.987507916394326,0.01245551601423489,0.002752213919598048,0.9759786476868327,0.97617480116349,0.024021352313167266,0.3,0.9,1e-06,0.5,,,,,,,
optdigits,sasla,1001,60,34,68679,120609,3.798305769145294,1912,2010.15,0.5961298932384342,1,60,202320,0.0007169926979593754,0.9994068801897983,0.9994086087353988,0.0005931198102017143,0.0029754896413295407,0.9813167259786477,0.981306137326954,0.01868327402135228,0.002723357501094145,0.9839857651245552,0.9840802887062841,0.016014234875444844,0.3,0.9,1e-06,0.5,,,,,,,
optdigits,sasla,1002,60,56,120161,128694,7.322818816469068,2237,2144.9,0.6360913404507711,1,60,202320,0.0003461958531248629,1.0,1.0,0.0,0.00247479603490787,0.9848754448398577,0.984869601790526,0.015124555160142328,0.0025351295074463077,0.9813167259786477,0.9814020459899592,0.01868327402135228,0.3,0.9,1e-06,0.5,,,,,,,
optdigits,uncertainty,1000,60,60,20220,20220,0.9918925055845956,337,337.0,0.09994068801897983,1,0,0,0.023558733889650407,0.8970937129300118,0.893610053109229,0.10290628706998817,0.02383837876481373,0.8896797153024911,0.8857199471394885,0.11032028469750887,0.02336773158620607,0.8905693950177936,0.8854476120835212,0.10943060498220636,0.01,0.0,1e-06,,0.1,0.05,1.3,,,,
optdigits,uncertainty,1001,60,60,20220,20220,1.0129015725788073,337,337.0,0.09994068801897983,1,0,0,0.02311051862798668,0.9083629893238434,0.9071509656926391,0.0916370106761566,0.02249615727126931,0.9110320284697508,0.9099683111185554,0.08896797153024916,0.02340868066139953,0.9012455516014235,0.8988072370388986,0.0987544483985765,0.01,0.0,1e-06,,0.1,0.05,1.3,,,,
optdigits,uncertainty,1002,60,60,20220,20220,1.0139118034726657,337,337.0,0.09994068801897983,1,0,0,0.023192458312093028,0.8973902728351127,0.8953636887290812,0.10260972716488725,0.02254993855298192,0.9039145907473309,0.9023477211664241,0.09608540925266906,0.02351510723417886,0.891459074733096,0.8904745335341444,0.10854092526690395,0.01,0.0,1e-06,,0.1,0.05,1.3,,,,
optdigits,uncertainty,1000,60,60,20220,20220,0.9980019377935004,337,337.0,0.09994068801897983,1,0,0,0.014704588966598715,0.9350533807829181,0.9351414121634797,0.06494661921708189,0.015120636139242362,0.9288256227758007,0.9289988248907821,0.07117437722419928,0.014675208283122444,0.9323843416370107,0.9321973634525621,0.06761565836298933,0.01,0.5,1e-06,,0.1,0.05,1.3,,,,
optdigits,uncertainty,1001,60,60,20220,20220,1.0443941317705567,337,337.0,0.09994068801897983,1,0,0,0.014363961627210401,0.9341637010676157,0.9339771693526331,0.0658362989323843,0.014045555224744478,0.9350533807829181,0.9347390367637747,0.06494661921708189,0.015001637232436001,0.9279359430604982,0.9272460037837427,0.0720640569395018,0.01,0.5,1e-06,,0.1,0.05,1.3,,,,
optdigits,uncertainty,1002,60,60,20220,20220,1.0572946074796472,337,337.0,0.09994068801897983,1,0,0,0.014657508266851004,0.9306049822064056,0.9301863548694961,0.06939501779359436,0.014177571461526359,0.9386120996441281,0.9383586812595489,0.06138790035587194,0.015497304449629918,0.9083629893238434,0.9079395181174583,0.0916370106761566,0.01,0.5,1e-06,,0.1,0.05,1.3,,,,
optdigits,uncertainty,1000,60,56,23604,25628,1.0808210020621563,506,427.1333333333333,0.12667062079873467,1,1,3035,0.009175537544946561,0.9673784104389087,0.967495858926509,0.03262158956109129,0.00988819973773781,0.9564056939501779,0.9566416496704478,0.04359430604982206,0.009917113683788078,0.9537366548042705,0.9540082786462714,0.0462633451957295,0.01,0.9,1e-06,,0.1,0.05,1.3,,,,
optdigits,uncertainty,1001,60,59,27826,28501,1.0521919814066885,675,475.01666666666665,0.14087089758797944,1,2,5901,0.008578778151767956,0.9744958481613286,0.974659366188172,0.025504151838671385,0.009505871127700455,0.9617437722419929,0.9621166435993673,0.03825622775800708,0.009026521581557135,0.9688612099644128,0.9691912133128067,0.03113879003558717,0.01,0.9,1e-06,,0.1,0.05,1.3,,,,
optdigits,uncertainty,1002,60,56,24449,26473,1.1773969479455755,506,441.21666666666664,0.13084717279557137,1,1,3035,0.009185587949183765,0.9724199288256228,0.9725789423531694,0.02758007117437722,0.009396820685232881,0.9626334519572953,0.9628359294709783,0.03736654804270467,0.010815083216454623,0.951067615658363,0.9513690935352983,0.04893238434163705,0.01,0.9,1e-06,,0.1,0.05,1.3,,,,
optdigits,uncertainty,1000,60,60,21572,21572,1.0350194514481252,506,359.53333333333336,0.10662317121391855,1,1,3035,0.011212179316099379,0.9593712930011863,0.9594079050266611,0.04062870699881371,0.011566691255105248,0.951067615658363,0.9511432092535038,0.04893238434163705,0.011604823685287194,0.952846975088968,0.9528457077033018,0.047153024911032015,0.05,0.0,1e-06,,0.1,0.05,1.3,,,,
optdigits,uncertainty,1001,60,60,23938,23938,1.0285080822485118,506,398.96666666666664,0.11831751680506128,1,1,3035,0.010605858771811031,0.963226571767497,0.9632492191873933,0.03677342823250296,0.011210867007735123,0.949288256227758,0.9492650883844946,0.05071174377224197,0.01090821146599392,0.9617437722419929,0.9617573741719021,0.03825622775800708,0.05,0.0,1e-06,,0.1,0.05,1.3,,,,
optdigits,uncertainty,1002,60,60,22417,22417,1.1075458859013725,506,373.6166666666667,0.11079972321075524,1,1,3035,0.0109322175313019,0.961447212336892,0.9616120934934866,0.03855278766310799,0.01106772771954071,0.9546263345195729,0.9546421661537113,0.045373665480427094,0.012107932550572277,0.9395017793594306,0.9399160191005898,0.06049822064056942,0.05,0.0,1e-06,,0.1,0.05,1.3,,,,
optdigits,uncertainty,1000,60,60,25628,25628,1.0753231958317624,506,427.1333333333333,0.12667062079873467,1,1,3035,0.008915081135139315,0.9733096085409253,0.9733969494758854,0.026690391459074703,0.009724881419088567,0.9599644128113879,0.9601144283365894,0.04003558718861211,0.009586593537337464,0.9590747330960854,0.9592808353798568,0.040925266903914626,0.05,0.5,1e-06,,0.1,0.05,1.3,,,,
optdigits,uncertainty,1001,60,57,26307,28332,1.0270064418891762,675,472.2,0.1400355871886121,1,2,5901,0.008435123212580315,0.9765717674970344,0.9766679339857998,0.02342823250296555,0.009295392974700627,0.9644128113879004,0.9645595672749863,0.03558718861209964,0.008662925877448907,0.9759786476868327,0.9760197718959553,0.024021352313167266,0.05,0.5,1e-06,,0.1,0.05,1.3,,,,
optdigits,uncertainty,1002,60,60,26473,26473,1.175986765118323,506,441.21666666666664,0.13084717279557137,1,1,3035,0.00887760708683079,0.9756820877817319,0.9757788912072893,0.024317912218268067,0.009130028815359131,0.9679715302491103,0.9679519723945335,0.03202846975088969,0.010439948440033639,0.9555160142348754,0.9557392778039215,0.04448398576512458,0.05,0.5,1e-06,,0.1,0.05,1.3,,,,
optdigits,uncertainty,1000,60,58,97857,104601,2.8125922462224144,3372,1743.35,0.5170077105575326,1,18,28773,0.0009301513688578841,0.9997034400948992,0.9997023750207606,0.00029655990510080166,0.0022583412827156288,0.9884341637010676,0.9884040261112427,0.011565836298932375,0.0026161365278628496,0.9848754448398577,0.9850300717354885,0.015124555160142328,0.05,0.9,1e-06,,0.1,0.05,1.3,,,,
optdigits,uncertainty,1001,60,58,94146,100890,2.4034798668455606,3372,1681.5,0.4986654804270463,1,18,28773,0.001003576256289514,1.0,1.0,0.0,0.002560090542371779,0.9857651245551602,0.9858014529936965,0.014234875444839812,0.0024120753268360873,0.9902135231316725,0.9902367843292378,0.009786476868327454,0.05,0.9,1e-06,,0.1,0.05,1.3,,,,
optdigits,uncertainty,1002,60,59,105109,108481,2.9309995028312703,3372,1808.0166666666667,0.5361852510873863,1,18,28773,0.0009440205987931995,1.0,1.0,0.0,0.002597048518016622,0.9848754448398577,0.9848773837216254,0.015124555160142328,0.002766923905725346,0.9839857651245552,0.9840596140774052,0.016014234875444844,0.05,0.9,1e-06,,0.1,0.05,1.3,,,,
optdigits,uncertainty,1000,60,60,25628,25628,1.0750225626487218,506,427.1333333333333,0.12667062079873467,1,1,3035,0.008859314453533164,0.9739027283511269,0.9740099849207862,0.0260972716488731,0.009668817777189686,0.9590747330960854,0.959251226860314,0.040925266903914626,0.009523962927148083,0.9590747330960854,0.959267886255601,0.040925266903914626,0.1,0.0,1e-06,,0.1,0.05,1.3,,,,
optdigits,uncertainty,1001,60,57,26307,28332,1.0306240240438702,675,472.2,0.1400355871886121,1,2,5901,0.008998938288637185,0.9709371293001187,0.9711303331340486,0.029062870699881338,0.009877147831481432,0.9608540925266904,0.9611035422151895,0.039145907473309594,0.009274521991157714,0.9653024911032029,0.9655023069797523,0.034697508896797125,0.1,0.0,1e-06,,0.1,0.05,1.3,,,,
optdigits,uncertainty,1002,60,60,26473,26473,1.170733972728554,506,441.21666666666664,0.13084717279557137,1,1,3035,0.008835284778246619,0.9750889679715302,0.9751708205273889,0.02491103202846978,0.009096536612474249,0.9688612099644128,0.968832379983428,0.03113879003558717,0.010343768048624784,0.9564056939501779,0.956605329461692,0.04359430604982206,0.1,0.0,1e-06,,0.1,0.05,1.3,,,,
optdigits,uncertainty,1000,60,60,33233,33233,1.2603372004145557,844,553.8833333333333,0.16425958877026492,1,3,8598,0.005302363341983498,0.9908066429418743,0.9908200776627323,0.00919335705812574,0.006497926995433426,0.9813167259786477,0.9815214307289418,0.01868327402135228,0.006682765770016249,0.9750889679715302,0.9752316150034679,0.02491103202846978,0.1,0.5,1e-06,,0.1,0.05,1.3,,,,
optdigits,uncertainty,1001,60,59,36783,37796,1.1374123040147877,1013,629.9333333333333,0.18681296955318305,1,4,11126,0.0048443258351786546,0.9922894424673784,0.9923086051243238,0.00771055753262162,0.006190460388130228,0.9822064056939501,0.9822166826516279,0.017793594306049876,0.0055099958095889134,0.9866548042704626,0.9866540729822892,0.013345195729537407,0.1,0.5,1e-06,,0.1,0.05,1.3,,,,
optdigits,uncertainty,1002,60,60,35092,35092,1.339856655238671,1013,584.8666666666667,0.17344800316330566,1,4,11126,0.004819577965844467,0.9937722419928826,0.9937880364519985,0.00622775800711739,0.005981139399327769,0.9822064056939501,0.9822427573975332,0.017793594306049876,0.006457543612978366,0.9777580071174378,0.9778523910887559,0.022241992882562234,0.1,0.5,1e-06,,0.1,0.05,1.3,,,,
optdigits,uncertainty,1000,60,60,129381,129381,4.59828586575523,3372,2156.35,0.6394869513641755,1,18,28773,0.0005182880109629334,1.0,1.0,0.0,0.0021689413525794727,0.9884341637010676,0.9884192938418662,0.011565836298932375,0.0023832364352012483,0.9839857651245552,0.9840163847774399,0.016014234875444844,0.1,0.9,1e-06,,0.1,0.05,1.3,,,,
optdigits,uncertainty,1001,60,56,124322,137810,3.920300544303046,3372,2296.8333333333335,0.6811486753657573,1,18,28773,0.0005780916398630853,1.0,1.0,0.0,0.002350939909366125,0.9884341637010676,0.9884231590694993,0.011565836298932375,0.002266292970412294,0.9848754448398577,0.9849031026485455,0.015124555160142328,0.1,0.9,1e-06,,0.1,0.05,1.3,,,,
optdigits,uncertainty,1002,60,58,130390,137134,5.09662113766245,3372,2285.5666666666666,0.6778074337682879,1,18,28773,0.0005236110800768107,1.0,1.0,0.0,0.0023837889195605375,0.9839857651245552,0.9839996863051125,0.016014234875444844,0.0026686472986337394,0.9786476868327402,0.9787196568474597,0.02135231316725983,0.1,0.9,1e-06,,0.1,0.05,1.3,,,,
optdigits,uncertainty,1000,60,60,57907,57907,1.714552991395577,3372,965.1166666666667,0.28621490707789643,1,18,28773,0.002012318705207308,0.9988137603795967,0.998822119843987,0.0011862396204033177,0.0033337685801957326,0.9884341637010676,0.9884481073781378,0.011565836298932375,0.003450227055654464,0.9866548042704626,0.9867074776439319,0.013345195729537407,0.3,0.0,1e-06,,0.1,0.05,1.3,,,,
optdigits,uncertainty,1001,60,60,68864,68864,1.8267158482041985,3372,1147.7333333333333,0.340371688414393,1,18,28773,0.0015872065013156612,0.9991103202846975,0.9991087478762323,0.000889679715302516,0.0030665479341166232,0.9848754448398577,0.9848809013794939,0.015124555160142328,0.0028993752703260563,0.9884341637010676,0.9884744139766493,0.011565836298932375,0.3,0.0,1e-06,,0.1,0.05,1.3,,,,
optdigits,uncertainty,1002,60,60,61780,61780,1.924290965056183,3372,1029.6666666666667,0.305357848952155,1,18,28773,0.0018167022023287337,0.9985172004744959,0.9985226456042648,0.0014827995255041193,0.003296350510282204,0.9857651245551602,0.9857784833507999,0.014234875444839812,0.003495863634138852,0.9839857651245552,0.9839929188905806,0.016014234875444844,0.3,0.0,1e-06,,0.1,0.05,1.3,,,,
optdigits,uncertainty,1000,60,60,112185,112185,3.21018713994241,3372,1869.75,0.5544928825622776,1,18,28773,0.0007750645035548257,1.0,1.0,0.0,0.0021919049048049256,0.9902135231316725,0.9901880286916998,0.009786476868327454,0.00248810210193755,0.9830960854092526,0.9831706638377234,0.01690391459074736,0.3,0.5,1e-06,,0.1,0.05,1.3,,,,
optdigits,uncertainty,1001,60,60,121459,121459,2.80096841774259,3372,2024.3166666666666,0.6003311585606959,1,18,28773,0.0008891614485268016,1.0,1.0,0.0,0.0024471568532835747,0.9866548042704626,0.9866859722479038,0.013345195729537407,0.002490513135597825,0.9875444839857651,0.9875802894412589,0.01245551601423489,0.3,0.5,1e-06,,0.1,0.05,1.3,,,,
optdigits,uncertainty,1002,60,59,114883,118255,3.6203815006608355,3372,1970.9166666666667,0.5844948596283116,1,18,28773,0.0007328388924343041,1.0,1.0,0.0,0.002345384493558479,0.9884341637010676,0.9884351880255784,0.011565836298932375,0.0026531563691339303,0.9857651245551602,0.9858340002983519,0.014234875444839812,0.3,0.5,1e-06,,0.1,0.05,1.3,,,,
optdigits,uncertainty,1000,60,60,133768,133768,6.407990032322406,3372,2229.4666666666667,0.6611704230921313,1,18,28773,0.0004197968279015207,1.0,1.0,0.0,0.002456182440442153,0.9866548042704626,0.9866187753312212,0.013345195729537407,0.0026900538887935093,0.9777580071174378,0.9778095076490546,0.022241992882562234,0.3,0.9,1e-06,,0.1,0.05,1.3,,,,
optdigits,uncertainty,1001,60,58,127862,134606,2.9108379215843425,3372,2243.4333333333334,0.6653123764333729,1,18,28773,0.0010610457341757977,0.9967378410438908,0.9967562482422162,0.0032621589561091513,0.0032201845420319554,0.9804270462633452,0.9804399007383175,0.019572953736654797,0.0030885321595742117,0.9777580071174378,0.9777576931540232,0.022241992882562234,0.3,0.9,1e-06,,0.1,0.05,1.3,,,,
optdigits,uncertainty,1002,60,60,130902,130902,5.160969295723977,3372,2181.7,0.6470047449584816,1,18,28773,0.0005429734435240903,1.0,1.0,0.0,0.0023882404341670793,0.9813167259786477,0.9812937932064326,0.01868327402135228,0.0028022692704213464,0.9795373665480427,0.9796374902169086,0.020462633451957313,0.3,0.9,1e-06,,0.1,0.05,1.3,,,,
auto_mpg,sasla,1000,200,190,44786,47056,0.8803442677765668,227,235.28,0.9844351464435146,1,200,47800,0.00679185843645082,,,,0.006860298577426633,,,,0.005979173642079396,,,,0.01,0.0,1e-06,0.5,,,,3.564350669691962,3.5822642640846034,3.3443112887203155,
auto_mpg,sasla,1001,200,196,46081,46997,0.7666556343521426,229,234.985,0.9832008368200837,1,200,47800,0.006491940606252507,,,,0.0043462334834869516,,,,0.004977082843662949,,,,0.01,0.0,1e-06,0.5,,,,3.686195523188425,3.0161131146777147,3.227591278254464,
auto_mpg,sasla,1002,200,200,47461,47461,0.9333309238290856,233,237.305,0.992907949790795,1,200,47800,0.005898505841590741,,,,0.005348035191373886,,,,0.005505257906343144,,,,0.01,0.0,1e-06,0.5,,,,3.5136791804409975,3.3457094774868006,3.394532202910343,
auto_mpg,sasla,1003,200,194,46341,47766,1.5273192613816422,237,238.83,0.9992887029288704,1,200,47800,0.005833559893893695,,,,0.006954178285120279,,,,0.008909708388367289,,,,0.01,0.0,1e-06,0.5,,,,3.2556013701912967,3.554571891355358,4.0234271016520715,
auto_mpg,sasla,1004,200,200,47301,47301,1.2856294575844431,231,236.505,0.9895606694560669,1,200,47800,0.005221259483467467,,,,0.006844236874153523,,,,0.006712604997637909,,,,0.01,0.0,1e-06,0.5,,,,3.305816454011796,3.7848930688208293,3.748319863334571,
auto_mpg,sasla,1000,200,195,44787,45902,0.9042403780594902,223,229.51,0.9602928870292886,1,200,47800,0.00627246506482105,,,,0.006775514651382418,,,,0.005671816181578731,,,,0.01,0.5,1e-06,0.5,,,,3.4253522348532752,3.5600594974068236,3.2572206950334763,
auto_mpg,sasla,1001,200,197,45436,46108,0.7152567907266126,224,230.54,0.964602510460251,1,200,47800,0.006111023256881853,,,,0.003999117361687648,,,,0.004370950882773006,,,,0.01,0.5,1e-06,0.5,,,,3.5764163090455887,2.8931648039555826,3.024677401323003,
auto_mpg,sasla,1002,200,199,46471,46698,0.9557889517480087,227,233.49,0.9769456066945607,1,200,47800,0.0053776953623555146,,,,0.004751136795093583,,,,0.005139941813205905,,,,0.01,0.5,1e-06,0.5,,,,3.354974291908991,3.153478437881027,3.2799724787569917,
auto_mpg,sasla,1003,200,200,47509,47509,1.5318965361527164,236,237.545,0.9939121338912134,1,200,47800,0.005477716316613755,,,,0.0067096635767153355,,,,0.008391294651447827,,,,0.01,0.5,1e-06,0.5,,,,3.1547442720551953,3.491521852922886,3.904620927033532,
auto_mpg,sasla,1004,200,192,44613,46419,1.247475814364849,226,232.095,0.9711087866108786,1,200,47800,0.004873676688716159,,,,0.00601564030354176,,,,0.006079793796207171,,,,0.01,0.5,1e-06,0.5,,,,3.1938863339630554,3.548395571639649,3.5672662365702217,
auto_mpg,sasla,1000,200,197,43775,44428,1.0275441541050134,219,222.14,0.9294560669456067,1,200,47800,0.005220728428546542,,,,0.005639809231230022,,,,0.005364528976922853,,,,0.01,0.9,1e-06,0.5,,,,3.1250118113573735,3.2480171882384963,3.1677573667178573,
auto_mpg,sasla,1001,200,200,44919,44919,0.6025572373207975,223,224.595,0.9397280334728033,1,200,47800,0.0049898117480091635,,,,0.003350995817268306,,,,0.0030066471816312607,,,,0.01,0.9,1e-06,0.5,,,,3.2317159299383706,2.6483662289761103,2.5086052831410286,
auto_mpg,sasla,1002,200,185,42031,45386,1.0874422658310419,226,226.93,0.9494979079497908,1,200,47800,0.004449845371251758,,,,0.0046186233965131275,,,,0.004838949933111785,,,,0.01,0.9,1e-06,0.5,,,,3.051852630348594,3.109190800331214,3.182487178980268,
auto_mpg,sasla,1003,200,198,45678,46128,1.4978738717090703,227,230.64,0.965020920502092,1,200,47800,0.004603007194778289,,,,0.005928388675830963,,,,0.006894724208347263,,,,0.01,0.9,1e-06,0.5,,,,2.891912968780392,3.281955789841393,3.539344540463204,
auto_mpg,sasla,1004,200,198,44666,45107,1.145336305402669,220,225.535,0.9436610878661088,1,200,47800,0.0043577314023337,,,,0.004332066861517304,,,,0.004991067984286072,,,,0.01,0.9,1e-06,0.5,,,,3.0201000286906194,3.0111935665670124,3.2321227131499457,
auto_mpg,sasla,1000,200,198,44575,45017,0.9170320845073135,220,225.085,0.9417782426778243,1,200,47800,0.005372626997752194,,,,0.006434078927728429,,,,0.004926871335028965,,,,0.05,0.0,1e-06,0.5,,,,3.1701474080053185,3.4691997296565398,3.0357899732409224,
auto_mpg,sasla,1001,200,198,44969,45414,0.6581425082769282,224,227.07,0.9500836820083681,1,200,47800,0.005361364955688679,,,,0.003542094855312074,,,,0.0035285421797249692,,,,0.05,0.0,1e-06,0.5,,,,3.3498764063120507,2.722834169224529,2.7176201566905176,
auto_mpg,sasla,1002,200,199,45660,45885,0.9976852633965196,226,229.425,0.9599372384937239,1,200,47800,0.0045689354718243666,,,,0.004175618332761246,,,,0.004558359589648795,,,,0.05,0.0,1e-06,0.5,,,,3.092420977324301,2.9563203727970837,3.0888398337578598,
auto_mpg,sasla,1003,200,199,46659,46891,1.5389560154202548,229,234.455,0.9809832635983264,1,200,47800,0.004833378314630554,,,,0.006117862933577771,,,,0.007438356632102505,,,,0.05,0.0,1e-06,0.5,,,,2.9633966570357324,3.3339897733875024,3.6762318248817794,
auto_mpg,sasla,1004,200,198,45006,45454,1.191584290038212,224,227.27,0.9509205020920503,1,200,47800,0.00441546866737024,,,,0.004976130991249361,,,,0.005261403097194338,,,,0.05,0.0,1e-06,0.5,,,,3.040041428598897,3.227282629840756,3.3185004927107244,
auto_mpg,sasla,1000,200,171,38065,44395,1.0025595054160772,219,221.975,0.928765690376569,1,200,47800,0.004979877954778978,,,,0.005820855687493914,,,,0.004992623979375638,,,,0.05,0.5,1e-06,0.5,,,,3.0520768268158407,3.299738530086563,3.055980234298128,
auto_mpg,sasla,1001,200,189,42551,44999,0.6080676070474013,219,224.995,0.9414016736401674,1,200,47800,0.005345800618130424,,,,0.00362823669566911,,,,0.0032506081896190855,,,,0.05,0.5,1e-06,0.5,,,,3.3450104344060887,2.7557442132442054,2.6083953120423673,
auto_mpg,sasla,1002,200,179,40655,45347,1.0724081961039962,225,226.735,0.9486820083682009,1,200,47800,0.004333169072301661,,,,0.004416948036139623,,,,0.00464692602824065,,,,0.05,0.5,1e-06,0.5,,,,3.0115766122405714,3.0405506571824272,3.118702712665067,
auto_mpg,sasla,1003,200,170,39414,46179,1.4923899434223846,227,230.895,0.9660878661087866,1,200,47800,0.004654926084046797,,,,0.005955729234036154,,,,0.006946964875205981,,,,0.05,0.5,1e-06,0.5,,,,2.908176673136037,3.2895149506209447,3.5527278750230846,
auto_mpg,sasla,1004,200,200,45106,45106,1.1426031671076997,221,225.53,0.9436401673640168,1,200,47800,0.0042837029286907,,,,0.004318372371359153,,,,0.004894572533270523,,,,0.05,0.5,1e-06,0.5,,,,2.9943376498288696,3.0064303204178726,3.20072589000035,
auto_mpg,sasla,1000,200,186,40129,43086,1.4191490852727695,213,215.43,0.9013807531380753,1,200,47800,0.003517354383789202,,,,0.004533104631743468,,,,0.004991650256334612,,,,0.05,0.9,1e-06,0.5,,,,2.5650401964738663,2.9119504687950375,3.0556822123079015,
auto_mpg,sasla,1001,200,196,42650,43485,0.5972449854540082,208,217.425,0.9097280334728034,1,200,47800,0.003931825047333765,,,,0.002503109436607375,,,,0.0023482627932025595,,,,0.05,0.9,1e-06,0.5,,,,2.868720196034292,2.288922125184478,2.2169936383755213,
auto_mpg,sasla,1002,200,152,33574,43802,1.0469806185569384,210,219.01,0.9163598326359832,1,200,47800,0.0036085820304579217,,,,0.0038136749074612697,,,,0.0037781154463622873,,,,0.05,0.9,1e-06,0.5,,,,2.7482699514649815,2.8252893543844593,2.8120867272279613,
auto_mpg,sasla,1003,200,198,44479,44922,1.3670207269748378,222,224.61,0.9397907949790796,1,200,47800,0.0038273754572921556,,,,0.004935139231450309,,,,0.0052321015800331746,,,,0.05,0.9,1e-06,0.5,,,,2.637029121323692,2.994429528756984,3.0832055250680193,
auto_mpg,sasla,1004,200,183,40442,44170,1.457173462811409,218,220.85,0.9240585774058577,1,200,47800,0.003482594942187026,,,,0.003297251951655952,,,,0.005074744931476168,,,,0.05,0.9,1e-06,0.5,,,,2.699868307192285,2.627042902783068,3.259103912602026,
auto_mpg,sasla,1000,200,173,38513,44403,0.9942724369396374,219,222.015,0.9289330543933054,1,200,47800,0.004943438709956557,,,,0.005889855641851002,,,,0.004915124853010243,,,,0.1,0.0,1e-06,0.5,,,,3.0408898486944755,3.3192383304095405,3.0321688991312756,
auto_mpg,sasla,1001,200,196,44015,44903,0.6072228998974066,222,224.515,0.9393933054393305,1,200,47800,0.004994103725850377,,,,0.0033859607451933774,,,,0.003032534146799309,,,,0.1,0.0,1e-06,0.5,,,,3.233105508591964,2.662147152626299,2.519381571464539,
auto_mpg,sasla,1002,200,182,41381,45412,1.0667833372996052,225,227.06,0.9500418410041841,1,200,47800,0.004296964999099911,,,,0.00434948976324439,,,,0.004583930661999398,,,,0.1,0.0,1e-06,0.5,,,,2.9989692068156613,3.017242767425371,3.097491464270905,
auto_mpg,sasla,1003,200,189,43656,46137,1.494060428125788,228,230.685,0.9652092050209206,1,200,47800,0.004668249009802503,,,,0.005953894584890568,,,,0.006974646114183314,,,,0.1,0.0,1e-06,0.5,,,,2.912335465065057,3.289008247713274,3.559799030500506,
auto_mpg,sasla,1004,200,200,45125,45125,1.1438139416767457,221,225.625,0.9440376569037657,1,200,47800,0.004297062795454917,,,,0.004322321821410452,,,,0.004915040333701784,,,,0.1,0.0,1e-06,0.5,,,,2.9990033339947884,3.0078048004027647,3.2074112004011415,
auto_mpg,sasla,1000,200,200,43775,43775,1.1296986021076176,219,218.875,0.9157949790794979,1,200,47800,0.005009488041211543,,,,0.0049783044054815834,,,,0.005659211637431508,,,,0.1,0.5,1e-06,0.5,,,,3.061137121085687,3.0515945888139604,3.2535994019766745,
auto_mpg,sasla,1001,200,190,42331,44538,0.6516441648158772,225,222.69,0.9317573221757323,1,200,47800,0.005595010032639318,,,,0.004142219551015403,,,,0.0036459556398557025,,,,0.1,0.5,1e-06,0.5,,,,3.422090835504098,2.9444735368138697,2.762465027189571,
auto_mpg,sasla,1002,200,193,43368,44918,1.0894061168106988,225,224.59,0.9397071129707113,1,200,47800,0.004161103195553006,,,,0.00443290615103395,,,,0.004533131273915991,,,,0.1,0.5,1e-06,0.5,,,,2.9511775712827184,3.046038350176914,3.0802803568848707,
auto_mpg,sasla,1003,200,180,41099,45602,1.4110806914342153,224,228.01,0.9540167364016736,1,200,47800,0.004412732837969459,,,,0.005626553779364491,,,,0.006226722104116412,,,,0.1,0.5,1e-06,0.5,,,,2.83151071407762,3.197316501816118,3.363520925377064,
auto_mpg,sasla,1004,200,181,40427,44604,1.1136653221970891,219,223.02,0.9331380753138075,1,200,47800,0.003974533780468099,,,,0.00401397509237914,,,,0.0044263004432082195,,,,0.1,0.5,1e-06,0.5,,,,2.8842585894612522,2.8985342402312266,3.043767972663571,
auto_mpg,sasla,1000,200,151,32161,41907,1.720128776263422,196,209.535,0.8767154811715481,1,200,47800,0.003101606512938773,,,,0.004519014727108356,,,,0.005335162615552031,,,,0.1,0.9,1e-06,0.5,,,,2.4086819700531312,2.907421449579786,3.15907504185221,
auto_mpg,sasla,1001,200,152,32288,41677,0.7302686385205539,188,208.385,0.8719037656903765,1,200,47800,0.003354497398801587,,,,0.002378994685582176,,,,0.0024496842483435746,,,,0.1,0.9,1e-06,0.5,,,,2.64974955642588,2.2314534644691433,2.2643635390653647,
auto_mpg,sasla,1002,200,85,18510,41824,1.1834969248205738,196,209.12,0.874979079497908,1,200,47800,0.002895527322684775,,,,0.0038649174325822507,,,,0.0034268476821313803,,,,0.1,0.9,1e-06,0.5,,,,2.4618122708356345,2.8442070500816548,2.678172208182497,
auto_mpg,sasla,1003,200,157,34559,43387,1.2137150275043616,201,216.935,0.9076778242677824,1,200,47800,0.00387888464439064,,,,0.005285598290415547,,,,0.0047078605828528314,,,,0.1,0.9,1e-06,0.5,,,,2.654714513059702,3.098927876116518,2.9246654093746085,
auto_mpg,sasla,1004,200,199,43358,43568,1.752115238313695,208,217.84,0.9114644351464435,1,200,47800,0.002844525009954773,,,,0.003030270511605372,,,,0.004983935615706174,,,,0.1,0.9,1e-06,0.5,,,,2.440034554806235,2.5184410997077173,3.2298124929551255,
auto_mpg,sasla,1000,200,186,40411,43393,1.231788630588057,213,216.965,0.9078033472803347,1,200,47800,0.004151384860213537,,,,0.005318426970318726,,,,0.005113628672006425,,,,0.3,0.0,1e-06,0.5,,,,2.7866511878208198,3.1541163659045335,3.0927919478652326,
auto_mpg,sasla,1001,200,194,42863,44166,0.7054215698754069,209,220.83,0.9239748953974896,1,200,47800,0.00682046938464727,,,,0.005030308417803475,,,,0.004811306220605028,,,,0.3,0.0,1e-06,0.5,,,,3.7783155904984005,3.244803524520211,3.173383781764366,
auto_mpg,sasla,1002,200,193,42962,44479,1.1171886738678884,225,222.395,0.9305230125523013,1,200,47800,0.004872397511770785,,,,0.005738701241601051,,,,0.005443387314732403,,,,0.3,0.0,1e-06,0.5,,,,3.1934671623457693,3.4657553819475773,3.375403659037255,
auto_mpg,sasla,1003,200,197,44618,45286,1.419916655497105,226,226.43,0.9474058577405858,1,200,47800,0.0043346134592552096,,,,0.005623211629299572,,,,0.006154789845938394,,,,0.3,0.0,1e-06,0.5,,,,2.8063354320393725,3.19636676425991,3.344036478558609,
auto_mpg,sasla,1004,200,193,42788,44322,1.2532441879532452,218,221.61,0.9272384937238495,1,200,47800,0.004262009562206926,,,,0.003786302201477601,,,,0.005341338712836985,,,,0.3,0.0,1e-06,0.5,,,,2.9867461206632098,2.815131817798273,3.343614176252601,
auto_mpg,sasla,1000,200,187,40256,43014,1.4251431007226691,211,215.07,0.8998744769874477,1,200,47800,0.003341089737045005,,,,0.005162941753067228,,,,0.004761530987645006,,,,0.3,0.5,1e-06,0.5,,,,2.4999434336102984,3.1076687778738292,2.9844164099663963,
auto_mpg,sasla,1001,200,193,41718,43175,0.6655215866873446,211,215.875,0.9032426778242678,1,200,47800,0.004436628423352954,,,,0.003147606133691268,,,,0.0029526719878520302,,,,0.3,0.5,1e-06,0.5,,,,3.0473169476367556,2.566736520018987,2.485986124774943,
auto_mpg,sasla,1002,200,103,22890,43529,1.0977576919629657,211,217.645,0.9106485355648536,1,200,47800,0.0034403084123689,,,,0.003793849296365318,,,,0.0037766250224028587,,,,0.3,0.5,1e-06,0.5,,,,2.683427011558891,2.8179360696924327,2.811532004255524,
auto_mpg,sasla,1003,200,184,41246,44739,1.3434869622770673,216,223.695,0.9359623430962343,1,200,47800,0.0036316397121331674,,,,0.004616556084259899,,,,0.0048790606049385525,,,,0.3,0.5,1e-06,0.5,,,,2.5687141036620735,2.8961659947728347,2.9773678764841414,
auto_mpg,sasla,1004,200,194,42785,44096,1.4095207855113607,222,220.48,0.922510460251046,1,200,47800,0.0032553683406658265,,,,0.0039591175256387424,,,,0.004588509340664111,,,,0.3,0.5,1e-06,0.5,,,,2.610304464528011,2.878659484205668,3.099038049434659,
auto_mpg,sasla,1000,200,198,39356,39736,1.8137327826124405,188,198.68,0.8312970711297072,1,200,47800,0.0026935673709260356,,,,0.004521625273692343,,,,0.004885411442823754,,,,0.3,0.9,1e-06,0.5,,,,2.244657237815572,2.9082611086388255,3.022989818377993,
auto_mpg,sasla,1001,200,137,26037,36953,1.0461054895495383,173,184.765,0.7730753138075314,1,200,47800,0.0035354716466776534,,,,0.0029393032433779375,,,,0.003698476297736239,,,,0.3,0.9,1e-06,0.5,,,,2.720287323698408,2.4803518691594415,2.782290791044415,
auto_mpg,sasla,1002,200,152,29542,38117,1.5190549234453108,171,190.585,0.7974267782426778,1,200,47800,0.002756035228911447,,,,0.0035196939784848313,,,,0.004186568883666658,,,,0.3,0.9,1e-06,0.5,,,,2.401781419345538,2.714210654654942,2.960194306809866,
auto_mpg,sasla,1003,200,115,24057,40147,1.5949991405297412,193,200.735,0.8398953974895398,1,200,47800,0.0032004116608473163,,,,0.006188305284220647,,,,0.0051046538483928315,,,,0.3,0.9,1e-06,0.5,,,,2.411389214277564,3.353128964942812,3.045422420784202,
auto_mpg,sasla,1004,200,84,18413,37049,1.777891883447445,172,185.245,0.7750836820083682,1,200,47800,0.0028110077104000525,,,,0.0036419003954500408,,,,0.004997667792628439,,,,0.3,0.9,1e-06,0.5,,,,2.42561638060292,2.7609283124434163,3.2342589636898835,
auto_mpg,uncertainty,1000,200,200,42516,42516,0.8617338219648362,72,70.86,0.29648535564853556,1,5,3045,0.010805780682010224,,,,0.011188328301619928,,,,0.009311706686422463,,,,0.01,0.0,1e-06,,0.05,0.05,1.05,4.495874567533302,4.574764186130136,4.173503245310961,3
auto_mpg,uncertainty,1001,200,200,107892,107892,0.8009116748096247,192,179.82,0.7523849372384936,1,15,6435,0.007016542900126907,,,,0.004934871051533872,,,,0.005619631125514222,,,,0.01,0.0,1e-06,,0.05,0.05,1.05,3.8322399225383674,3.2138751594144277,3.429612102358897,3
auto_mpg,uncertainty,1002,200,200,35640,35640,0.8652240796136696,60,59.4,0.2485355648535565,1,4,2508,0.013537293578416697,,,,0.0125807915654032,,,,0.011712792376845627,,,,0.01,0.0,1e-06,,0.05,0.05,1.05,5.3230068138670275,5.131508846904753,4.951323711318161,3
auto_mpg,uncertainty,1003,200,200,67062,67062,1.548453954084539,239,111.77,0.46765690376569036,1,19,6783,0.006671887993186757,,,,0.007642059784853592,,,,0.010331111344259195,,,,0.01,0.0,1e-06,,0.05,0.05,1.05,3.4816792996873045,3.7262295660345472,4.332493433026261,3
auto_mpg,uncertainty,1004,200,200,39888,39888,1.2374085299202262,84,66.48,0.2781589958158996,1,6,3546,0.008019273054117232,,,,0.010698514627106834,,,,0.009923116880924086,,,,0.01,0.0,1e-06,,0.05,0.05,1.05,4.096930522578245,4.732088309795031,4.557379052325928,3
auto_mpg,uncertainty,1000,200,200,35424,35424,0.9405945010992349,60,59.04,0.24702928870292887,1,4,2508,0.007851900055703052,,,,0.007392731355516736,,,,0.007385454015575067,,,,0.01,0.5,1e-06,,0.05,0.05,1.05,3.8324234888574145,3.7186779971118473,3.7168472294417936,3
auto_mpg,uncertainty,1001,200,200,83304,83304,0.764604735305463,144,138.84,0.5809205020920503,1,11,5511,0.006892219330395576,,,,0.004835641351532969,,,,0.005269823536784305,,,,0.01,0.5,1e-06,,0.05,0.05,1.05,3.798137151581824,3.1813989967218785,3.3211549235861613,3
auto_mpg,uncertainty,1002,200,197,76716,78228,0.9586136797005805,168,130.38,0.5455230125523013,1,13,6045,0.005902680107173658,,,,0.005466105822597724,,,,0.005658389897633158,,,,0.01,0.5,1e-06,,0.05,0.05,1.05,3.5149222440647483,3.382440113041316,3.441418850578174,3
auto_mpg,uncertainty,1003,200,200,59904,59904,1.5437908696863674,132,99.84,0.4177405857740586,1,10,5190,0.006203439446226724,,,,0.006604197111194262,,,,0.009576813177737072,,,,0.01,0.5,1e-06,,0.05,0.05,1.05,3.3572266787639653,3.46397225984576,4.1713333695602595,3
auto_mpg,uncertainty,1004,200,197,38988,39636,1.2985929453486438,72,66.06,0.2764016736401674,1,5,3045,0.006351731335917521,,,,0.008911321951640145,,,,0.00824831350357241,,,,0.01,0.5,1e-06,,0.05,0.05,1.05,3.646172057004972,4.318790780114822,4.155025352819286,3
auto_mpg,uncertainty,1000,200,198,28476,28836,0.9886292692977325,60,48.06,0.20108786610878662,1,4,2508,0.006322550492022338,,,,0.0068832508548371946,,,,0.006250658473026064,,,,0.01,0.9,1e-06,,0.05,0.05,1.05,3.439000705834987,3.5882517926075645,3.419392832060951,3
auto_mpg,uncertainty,1001,200,195,81864,84024,0.7093267257148165,144,140.04,0.5859414225941423,1,11,5511,0.0057072109864884394,,,,0.004440576352470275,,,,0.0040482772820094725,,,,0.01,0.9,1e-06,,0.05,0.05,1.05,3.456233397125686,3.048672472034724,2.9108928816732424,3
auto_mpg,uncertainty,1002,200,197,52668,53748,0.9904733226972686,120,89.58,0.37481171548117154,1,9,4833,0.005152340691158955,,,,0.004509644603086836,,,,0.005103256004040551,,,,0.01,0.9,1e-06,,0.05,0.05,1.05,3.2839261696769144,3.072290352009139,3.268246283552867,3
auto_mpg,uncertainty,1003,200,187,125661,134982,1.5059375428193167,239,224.97,0.9412970711297071,1,19,6783,0.004543756039844973,,,,0.00598435749091271,,,,0.006842612805814568,,,,0.01,0.9,1e-06,,0.05,0.05,1.05,2.873239939698991,3.297411563922197,3.525943711602531,3
auto_mpg,uncertainty,1004,200,198,14148,14292,1.1645662015813438,24,23.82,0.09966527196652719,1,1,681,0.005981163500826316,,,,0.00657603231491637,,,,0.006965460859194275,,,,0.01,0.9,1e-06,,0.05,0.05,1.05,3.5382126886251877,3.7099928082328737,3.818264647663558,3
auto_mpg,uncertainty,1000,200,144,17100,25164,1.0693493731559918,48,41.94,0.17548117154811715,1,3,1935,0.009006668713209355,,,,0.008518399673900981,,,,0.009631275542694107,,,,0.05,0.0,1e-06,,0.05,0.05,1.05,4.10457509918538,3.9917663997297494,4.2445144430583275,3
auto_mpg,uncertainty,1001,200,200,104220,104220,0.685433072562502,180,173.7,0.7267782426778242,1,14,6258,0.005716525971938338,,,,0.003872910486701651,,,,0.003918295961329038,,,,0.05,0.0,1e-06,,0.05,0.05,1.05,3.459052781057292,2.847146590109468,2.8637804281332846,3
auto_mpg,uncertainty,1002,200,200,89856,89856,0.9240846135199594,168,149.76,0.6266108786610878,1,13,6045,0.005104020151918048,,,,0.0044065104462387055,,,,0.0047165464894832745,,,,0.05,0.0,1e-06,,0.05,0.05,1.05,3.2684909636136323,3.0369560041068264,3.1419781327444163,3
auto_mpg,uncertainty,1003,200,196,126897,129765,1.5100754701636974,239,216.275,0.9049163179916319,1,19,6783,0.005033288573501384,,,,0.006468240240972956,,,,0.007600645609099668,,,,0.05,0.0,1e-06,,0.05,0.05,1.05,3.0240593284712993,3.428131423103774,3.716119178810147,3
auto_mpg,uncertainty,1004,200,195,110835,114420,1.2340568812056172,239,190.7,0.7979079497907949,1,19,6783,0.004487140299844517,,,,0.005340608292201071,,,,0.005537386363958162,,,,0.05,0.0,1e-06,,0.05,0.05,1.05,3.0646149992851166,3.3433855511434967,3.404422968200658,3
auto_mpg,uncertainty,1000,200,71,5508,19440,1.0127913154399761,36,32.4,0.13556485355648534,1,2,1326,0.00960205638173234,,,,0.008235827303907019,,,,0.009724879313783514,,,,0.05,0.5,1e-06,,0.05,0.05,1.05,4.238071093145347,3.9250006001483078,4.265090217262605,3
auto_mpg,uncertainty,1001,200,199,83592,84024,0.6832605409151212,144,140.04,0.5859414225941423,1,11,5511,0.005534754436939302,,,,0.004090972070305402,,,,0.0037816793104155145,,,,0.05,0.5,1e-06,,0.05,0.05,1.05,3.4036138086842733,2.926202356109981,2.8134127233053756,3
auto_mpg,uncertainty,1002,200,199,106200,106776,1.0001153897100095,192,177.96,0.744602510460251,1,15,6435,0.004267177248850394,,,,0.004060097050430225,,,,0.004267669637195698,,,,0.05,0.5,1e-06,,0.05,0.05,1.05,2.988556286975691,2.915139256127589,2.9887287063236303,3
auto_mpg,uncertainty,1003,200,198,130158,131592,1.5213919950663488,239,219.32,0.9176569037656903,1,19,6783,0.004501392943481035,,,,0.005855055717262752,,,,0.006848383190860197,,,,0.05,0.5,1e-06,,0.05,0.05,1.05,2.8598144412622033,3.2615940644947448,3.527430114953587,3
auto_mpg,uncertainty,1004,200,152,16200,21384,0.9676912595151939,36,35.64,0.1491213389121339,1,2,1326,0.006947633146510294,,,,0.006090256470500266,,,,0.006723163870196056,,,,0.05,0.5,1e-06,,0.05,0.05,1.05,3.813375198261732,3.5703343588222185,3.751266743123212,3
auto_mpg,uncertainty,1000,200,200,61266,61266,1.3864196514718268,239,102.11,0.42723849372384937,1,19,6783,0.004423444844799697,,,,0.004076784791084929,,,,0.006132750860032044,,,,0.05,0.9,1e-06,,0.05,0.05,1.05,2.8765135229128735,2.7614997285485656,3.3869888958511054,3
auto_mpg,uncertainty,1001,200,199,69480,69876,0.5775991172893863,132,116.46,0.48728033472803345,1,10,5190,0.004780565309712465,,,,0.0035468796723535046,,,,0.0027612503030341818,,,,0.05,0.9,1e-06,,0.05,0.05,1.05,3.1632296752781084,2.7246726104644954,2.4040527162261816,3
auto_mpg,uncertainty,1002,200,183,94284,104076,1.0811315430184436,192,173.46,0.7257740585774058,1,15,6435,0.0038753111475832644,,,,0.004115458473161141,,,,0.00418972112066327,,,,0.05,0.9,1e-06,,0.05,0.05,1.05,2.84802886903179,2.9349466435492215,2.9613085221094857,3
auto_mpg,uncertainty,1003,200,190,127920,135090,1.3614822406480591,239,225.15,0.9420502092050209,1,19,6783,0.003914832180878143,,,,0.0052108989113539405,,,,0.005329974489383102,,,,0.05,0.9,1e-06,,0.05,0.05,1.05,2.6669874180216526,3.076951962553475,3.111909491172473,3
auto_mpg,uncertainty,1004,200,185,30852,33552,0.9342507566234007,60,55.92,0.23397489539748956,1,4,2508,0.005098851928364627,,,,0.004520089552265341,,,,0.004763606271985339,,,,0.05,0.9,1e-06,,0.05,0.05,1.05,3.2668357418628635,3.075846215025773,3.1576139176057154,3
auto_mpg,uncertainty,1000,200,200,37080,37080,0.9503334387934805,72,61.8,0.2585774058577406,1,5,3045,0.0063517682546679055,,,,0.005873180683021058,,,,0.006036297767877815,,,,0.1,0.0,1e-06,,0.05,0.05,1.05,3.4469376997375853,3.314536399164079,3.360248836533679,3
auto_mpg,uncertainty,1001,200,183,38988,42660,0.7327247670010005,72,71.1,0.2974895397489539,1,5,3045,0.007813352279945474,,,,0.005898770908040517,,,,0.005725036728819783,,,,0.1,0.0,1e-06,,0.05,0.05,1.05,4.043987469867257,3.5137581282311614,3.4616267401635548,3
auto_mpg,uncertainty,1002,200,198,76680,77544,1.0098308160218739,144,129.24,0.5407531380753139,1,11,5511,0.005067643928836915,,,,0.004841936296599843,,,,0.005117463003965676,,,,0.1,0.0,1e-06,,0.05,0.05,1.05,3.2568229105680913,3.1834690653125572,3.2727923717733622,3
auto_mpg,uncertainty,1003,200,199,123054,123771,1.522930076499057,239,206.285,0.8631171548117155,1,19,6783,0.004522089876545378,,,,0.005943501583034395,,,,0.006886826681622864,,,,0.1,0.0,1e-06,,0.05,0.05,1.05,2.8663814648617,3.2861363796847893,3.537316897570875,3
auto_mpg,uncertainty,1004,200,200,24588,24588,1.1037052823095543,84,40.98,0.1714644351464435,1,6,3546,0.005283099344998367,,,,0.005444633328371267,,,,0.005830984654040844,,,,0.1,0.0,1e-06,,0.05,0.05,1.05,3.3253356406219576,3.3757899587895106,3.4935104576125666,3
auto_mpg,uncertainty,1000,200,200,33804,33804,0.9983540414851023,72,56.34,0.23573221757322177,1,5,3045,0.005503629511163059,,,,0.005584087984816323,,,,0.005494570765306318,,,,0.1,0.5,1e-06,,0.05,0.05,1.05,3.2085640055132063,3.231932174581946,3.205922336423373,3
auto_mpg,uncertainty,1001,200,191,60588,63504,0.7389960749658734,108,105.84,0.44284518828451885,1,8,4440,0.00579293075037218,,,,0.004631656839883795,,,,0.004280953087074153,,,,0.1,0.5,1e-06,,0.05,0.05,1.05,3.4820922042216043,3.1135746730132032,2.9933764164926107,3
auto_mpg,uncertainty,1002,200,197,92376,93888,1.030419587674297,168,156.48,0.6547280334728033,1,13,6045,0.003991217210445998,,,,0.004111307184761657,,,,0.004112628392306324,,,,0.1,0.5,1e-06,,0.05,0.05,1.05,2.8903057057237262,2.9334660206665415,2.9339373313640587,3
auto_mpg,uncertainty,1003,200,193,130962,135981,1.4705497189565058,239,226.635,0.9482635983263598,1,19,6783,0.004207391945265019,,,,0.0057005057152541725,,,,0.006187179042649339,,,,0.1,0.5,1e-06,,0.05,0.05,1.05,2.764845561880903,3.218259683711715,3.352823824447992,3
auto_mpg,uncertainty,1004,200,199,15120,15228,1.0001680813177316,36,25.38,0.10619246861924686,1,2,1326,0.006946399034185052,,,,0.005804774470134268,,,,0.006947566594088207,,,,0.1,0.5,1e-06,,0.05,0.05,1.05,3.813036497135708,3.485649977320644,3.8133569337709194,3
auto_mpg,uncertainty,1000,200,195,112995,116580,1.4437001195416872,239,194.3,0.8129707112970712,1,19,6783,0.0034776875109896205,,,,0.0039073016718341605,,,,0.005020737875344348,,,,0.1,0.9,1e-06,,0.05,0.05,1.05,2.550535599589922,2.70348885396635,3.0645723995280014,3
auto_mpg,uncertainty,1001,200,187,30708,33516,0.840352066708107,72,55.86,0.23372384937238494,1,5,3045,0.0057261130298716925,,,,0.004910063765519963,,,,0.004811950918856897,,,,0.1,0.9,1e-06,,0.05,0.05,1.05,3.4619521160157345,3.2057870079309114,3.173596385821599,3
auto_mpg,uncertainty,1002,200,182,38196,42084,1.1241966654105635,72,70.14,0.2934728033472803,1,5,3045,0.0037943766035953624,,,,0.0038542539204345122,,,,0.004265625525073766,,,,0.1,0.9,1e-06,,0.05,0.05,1.05,2.8181318953985843,2.8402806809080436,2.9880128556575367,3
auto_mpg,uncertainty,1003,200,170,113256,134766,1.319297386772341,239,224.61,0.9397907949790796,1,19,6783,0.003322440998424901,,,,0.005266551295894993,,,,0.004383287726927259,,,,0.1,0.9,1e-06,,0.05,0.05,1.05,2.456931399562032,3.093339243534924,2.8220479049321074,3
auto_mpg,uncertainty,1004,200,186,33624,38628,1.119757800836664,120,64.38,0.2693723849372385,1,9,4833,0.004446697667004068,,,,0.004403368164653904,,,,0.0049792244005899995,,,,0.1,0.9,1e-06,,0.05,0.05,1.05,3.0507730390253056,3.035872984683468,3.2282855933079873,3
auto_mpg,uncertainty,1000,200,179,39456,44748,0.969536741890084,84,74.58,0.3120502092050209,1,6,3546,0.005512019205806948,,,,0.004910300427914899,,,,0.005344105142033637,,,,0.3,0.0,1e-06,,0.05,0.05,1.05,3.211008630580469,3.0306804259425904,3.1617214733030004,3
auto_mpg,uncertainty,1001,200,184,58320,63504,0.7567982043376769,108,105.84,0.44284518828451885,1,8,4440,0.005341707954379939,,,,0.004294929667400832,,,,0.004042594987971023,,,,0.3,0.0,1e-06,,0.05,0.05,1.05,3.343729744651078,2.998258865904369,2.908849252197525,3
auto_mpg,uncertainty,1002,200,181,62964,70236,1.0739624691987684,132,117.06,0.4897907949790795,1,10,5190,0.004054615813327619,,,,0.0040871625871095165,,,,0.004354505210533702,,,,0.3,0.0,1e-06,,0.05,0.05,1.05,2.91317083446595,2.924839609702028,3.0189818751066886,3
auto_mpg,uncertainty,1003,200,188,124704,133308,1.4181393641135502,239,222.18,0.9296234309623431,1,19,6783,0.004022085144933115,,,,0.005445532946244433,,,,0.0057038772698460045,,,,0.3,0.0,1e-06,,0.05,0.05,1.05,2.7032737176950365,3.145463043521595,3.2192112601899554,3
auto_mpg,uncertainty,1004,200,194,97416,100656,1.1928450023844859,180,167.76,0.7019246861924686,1,14,6258,0.005017505155447017,,,,0.004487048448759937,,,,0.005985105949113367,,,,0.3,0.0,1e-06,,0.05,0.05,1.05,3.240671517513434,3.0645836330213925,3.5393785924390877,3
auto_mpg,uncertainty,1000,200,168,99819,122763,1.5377906356707667,239,204.605,0.8560878661087866,1,19,6783,0.0032200596287553975,,,,0.005005445428814997,,,,0.004951777543401536,,,,0.3,0.5,1e-06,,0.05,0.05,1.05,2.4542458697762473,3.0599017165487115,3.043453528646205,3
auto_mpg,uncertainty,1001,200,179,50688,57492,0.6054594649580454,108,95.82,0.40092050209205016,1,8,4440,0.004789865435459589,,,,0.003530329553808318,,,,0.002900069363774398,,,,0.3,0.5,1e-06,,0.05,0.05,1.05,3.1663050584248253,2.7183083713438263,2.4637423632991844,3
auto_mpg,uncertainty,1002,200,193,43272,45036,0.9714151912357161,84,75.06,0.31405857740585774,1,6,3546,0.004646625795095402,,,,0.004271987162763961,,,,0.004513802885343411,,,,0.3,0.5,1e-06,,0.05,0.05,1.05,3.1186019629389814,2.990240146018818,3.0737064843124,3
auto_mpg,uncertainty,1003,200,194,117171,121473,1.321817323368923,239,202.455,0.8470920502092051,1,19,6783,0.0037782361760832313,,,,0.004866472624945844,,,,0.004994138029325972,,,,0.3,0.5,1e-06,,0.05,0.05,1.05,2.620046161303551,2.9735245902940246,3.0122753136853766,3
auto_mpg,uncertainty,1004,200,186,73836,79884,1.0802722941720593,144,133.14,0.5570711297071129,1,11,5511,0.003987510676488582,,,,0.004365781128901498,,,,0.0043075973065259,,,,0.3,0.5,1e-06,,0.05,0.05,1.05,2.888963320173498,3.0228881494543245,3.002677203328784,3
auto_mpg,uncertainty,1000,200,107,67113,133794,1.6930529163361847,239,222.99,0.9330125523012552,1,19,6783,0.0025544199215822923,,,,0.003790161251417623,,,,0.004324768097782148,,,,0.3,0.9,1e-06,,0.05,0.05,1.05,2.185909905408907,2.6626553486801248,2.844248411251665,3
auto_mpg,uncertainty,1001,200,177,34920,44172,0.864876625764593,144,73.62,0.3080334728033473,1,11,5511,0.004200170175108118,,,,0.003114733388487979,,,,0.0036326290086845887,,,,0.3,0.9,1e-06,,0.05,0.05,1.05,2.964998935436105,2.5532981911524004,2.7574117491752816,3
auto_mpg,uncertainty,1002,200,180,102063,116403,1.2907555171514438,239,194.005,0.8117364016736401,1,19,6783,0.002715416924765422,,,,0.0037279733243298836,,,,0.0035049393770073753,,,,0.3,0.9,1e-06,,0.05,0.05,1.05,2.3840170588927894,2.7933637726145184,2.708515677412169,3
auto_mpg,uncertainty,1003,200,160,105444,134124,1.6973483480266367,239,223.54,0.9353138075313807,1,19,6783,0.0025036267330643108,,,,0.0046247374709818346,,,,0.004249526699442033,,,,0.3,0.9,1e-06,,0.05,0.05,1.05,2.132795334720124,2.898731128289256,2.7786552900465042,3
auto_mpg,uncertainty,1004,200,153,92238,125937,1.5830297052212323,239,209.895,0.8782217573221758,1,19,6783,0.002864053508313844,,,,0.003365451666093166,,,,0.0045338817810039005,,,,0.3,0.9,1e-06,,0.05,0.05,1.05,2.4483960047845903,2.6540724703485634,3.0805353325765434,3
diabetes,sasla,1000,200,197,45025,45630,1.2413149462682347,200,228.15,0.8609433962264151,1,200,53000,0.02008165409562015,,,,0.022089866129468852,,,,0.024927657374682003,,,,0.01,0.0,1e-05,0.1,,,,52.96402018414448,55.54919162666552,59.009499989328326,
diabetes,sasla,1001,200,200,45640,45640,0.9810953013271214,211,228.2,0.8611320754716981,1,200,53000,0.02123269464895519,,,,0.023225248071979034,,,,0.02083129695460345,,,,0.01,0.0,1e-05,0.1,,,,56.46434101167017,59.054349169287285,55.92807374959086,
diabetes,sasla,1002,200,200,47920,47920,0.8070854922841938,217,239.6,0.9041509433962264,1,200,53000,0.021124468777086316,,,,0.02235639261758369,,,,0.01704925228219679,,,,0.01,0.0,1e-05,0.1,,,,57.41032347012942,59.06061427176739,51.576250225561715,
diabetes,sasla,1003,200,198,48626,49062,0.8909071821018569,218,245.31,0.9256981132075471,1,200,53000,0.020632888710627316,,,,0.02279575959811465,,,,0.018381988739806197,,,,0.01,0.0,1e-05,0.1,,,,56.73840375861509,59.63814543809892,53.554176243578446,
diabetes,sasla,1004,200,199,47656,47866,1.0535903817213106,211,239.33,0.9031320754716982,1,200,53000,0.018561038595175213,,,,0.01735609451636123,,,,0.019555731738634632,,,,0.01,0.0,1e-05,0.1,,,,54.66585968816382,52.86169062782461,56.11152613992082,
diabetes,sasla,1000,200,151,32937,42408,1.2939996925122559,192,212.04,0.8001509433962264,1,200,53000,0.019359104442705985,,,,0.0216087882121792,,,,0.02505067519617419,,,,0.01,0.5,1e-05,0.1,,,,52.00245331175428,54.9409807622722,59.15492653317707,
diabetes,sasla,1001,200,200,43266,43266,0.9158450977328066,200,216.33,0.8163396226415095,1,200,53000,0.019988840383801484,,,,0.02071016419879997,,,,0.018306681474868143,,,,0.01,0.5,1e-05,0.1,,,,54.7854845180746,55.765227453818014,52.42959698691828,
diabetes,sasla,1002,200,183,41479,44997,0.7907400052216608,206,224.985,0.8490000000000001,1,200,53000,0.019468846432329483,,,,0.019917463283528145,,,,0.015394795729559927,,,,0.01,0.5,1e-05,0.1,,,,55.11466923246666,55.7460510602543,49.00992760354362,
diabetes,sasla,1003,200,198,45356,45772,0.8806933111172727,210,228.86,0.863622641509434,1,200,53000,0.019773495453518863,,,,0.01981486836520612,,,,0.017414385183321866,,,,0.01,0.5,1e-05,0.1,,,,55.54421327316897,55.60229164954701,52.12561220962104,
diabetes,sasla,1004,200,139,31948,44157,1.1310462383128266,199,220.785,0.8331509433962264,1,200,53000,0.01775235523276496,,,,0.017362520725855084,,,,0.020078734607211834,,,,0.01,0.5,1e-05,0.1,,,,53.46173332889806,52.87147591850734,56.85690498773151,
diabetes,sasla,1000,200,39,8277,38234,1.2847572113175323,188,191.17,0.7213962264150943,1,200,53000,0.019680192506236278,,,,0.021939887933396362,,,,0.025284269242504317,,,,0.01,0.9,1e-05,0.1,,,,52.431933409094036,55.36029603218538,59.43009226379354,
diabetes,sasla,1001,200,172,34623,40137,0.9535260873491647,187,200.685,0.7573018867924528,1,200,53000,0.021680960985315124,,,,0.021252960086250123,,,,0.02067336189829742,,,,0.01,0.9,1e-05,0.1,,,,57.05726770492278,56.491280636492874,55.71565756177721,
diabetes,sasla,1002,200,99,21076,41566,0.7547719816219375,202,207.83,0.7842641509433963,1,200,53000,0.01943478336339017,,,,0.02083350825770202,,,,0.014668829951579062,,,,0.01,0.9,1e-05,0.1,,,,55.066433280837714,57.01357843450942,47.84040335527204,
diabetes,sasla,1003,200,174,36701,41979,0.8399641017158725,203,209.895,0.792056603773585,1,200,53000,0.019536346667136113,,,,0.01790988290253485,,,,0.016409829879070865,,,,0.01,0.9,1e-05,0.1,,,,55.210130309028536,52.86198520551418,50.599839000554454,
diabetes,sasla,1004,200,27,6245,40421,1.1585022835124998,195,202.105,0.7626603773584906,1,200,53000,0.017552406556954045,,,,0.017870038828940737,,,,0.020334503077371037,,,,0.01,0.9,1e-05,0.1,,,,53.1598051285447,53.638644403033986,57.21788853250175,
diabetes,sasla,1000,200,63,13668,39345,1.296017599305791,186,196.725,0.7423584905660378,1,200,53000,0.019526956201626828,,,,0.02204854532491141,,,,0.02530727889818173,,,,0.05,0.0,1e-05,0.1,,,,52.22740856373991,55.49721277618934,59.457127947059796,
diabetes,sasla,1001,200,195,40052,41038,0.8941502974792964,197,205.19,0.7743018867924528,1,200,53000,0.01978722924097125,,,,0.020074011797006838,,,,0.017692756912105475,,,,0.05,0.0,1e-05,0.1,,,,54.50849604157676,54.90207950428024,51.54297265470179,
diabetes,sasla,1002,200,176,37627,42506,0.7785942728046276,204,212.53,0.802,1,200,53000,0.01924596571729637,,,,0.019973940166401256,,,,0.014984798682081158,,,,0.05,0.0,1e-05,0.1,,,,54.79828282931105,55.82503035792059,48.35290285362103,
diabetes,sasla,1003,200,164,35715,43158,0.818695871500167,207,215.79,0.8143018867924527,1,200,53000,0.019739496981848417,,,,0.017752561433609215,,,,0.016160644684529307,,,,0.05,0.0,1e-05,0.1,,,,55.496441476845156,52.629301702368025,50.214187107865094,
diabetes,sasla,1004,200,52,12057,41367,1.1557092783060325,197,206.835,0.7805094339622641,1,200,53000,0.017617260577256946,,,,0.017741559852971316,,,,0.020360431507470942,,,,0.05,0.0,1e-05,0.1,,,,53.25792410438113,53.445475557016536,57.25435604281173,
diabetes,sasla,1000,200,41,8662,38224,1.2622715085785219,186,191.12,0.7212075471698114,1,200,53000,0.01995313592178409,,,,0.02143597611600697,,,,0.025186274980862698,,,,0.05,0.5,1e-05,0.1,,,,52.79426910990523,54.72084984187841,59.314813832160986,
diabetes,sasla,1001,200,167,33664,40168,0.8700659410048245,202,200.84,0.7578867924528302,1,200,53000,0.020717370655994653,,,,0.02136938289449126,,,,0.018025478594953726,,,,0.05,0.5,1e-05,0.1,,,,55.77492884409802,56.64579772808354,52.02536179858359,
diabetes,sasla,1002,200,192,39939,41561,0.7715627199297096,203,207.805,0.7841698113207547,1,200,53000,0.019232248253997754,,,,0.020053042169626632,,,,0.014838885773217915,,,,0.05,0.5,1e-05,0.1,,,,54.77875075090705,55.93546195854643,48.11691129703075,
diabetes,sasla,1003,200,150,31693,41898,0.8718612423436344,202,209.49,0.7905283018867925,1,200,53000,0.01957539807781145,,,,0.018803642289625153,,,,0.017067030887491882,,,,0.05,0.5,1e-05,0.1,,,,55.26528281923952,54.16491750421821,51.60313453871694,
diabetes,sasla,1004,200,34,7643,40463,1.1584576701336842,199,202.315,0.7634528301886793,1,200,53000,0.017632372076501285,,,,0.01775588611979955,,,,0.02042635667467391,,,,0.05,0.5,1e-05,0.1,,,,53.280760644890165,53.467049748978944,57.34697324885424,
diabetes,sasla,1000,200,8,1712,36775,1.4944139638942928,176,183.875,0.6938679245283019,1,200,53000,0.01833590653813552,,,,0.02346672141923573,,,,0.027401434771250385,,,,0.05,0.9,1e-05,0.1,,,,50.60954054721077,57.25420783664471,61.868253041045755,
diabetes,sasla,1001,200,195,38060,38985,0.9332890951660519,183,194.925,0.735566037735849,1,200,53000,0.01926253042343393,,,,0.019792928742389537,,,,0.0179775095894952,,,,0.05,0.9,1e-05,0.1,,,,53.78093838799906,54.51634577330389,51.95609131081397,
diabetes,sasla,1002,200,199,39618,39795,0.7613365788096139,169,198.975,0.7508490566037735,1,200,53000,0.020455907283281127,,,,0.022639526817606375,,,,0.015573830467499916,,,,0.05,0.9,1e-05,0.1,,,,56.49453897390382,59.43342638378705,49.29408583888816,
diabetes,sasla,1003,200,48,9874,35492,1.0082426410085437,156,177.46,0.6696603773584906,1,200,53000,0.02013503339604071,,,,0.019728425879963592,,,,0.020300999248019314,,,,0.05,0.9,1e-05,0.1,,,,56.049697462316885,55.4808764163051,56.280222171489456,
diabetes,sasla,1004,200,175,33407,37984,1.1581785946404959,179,189.92,0.7166792452830189,1,200,53000,0.016684360991627636,,,,0.017019335274851614,,,,0.019323469765758005,,,,0.05,0.9,1e-05,0.1,,,,51.82864255376653,52.34634248887382,55.777314610946874,
diabetes,sasla,1000,200,33,7127,38201,1.2741668265151913,189,191.005,0.7207735849056603,1,200,53000,0.019836817808971417,,,,0.021762702543120273,,,,0.025275415195817143,,,,0.1,0.0,1e-05,0.1,,,,52.64016035992407,55.1362994379822,59.41968573631092,
diabetes,sasla,1001,200,114,23197,40170,0.9025831844775383,200,200.85,0.7579245283018867,1,200,53000,0.019740731012606684,,,,0.019945816750645225,,,,0.01781765186127304,,,,0.1,0.0,1e-05,0.1,,,,54.44441331405567,54.72649309488113,51.72457624083816,
diabetes,sasla,1002,200,89,19085,41596,0.8060210337785947,202,207.98,0.7848301886792453,1,200,53000,0.019703472515932192,,,,0.019557549686934968,,,,0.015881413286319795,,,,0.1,0.0,1e-05,0.1,,,,55.44577801148001,55.24008227640531,49.77848438831827,
diabetes,sasla,1003,200,194,40735,41949,0.9430887549478121,200,209.745,0.7914905660377358,1,200,53000,0.02055471851742044,,,,0.02158823686680573,,,,0.01938492389489678,,,,0.1,0.0,1e-05,0.1,,,,56.630821614033856,58.03709724946075,54.9957521150613,
diabetes,sasla,1004,200,32,7253,40319,1.1620250416305296,197,201.595,0.7607358490566037,1,200,53000,0.01763756498095907,,,,0.017706334457672692,,,,0.020495292181260134,,,,0.1,0.0,1e-05,0.1,,,,53.28860591749134,53.39239190964284,57.443659920629315,
diabetes,sasla,1000,200,19,4041,37588,1.3462080530131468,185,187.94,0.7092075471698113,1,200,53000,0.020292773605053663,,,,0.024929863247910064,,,,0.02731829524509587,,,,0.1,0.5,1e-05,0.1,,,,53.241699075205055,59.0121108362831,61.77432356477609,
diabetes,sasla,1001,200,147,29308,39794,0.9177162844939115,195,198.97,0.7508301886792452,1,200,53000,0.01991427800231185,,,,0.019909507194647326,,,,0.018275657216660465,,,,0.1,0.5,1e-05,0.1,,,,54.6832086319433,54.67665808822136,52.385152036995876,
diabetes,sasla,1002,200,183,37625,41070,0.7526723503391143,203,205.35,0.7749056603773584,1,200,53000,0.019544876434051464,,,,0.021283381747839777,,,,0.014710888082705082,,,,0.1,0.5,1e-05,0.1,,,,55.222181644904964,57.62585910168022,47.908937716297366,
diabetes,sasla,1003,200,197,39938,40506,1.0170818511985191,180,202.53,0.7642641509433963,1,200,53000,0.021569638036676535,,,,0.02358302732224717,,,,0.021938087384024963,,,,0.1,0.5,1e-05,0.1,,,,58.01209162469887,60.6592271460296,58.50547054842389,
diabetes,sasla,1004,200,16,3581,39595,1.165142713401244,189,197.975,0.7470754716981132,1,200,53000,0.018246969698819084,,,,0.019521783435715562,,,,0.021260323786232348,,,,0.1,0.5,1e-05,0.1,,,,54.20138957997319,56.06280082137196,58.505942850614105,
diabetes,sasla,1000,200,140,24168,33332,1.4011313284285523,156,166.66,0.6289056603773585,1,200,53000,0.01940066289262953,,,,0.023901068951921022,,,,0.02718287657114453,,,,0.1,0.9,1e-05,0.1,,,,52.05824057101774,57.78163994420464,61.62102355751966,
diabetes,sasla,1001,200,18,3739,36337,1.1026341922943206,174,181.685,0.6856037735849057,1,200,53000,0.01976537526825796,,,,0.022629640336548015,,,,0.021793978594309756,,,,0.1,0.9,1e-05,0.1,,,,54.47838681646474,58.29221158769658,57.205787279800845,
diabetes,sasla,1002,200,176,31668,36027,0.8370495568209875,170,180.135,0.679754716981132,1,200,53000,0.01812440654674143,,,,0.019678821507084766,,,,0.015171026467593317,,,,0.1,0.9,1e-05,0.1,,,,53.17763187144884,55.41108305784053,48.65243472434085,
diabetes,sasla,1003,200,40,7797,31342,1.042141260015935,142,156.71,0.5913584905660377,1,200,53000,0.01845158996293559,,,,0.02080056902413187,,,,0.019229163213271075,,,,0.1,0.9,1e-05,0.1,,,,53.655468723765935,56.968489377814606,54.774357051001694,
diabetes,sasla,1004,200,127,23249,36687,1.259600305038728,189,183.435,0.6922075471698114,1,200,53000,0.018667125755814327,,,,0.02244415922659357,,,,0.023513117296220024,,,,0.1,0.9,1e-05,0.1,,,,54.82186073155581,60.11276656817881,61.52762488457684,
diabetes,sasla,1000,200,15,3125,37276,1.3780207641123714,184,186.38,0.7033207547169811,1,200,53000,0.01862624050797602,,,,0.022416073548086154,,,,0.02566734617734192,,,,0.3,0.0,1e-05,0.1,,,,51.0086470557561,55.957843944019174,59.8786065667518,
diabetes,sasla,1001,200,117,23015,39261,0.9448996635522188,188,196.305,0.7407735849056604,1,200,53000,0.02056693791662432,,,,0.02058911246535923,,,,0.01943369271771769,,,,0.3,0.0,1e-05,0.1,,,,55.57206376897587,55.60201362025117,54.01935229290329,
diabetes,sasla,1002,200,191,39074,40884,0.7772918967282526,204,204.42,0.7713962264150943,1,200,53000,0.018972692225038428,,,,0.0198113182080797,,,,0.01474731992564149,,,,0.3,0.0,1e-05,0.1,,,,54.407851496007645,55.597310397317194,47.968224809744775,
diabetes,sasla,1003,200,149,29877,38605,1.0848863542002063,163,193.025,0.7283962264150944,1,200,53000,0.021313894053826627,,,,0.023692014492211293,,,,0.023123152813865424,,,,0.3,0.0,1e-05,0.1,,,,57.66715113258414,60.79923158352634,60.064880902099134,
diabetes,sasla,1004,200,8,1908,38842,1.1474663131179796,194,194.21,0.732867924528302,1,200,53000,0.01784581290296836,,,,0.01738816991827322,,,,0.02047746913636237,,,,0.3,0.0,1e-05,0.1,,,,53.60227384599058,52.91051432236778,57.41867751002166,
diabetes,sasla,1000,200,140,25671,36189,1.514719375797883,175,180.945,0.682811320754717,1,200,53000,0.01846184217119745,,,,0.024469659625701568,,,,0.027964510049635235,,,,0.3,0.5,1e-05,0.1,,,,50.783042690622004,58.464893849286625,62.50068953303935,
diabetes,sasla,1001,200,21,4252,38096,0.9551410776730552,174,190.48,0.7187924528301887,1,200,53000,0.01865432973036858,,,,0.02006959605739997,,,,0.01781751660193276,,,,0.3,0.5,1e-05,0.1,,,,52.925080997346214,54.896040685954425,51.724379911787885,
diabetes,sasla,1002,200,166,32631,37822,0.8866394435583899,153,189.11,0.713622641509434,1,200,53000,0.01977370297607806,,,,0.019458668580262403,,,,0.017532145003798728,,,,0.3,0.5,1e-05,0.1,,,,55.544504740276324,55.10026102692655,52.30155756971007,
diabetes,sasla,1003,200,53,10670,34283,1.029479593818478,151,171.415,0.6468490566037736,1,200,53000,0.020443538202647615,,,,0.02072631254387753,,,,0.021046205405074205,,,,0.3,0.5,1e-05,0.1,,,,56.47745610478656,56.86671183265735,57.30387594505893,
diabetes,sasla,1004,200,154,28948,37302,1.1333129140366507,164,186.51,0.703811320754717,1,200,53000,0.028934056649212066,,,,0.032661199642256514,,,,0.03279134005602005,,,,0.3,0.5,1e-05,0.1,,,,68.25268002054321,72.51554437172584,72.65987190663128,
diabetes,sasla,1000,200,40,6634,27589,1.8323435937956745,122,137.945,0.5205471698113208,1,200,53000,0.02410863508805526,,,,0.03983219925179656,,,,0.04417530305875567,,,,0.3,0.9,1e-05,0.1,,,,58.03199663638193,74.59304639707821,78.55448217594565,
diabetes,sasla,1001,200,20,3886,29794,0.9872104472730683,126,148.97,0.5621509433962264,1,200,53000,0.028498962315315547,,,,0.034121245685715874,,,,0.028134473334120978,,,,0.3,0.9,1e-05,0.1,,,,65.41633825092245,71.57875590910876,64.99666923448157,
diabetes,sasla,1002,200,17,3429,35500,0.9546825238351441,175,177.5,0.6698113207547169,1,200,53000,0.018464994504912464,,,,0.02245432418586459,,,,0.017628207556551898,,,,0.3,0.9,1e-05,0.1,,,,53.67495475199739,59.18982962553214,52.44464781091593,
diabetes,sasla,1003,200,5,984,25875,1.2244405028592027,119,129.375,0.4882075471698113,1,200,53000,0.019684606657160285,,,,0.03069474151779604,,,,0.02410262967387895,,,,0.3,0.9,1e-05,0.1,,,,55.419227292370586,69.20366352523634,61.32383545463349,
diabetes,sasla,1004,200,72,13171,36093,1.3257781394369885,170,180.465,0.681,1,200,53000,0.016066960921141602,,,,0.0170506572716305,,,,0.021301225556437917,,,,0.3,0.9,1e-05,0.1,,,,50.860650929085025,52.39448885507423,58.56219427029213,
diabetes,uncertainty,1000,200,200,31800,31800,0.9556892781246151,53,53.0,0.2,1,0,0,0.03090001656204901,,,,0.03494613659760113,,,,0.02953081452222327,,,,0.01,0.0,1e-05,,0.2,0.05,1.15,65.69927202631015,69.86839814476815,64.22718891147856,3
diabetes,uncertainty,1001,200,200,37728,37728,1.0746880568179868,66,62.88,0.23728301886792455,1,1,636,0.02883597884621858,,,,0.03113243616294843,,,,0.030989682072687222,,,,0.01,0.0,1e-05,,0.2,0.05,1.15,65.80199426026167,68.371996223547,68.21506027796897,3
diabetes,uncertainty,1002,200,200,38040,38040,0.942834320085713,79,63.4,0.2392452830188679,1,2,1233,0.02987189186851845,,,,0.033056991173972754,,,,0.02816424485952853,,,,0.01,0.0,1e-05,,0.2,0.05,1.15,68.26977317074952,71.81724756574216,66.28971492024942,3
diabetes,uncertainty,1003,200,195,149037,153012,0.8937841648848689,265,255.02,0.9623396226415095,1,17,5508,0.020566689659250036,,,,0.022857789049272624,,,,0.01838218154153906,,,,0.01,0.0,1e-05,,0.2,0.05,1.15,56.647310210498844,59.71923087593109,53.55445709759957,3
diabetes,uncertainty,1004,200,200,31800,31800,0.8786616941533288,53,53.0,0.2,1,0,0,0.031549711317548065,,,,0.030701891152092722,,,,0.027721522796325237,,,,0.01,0.0,1e-05,,0.2,0.05,1.15,71.27098160225641,70.30684495262075,66.80724874658237,3
diabetes,uncertainty,1000,200,200,31800,31800,1.1074084739305965,53,53.0,0.2,1,0,0,0.02373828770888976,,,,0.026064918899777047,,,,0.026287980965427046,,,,0.01,0.5,1e-05,,0.2,0.05,1.15,57.58453920463446,60.34056749193189,60.59821297759818,3
diabetes,uncertainty,1001,200,200,38547,38547,1.0478024461240636,66,64.245,0.24243396226415095,1,1,636,0.023787042884278586,,,,0.026732984942324286,,,,0.024924121720205104,,,,0.01,0.5,1e-05,,0.2,0.05,1.15,59.764313416055046,63.357120911906044,61.17607908365448,3
diabetes,uncertainty,1002,200,199,44433,44709,0.8922991839186359,92,74.515,0.281188679245283,1,3,1791,0.023854086884457844,,,,0.025547273631321737,,,,0.02128498226012597,,,,0.01,0.5,1e-05,,0.2,0.05,1.15,61.0068349133729,63.13488234191123,57.628025795928096,3
diabetes,uncertainty,1003,200,191,146169,153324,0.8354979940999168,265,255.54,0.9643018867924528,1,17,5508,0.019632953052954673,,,,0.018934287973702956,,,,0.016403292894001466,,,,0.01,0.5,1e-05,,0.2,0.05,1.15,55.34646781943047,54.35275780580966,50.589759574310875,3
diabetes,uncertainty,1004,200,198,31482,31800,0.9316169890903278,53,53.0,0.2,1,0,0,0.02512707747701316,,,,0.022840021180298806,,,,0.02340881226377439,,,,0.01,0.5,1e-05,,0.2,0.05,1.15,63.604235195918186,60.64057303127339,61.391003825779215,3
diabetes,uncertainty,1000,200,116,18444,31800,1.2361597313935297,53,53.0,0.2,1,0,0,0.021491769205129123,,,,0.021920159286171907,,,,0.02656725964778415,,,,0.01,0.9,1e-05,,0.2,0.05,1.15,54.79201667880876,55.335400066648326,60.919254701555964,3
diabetes,uncertainty,1001,200,188,51186,54498,0.9387672811803404,92,90.83,0.3427547169811321,1,3,1791,0.020299476913177024,,,,0.02172115378671582,,,,0.019056484751166284,,,,0.01,0.9,1e-05,,0.2,0.05,1.15,55.20954021040419,57.11013043485847,53.492525537847925,3
diabetes,uncertainty,1002,200,104,23010,45762,0.8730107597721937,79,76.27,0.287811320754717,1,2,1233,0.020136757309081522,,,,0.02037424310401991,,,,0.017579605797749535,,,,0.01,0.9,1e-05,,0.2,0.05,1.15,56.05209683097899,56.381657303636494,52.37230178819594,3
diabetes,uncertainty,1003,200,173,131445,152910,0.8578200721079638,265,254.85,0.9616981132075472,1,17,5508,0.019133462828309113,,,,0.01877902025368056,,,,0.01641306846305517,,,,0.01,0.9,1e-05,,0.2,0.05,1.15,54.63788555377055,54.12944332875139,50.6048318537685,3
diabetes,uncertainty,1004,200,200,34062,34062,1.0817159919392736,66,56.77,0.21422641509433962,1,1,636,0.018589206843348374,,,,0.016458309134557588,,,,0.02010824231991692,,,,0.01,0.9,1e-05,,0.2,0.05,1.15,54.70732444028662,51.476339096441144,56.898668109501905,3
diabetes,uncertainty,1000,200,191,30369,31800,1.2398182182966129,53,53.0,0.2,1,0,0,0.021092724435744673,,,,0.02191382537651569,,,,0.02615114402894639,,,,0.05,0.0,1e-05,,0.2,0.05,1.15,54.28096261121403,55.32740480660724,60.440291136840116,3
diabetes,uncertainty,1001,200,199,107691,108357,0.8925728771939302,222,180.595,0.6814905660377358,1,13,5226,0.02116882314869474,,,,0.02102809823308332,,,,0.018894717384639936,,,,0.05,0.0,1e-05,,0.2,0.05,1.15,56.3793499512117,56.191639727911635,53.264997017622555,3
diabetes,uncertainty,1002,200,200,44358,44358,0.8896837852928576,79,73.93,0.2789811320754717,1,2,1233,0.020735217641606615,,,,0.02127178785309518,,,,0.018447786920255813,,,,0.05,0.0,1e-05,,0.2,0.05,1.15,56.878926963609935,57.61016142816453,53.64993899561222,3
diabetes,uncertainty,1003,200,154,116922,153492,0.8086693889551376,265,255.82,0.9653584905660377,1,17,5508,0.019524259391102604,,,,0.017938364901167177,,,,0.01578867091160455,,,,0.05,0.0,1e-05,,0.2,0.05,1.15,55.19304821711502,52.90400158498985,49.63292635925368,3
diabetes,uncertainty,1004,200,134,21306,31800,1.0022413051262482,53,53.0,0.2,1,0,0,0.022271098738957534,,,,0.019516238589294712,,,,0.022321015066728338,,,,0.05,0.0,1e-05,,0.2,0.05,1.15,59.88056191757007,56.05483839062641,59.947629663976734,3
diabetes,uncertainty,1000,200,116,18444,31800,1.2384437235441585,53,53.0,0.2,1,0,0,0.021501249599767423,,,,0.021995695506397434,,,,0.026628087615188315,,,,0.05,0.5,1e-05,,0.2,0.05,1.15,54.80410020399944,55.430660146926996,60.988954697826365,3
diabetes,uncertainty,1001,200,188,37146,39522,0.9705950010012494,66,65.87,0.24856603773584907,1,1,636,0.020262158821261846,,,,0.020083018927102566,,,,0.019666350061410116,,,,0.05,0.5,1e-05,,0.2,0.05,1.15,55.15876889040489,54.91439529643156,54.3417461663555,3
diabetes,uncertainty,1002,200,150,40113,53913,0.8607244444790699,92,89.855,0.3390754716981132,1,3,1791,0.021081761829501167,,,,0.020799845211375432,,,,0.018145587739337454,,,,0.05,0.5,1e-05,,0.2,0.05,1.15,57.35226141529137,56.96749818190064,53.20869597190037,3
diabetes,uncertainty,1003,200,154,116922,153492,0.7977717991937766,265,255.82,0.9653584905660377,1,17,5508,0.019481185921776428,,,,0.017570784212956974,,,,0.015541540743244053,,,,0.05,0.5,1e-05,,0.2,0.05,1.15,55.13213249499031,52.35915972231231,49.242957815962406,3
diabetes,uncertainty,1004,200,176,30012,34764,1.1022223371981688,66,57.94,0.21864150943396227,1,1,636,0.01995514914660774,,,,0.0171622737424091,,,,0.02199501113151203,,,,0.05,0.5,1e-05,,0.2,0.05,1.15,56.68165657886498,52.565700685718895,59.508244465606026,3
diabetes,uncertainty,1000,200,36,7440,60699,1.3634311033535258,131,101.165,0.3817547169811321,1,6,3231,0.018505193236762297,,,,0.022130273134006895,,,,0.02523055603256902,,,,0.05,0.9,1e-05,,0.2,0.05,1.15,50.842630681591075,55.599973983432406,59.366932871281854,3
diabetes,uncertainty,1001,200,200,97164,97164,0.8894917420134028,170,161.94,0.6110943396226415,1,9,4320,0.019724037873619968,,,,0.020150296096199997,,,,0.017544368807744556,,,,0.05,0.9,1e-05,,0.2,0.05,1.15,54.42138882793004,55.00629871382941,51.32637361813021,3
diabetes,uncertainty,1002,200,194,67311,69474,0.892628934240058,131,115.79,0.4369433962264151,1,6,3231,0.019056077009982048,,,,0.019430409311575,,,,0.017010005712216746,,,,0.05,0.9,1e-05,,0.2,0.05,1.15,54.52728138723265,55.06023622214574,51.51685298277271,3
diabetes,uncertainty,1003,200,42,16701,106551,0.8758631257779866,265,177.585,0.6701320754716982,1,17,5508,0.020895927791280494,,,,0.018596587806074136,,,,0.018301972631302035,,,,0.05,0.9,1e-05,,0.2,0.05,1.15,57.09892410225029,53.865876141047934,53.43748946010563,3
diabetes,uncertainty,1004,200,149,28917,39015,1.1092178309740748,66,65.025,0.24537735849056605,1,1,636,0.019552724831481797,,,,0.01662381015855026,,,,0.02168823102720917,,,,0.05,0.9,1e-05,,0.2,0.05,1.15,56.107212094356626,51.73450889135766,59.091785243311584,3
diabetes,uncertainty,1000,200,116,18444,31800,1.2394454869316296,53,53.0,0.2,1,0,0,0.02150381125158657,,,,0.02202567520127564,,,,0.02665280180760857,,,,0.1,0.0,1e-05,,0.2,0.05,1.15,54.807364778021196,55.46842272677034,61.017250818954025,3
diabetes,uncertainty,1001,200,192,37938,39522,0.9946711868725994,66,65.87,0.24856603773584907,1,1,636,0.02056195703812876,,,,0.020503625460238845,,,,0.02045238621153893,,,,0.1,0.0,1e-05,,0.2,0.05,1.15,55.565334170744634,55.48646240763588,55.41708777152037,3
diabetes,uncertainty,1002,200,134,35736,53952,0.8684566111623035,92,89.92,0.33932075471698114,1,3,1791,0.021183145269306605,,,,0.02104711201736823,,,,0.018396642554340797,,,,0.1,0.0,1e-05,,0.2,0.05,1.15,57.490001223200224,57.305110177975216,53.5755182386603,3
diabetes,uncertainty,1003,200,183,138954,152469,0.9119118232660139,265,254.115,0.9589245283018868,1,17,5508,0.019598490008707465,,,,0.020491891141445184,,,,0.017872094757101182,,,,0.1,0.0,1e-05,,0.2,0.05,1.15,55.29786979268354,56.54420673547365,52.8061888842275,3
diabetes,uncertainty,1004,200,186,31992,34764,1.0734456217709918,66,57.94,0.21864150943396227,1,1,636,0.020195533829392272,,,,0.017620916083161745,,,,0.021678807368489088,,,,0.1,0.0,1e-05,,0.2,0.05,1.15,57.02203523247626,53.263449213043096,59.078945991471926,3
diabetes,uncertainty,1000,200,54,8586,35193,1.2676709935368375,118,58.655,0.22133962264150944,1,5,2790,0.020342073721823922,,,,0.022423682897363045,,,,0.025787056805544127,,,,0.1,0.5,1e-05,,0.2,0.05,1.15,53.30633365283594,55.96734084919461,60.018078857963324,3
diabetes,uncertainty,1001,200,70,38040,119550,0.9399852699344141,209,199.25,0.7518867924528302,1,12,5058,0.019818837946188415,,,,0.019515192564862126,,,,0.018629415736634326,,,,0.1,0.5,1e-05,,0.2,0.05,1.15,54.55201541059097,54.13250533244862,52.88972685412544,3
diabetes,uncertainty,1002,200,47,13830,62025,0.9584547216430332,105,103.375,0.3900943396226415,1,4,2310,0.022281017129826105,,,,0.02166831008866196,,,,0.021355346071091134,,,,0.1,0.5,1e-05,,0.2,0.05,1.15,58.96096757755183,58.144630720157494,57.72320045477377,3
diabetes,uncertainty,1003,200,132,93255,147075,0.8559701376273587,265,245.125,0.925,1,17,5508,0.0188181730394109,,,,0.017517751319536045,,,,0.01610779416644,,,,0.1,0.5,1e-05,,0.2,0.05,1.15,54.18584177138974,52.28008368040941,50.132011577621746,3
diabetes,uncertainty,1004,200,76,13566,38118,1.0850864341721347,66,63.53,0.23973584905660378,1,1,636,0.019353608534769046,,,,0.017012143104800898,,,,0.021000338073355936,,,,0.1,0.5,1e-05,,0.2,0.05,1.15,55.82079553455999,52.335280847116366,58.147117235840206,3
diabetes,uncertainty,1000,200,40,15018,141018,1.6878931475067644,265,235.03,0.8869056603773585,1,17,5508,0.016017068116273486,,,,0.02453560261758561,,,,0.027035099516607097,,,,0.1,0.9,1e-05,,0.2,0.05,1.15,47.30126033374676,58.54361901627777,61.45329695035937,3
diabetes,uncertainty,1001,200,198,73914,75012,1.0856409029351997,183,125.02,0.47177358490566035,1,10,4605,0.021930491644961022,,,,0.02348674664399229,,,,0.023808638751248338,,,,0.1,0.9,1e-05,,0.2,0.05,1.15,57.384670305436785,59.38587206366483,59.79143678230297,3
diabetes,uncertainty,1002,200,129,35097,54693,0.8057490019090239,92,91.155,0.3439811320754717,1,3,1791,0.02148405723590392,,,,0.02228632376969032,,,,0.017310757674785925,,,,0.1,0.9,1e-05,,0.2,0.05,1.15,57.896891369329225,58.96798848668599,51.97028926423706,3
diabetes,uncertainty,1003,200,36,17385,145218,1.0477153415637377,265,242.03,0.9133207547169812,1,17,5508,0.01660995949695362,,,,0.01838480339365112,,,,0.017402509387710614,,,,0.1,0.9,1e-05,,0.2,0.05,1.15,50.90745456720645,53.558276199803295,52.107835564505535,3
diabetes,uncertainty,1004,200,196,52809,54069,1.1449178969254554,105,90.115,0.3400566037735849,1,4,2310,0.01845240136561468,,,,0.019253883746403175,,,,0.021126484564743964,,,,0.1,0.9,1e-05,,0.2,0.05,1.15,54.505646053790585,55.67679379565839,58.32149710917845,3
diabetes,uncertainty,1000,200,58,12576,115599,1.3755862597443742,265,192.665,0.7270377358490566,1,17,5508,0.017969781230543293,,,,0.022091851285070973,,,,0.024718984151347708,,,,0.3,0.0,1e-05,,0.2,0.05,1.15,50.10171547387065,55.55168759723672,58.761992155253886,3
diabetes,uncertainty,1001,200,174,41043,47205,0.9096937334829712,79,78.675,0.2968867924528302,1,2,1233,0.022005318254346474,,,,0.0215538230880978,,,,0.020018100119277422,,,,0.3,0.0,1e-05,,0.2,0.05,1.15,57.48248489000117,56.88972884512796,54.82556744836528,3
diabetes,uncertainty,1002,200,49,17931,80745,0.8727247570926213,144,134.575,0.5078301886792452,1,7,3633,0.021333210835320665,,,,0.020521387034415972,,,,0.018618021244260905,,,,0.3,0.0,1e-05,,0.2,0.05,1.15,57.69327708304414,56.58488678123119,53.89690867420698,3
diabetes,uncertainty,1003,200,146,85731,123450,1.01248576044551,248,205.75,0.7764150943396226,1,15,5445,0.01827442080936705,,,,0.020511949029052918,,,,0.018502590849873247,,,,0.3,0.0,1e-05,,0.2,0.05,1.15,53.39725186544241,56.571873287509064,53.72957041845275,3
diabetes,uncertainty,1004,200,63,11772,38898,1.1076286171449452,66,64.83,0.24464150943396226,1,1,636,0.019634682302844084,,,,0.017193963926167916,,,,0.02174793600717952,,,,0.3,0.0,1e-05,,0.2,0.05,1.15,56.224679011524785,52.614209655583245,59.173065480046866,3
diabetes,uncertainty,1000,200,40,7881,104769,1.5175016782434265,265,174.615,0.6589245283018869,1,17,5508,0.017200872781614186,,,,0.023995499905837485,,,,0.0261023533133512,,,,0.3,0.5,1e-05,,0.2,0.05,1.15,49.01809658733652,57.895672429511315,60.38388248022645,3
diabetes,uncertainty,1001,200,190,65856,69396,0.8855210743726465,118,115.66,0.43645283018867925,1,5,2790,0.021012171223909186,,,,0.022795874234955982,,,,0.01860672043709807,,,,0.3,0.5,1e-05,,0.2,0.05,1.15,56.170355485256756,58.50592269670319,52.85750056172735,3
diabetes,uncertainty,1002,200,190,109146,115416,0.9227116241900531,209,192.36,0.7258867924528303,1,12,5058,0.01879068549401199,,,,0.019267244002612337,,,,0.017338383931824273,,,,0.3,0.5,1e-05,,0.2,0.05,1.15,54.14625291008807,54.82856687446417,52.01174245267007,3
diabetes,uncertainty,1003,200,88,41097,112716,1.1788646899909219,265,187.86,0.7089056603773586,1,17,5508,0.020165414310620577,,,,0.026827875070859833,,,,0.023772294889828228,,,,0.3,0.5,1e-05,,0.2,0.05,1.15,56.09196705246283,64.69790729174248,60.90215357592413,3
diabetes,uncertainty,1004,200,200,54654,54654,1.1241878871326856,92,91.09,0.34373584905660376,1,3,1791,0.01976716854434868,,,,0.016169889349450024,,,,0.022222011440467027,,,,0.3,0.5,1e-05,,0.2,0.05,1.15,56.4140498620777,51.02330301649985,59.81453472031749,3
diabetes,uncertainty,1000,200,14,3240,147591,1.7909694478690974,265,245.985,0.928245283018868,1,17,5508,0.015455731494006203,,,,0.0232771162392946,,,,0.02768074290023331,,,,0.3,0.9,1e-05,,0.2,0.05,1.15,46.46500449423685,57.022438961961186,62.18277112703423,3
diabetes,uncertainty,1001,200,59,19287,124050,1.4378498797867925,265,206.75,0.780188679245283,1,17,5508,0.015244753027981547,,,,0.022646659741764663,,,,0.021919666308662607,,,,0.3,0.9,1e-05,,0.2,0.05,1.15,47.844487110406504,58.31412780664176,57.37050543755143,3
diabetes,uncertainty,1002,200,125,71997,131622,1.1247522866373298,265,219.37,0.827811320754717,1,17,5508,0.01803776331234866,,,,0.022903096256978936,,,,0.02028801553138709,,,,0.3,0.9,1e-05,,0.2,0.05,1.15,53.050372485112675,59.77838734438341,56.26222199028999,3
diabetes,uncertainty,1003,200,40,16344,138243,0.9353148522658574,265,230.405,0.8694528301886792,1,17,5508,0.021842528663941606,,,,0.020828385200826242,,,,0.0204296414704273,,,,0.3,0.9,1e-05,,0.2,0.05,1.15,58.37791136030382,57.00656805104929,56.458257238630914,3
diabetes,uncertainty,1004,200,156,88332,123312,1.4217415288038207,265,205.52,0.7755471698113208,1,17,5508,0.015179574180031328,,,,0.01627220933931538,,,,0.021581431001308743,,,,0.3,0.9,1e-05,,0.2,0.05,1.15,49.43617259729661,51.184481329372375,58.94611193451734,3
concrete,sasla,1000,200,198,122364,123600,1.1410771985067212,618,618.0,1.0,1,200,123600,0.011166975702098866,,,,0.011905365780974432,,,,0.0127423813499436,,,,0.01,0.0,1e-06,0.7,,,,10.602714958162814,10.947644143262034,11.325948946750902,
concrete,sasla,1001,200,198,122364,123600,1.03856858441993,618,618.0,1.0,1,200,123600,0.01146445579388889,,,,0.0106160083338058,,,,0.01190662362500405,,,,0.01,0.0,1e-06,0.7,,,,10.743011051264975,10.337842847120998,10.94822245666176,
concrete,sasla,1002,200,199,122982,123600,1.0598603430716984,618,618.0,1.0,1,200,123600,0.011609821695993798,,,,0.010539576734397623,,,,0.012304789605717235,,,,0.01,0.0,1e-06,0.7,,,,10.810905606776581,10.300561170188235,11.129775305121122,
concrete,sasla,1003,200,137,84666,123600,0.9672686071935311,618,618.0,1.0,1,200,123600,0.01162056970864272,,,,0.013323007716872054,,,,0.011240212276874181,,,,0.01,0.0,1e-06,0.7,,,,10.514986729304308,11.258905099459254,10.341469974911488,
concrete,sasla,1004,200,199,122982,123600,0.9128562343177714,618,618.0,1.0,1,200,123600,0.011692249825936547,,,,0.012197972258074218,,,,0.010673343146807054,,,,0.01,0.0,1e-06,0.7,,,,10.734589647577979,10.964282701075083,10.256203755895575,
concrete,sasla,1000,200,195,120510,123600,1.114657531280592,618,618.0,1.0,1,200,123600,0.011028796927476605,,,,0.011629733542138275,,,,0.012293331556176049,,,,0.01,0.5,1e-06,0.7,,,,10.53691242541542,10.820172453170683,11.124592151965139,
concrete,sasla,1001,200,200,123600,123600,1.057826581460563,618,618.0,1.0,1,200,123600,0.01117195360687657,,,,0.01016881603774276,,,,0.011817989492198248,,,,0.01,0.5,1e-06,0.7,,,,10.605077881943844,10.117762850607098,10.907396488667551,
concrete,sasla,1002,200,199,122982,123600,1.0438096499220886,618,618.0,1.0,1,200,123600,0.011345742112628985,,,,0.009985799897950424,,,,0.011842795102689558,,,,0.01,0.5,1e-06,0.7,,,,10.687244727107513,10.026300805789916,10.91883763950667,
concrete,sasla,1003,200,68,42024,123600,0.9868602112399729,618,618.0,1.0,1,200,123600,0.01137002825898408,,,,0.013437992774926754,,,,0.01122062848946549,,,,0.01,0.5,1e-06,0.7,,,,10.401016631596152,11.307386064823929,10.33245709169541,
concrete,sasla,1004,200,194,119892,123600,0.9293881998077549,618,618.0,1.0,1,200,123600,0.011438197802490703,,,,0.011899455817483933,,,,0.010630526064701853,,,,0.01,0.5,1e-06,0.7,,,,10.617327297129634,10.829289266858247,10.235611238113556,
concrete,sasla,1000,200,200,123600,123600,1.1203580036774448,618,618.0,1.0,1,200,123600,0.01033926630435991,,,,0.011027974326885417,,,,0.011583679756242141,,,,0.01,0.9,1e-06,0.7,,,,10.202207708937935,10.536519461791348,10.798727240768791,
concrete,sasla,1001,200,200,123600,123600,1.0798116961072355,618,618.0,1.0,1,200,123600,0.008109406607805594,,,,0.007669405168522395,,,,0.008756632103597782,,,,0.01,0.9,1e-06,0.7,,,,9.035326249373501,8.786787860904372,9.388967860188664,
concrete,sasla,1002,200,200,123600,123600,1.0750122012099241,618,618.0,1.0,1,200,123600,0.00843651363166494,,,,0.007192268131923081,,,,0.00906935508971366,,,,0.01,0.9,1e-06,0.7,,,,9.215752585295512,8.509072722550611,9.555149875423787,
concrete,sasla,1003,200,200,123600,123600,0.9928332312049509,618,618.0,1.0,1,200,123600,0.010127626349380397,,,,0.012074296884866508,,,,0.01005504399289174,,,,0.01,0.9,1e-06,0.7,,,,9.816323308673422,10.718300871125056,9.781084398077095,
concrete,sasla,1004,200,200,123600,123600,0.920544267986862,618,618.0,1.0,1,200,123600,0.010264533235414066,,,,0.010432566181347394,,,,0.009448957233421058,,,,0.01,0.9,1e-06,0.7,,,,10.057869740113464,10.139860456899259,9.65002294125205,
concrete,sasla,1000,200,199,122982,123600,1.1087326315188177,618,618.0,1.0,1,200,123600,0.010796906250727675,,,,0.011349531269251466,,,,0.011970882279631266,,,,0.05,0.0,1e-06,0.7,,,,10.425549765222888,10.689029196699574,10.977725841473584,
concrete,sasla,1001,200,197,121746,123600,1.061015565036359,618,618.0,1.0,1,200,123600,0.01086068807692968,,,,0.00976238495736249,,,,0.011523359096627193,,,,0.05,0.0,1e-06,0.7,,,,10.456298455075224,9.91350579976783,10.770573986205788,
concrete,sasla,1002,200,197,121746,123600,1.048474085593888,618,618.0,1.0,1,200,123600,0.010977685132230642,,,,0.009414717087086364,,,,0.011509818380953144,,,,0.05,0.0,1e-06,0.7,,,,10.512467966990187,9.73538066127284,10.764244054661136,
concrete,sasla,1003,200,28,17304,123600,0.9940655837145266,618,618.0,1.0,1,200,123600,0.011203346389324756,,,,0.013288923177545093,,,,0.011136861068060147,,,,0.05,0.0,1e-06,0.7,,,,10.324496959661294,11.244493926014519,10.293816442741687,
concrete,sasla,1004,200,200,123600,123600,0.9247126261607929,618,618.0,1.0,1,200,123600,0.011161029059685058,,,,0.011466441309960296,,,,0.010320744492438295,,,,0.05,0.0,1e-06,0.7,,,,10.487899656754507,10.63042751116954,10.085371896231917,
concrete,sasla,1000,200,200,123600,123600,1.1179408353136144,618,618.0,1.0,1,200,123600,0.010418335231984089,,,,0.011040844941748722,,,,0.011647082391821552,,,,0.05,0.5,1e-06,0.7,,,,10.241143800412159,10.542666190801485,10.828240032244123,
concrete,sasla,1001,200,200,123600,123600,1.0770327606589984,618,618.0,1.0,1,200,123600,0.00811197381986097,,,,0.007642283500744312,,,,0.008736861557598383,,,,0.05,0.5,1e-06,0.7,,,,9.036756302404132,8.77123754128881,9.378362760401664,
concrete,sasla,1002,200,200,123600,123600,1.0812285423599317,618,618.0,1.0,1,200,123600,0.008396147049256576,,,,0.007193877577557795,,,,0.009078153835507329,,,,0.05,0.5,1e-06,0.7,,,,9.193678627273071,8.510024725704678,9.559783774561852,
concrete,sasla,1003,200,198,122364,123600,1.0000721014168723,618,618.0,1.0,1,200,123600,0.010248370433943471,,,,0.012291884778384093,,,,0.01024910935597239,,,,0.05,0.5,1e-06,0.7,,,,9.874666255201179,10.814445568983643,9.875022237498655,
concrete,sasla,1004,200,198,122364,123600,0.9207666278208428,618,618.0,1.0,1,200,123600,0.010321907634416405,,,,0.010479220900629018,,,,0.009504068085219806,,,,0.05,0.5,1e-06,0.7,,,,10.085940188031662,10.162508030669413,9.678123808124644,
concrete,sasla,1000,200,200,123600,123600,1.254086834751807,618,618.0,1.0,1,200,123600,0.004149258012426575,,,,0.0051825019807748545,,,,0.0052035298473726175,,,,0.05,0.9,1e-06,0.7,,,,6.463005434795404,7.2230236831824035,7.237662464184799,
concrete,sasla,1001,200,193,118572,122759,1.2718702157731003,595,613.795,0.9931957928802588,1,200,123600,0.004171484799609301,,,,0.005058420219549959,,,,0.00530558727217329,,,,0.05,0.9,1e-06,0.7,,,,6.480292860711719,7.136031408207116,7.308294367967603,
concrete,sasla,1002,200,196,121108,123577,1.2292836483151695,617,617.885,0.9998139158576052,1,200,123600,0.0038778776602345476,,,,0.003911543896743143,,,,0.004767011597893018,,,,0.05,0.9,1e-06,0.7,,,,6.2480767022535115,6.275139786078415,6.927434126618619,
concrete,sasla,1003,200,199,122909,123526,1.0852199668682612,617,617.63,0.9994012944983819,1,200,123600,0.005086206178521968,,,,0.0068231348186542536,,,,0.0055196525005407554,,,,0.05,0.9,1e-06,0.7,,,,6.956519379721287,8.057252893640115,7.246876950282733,
concrete,sasla,1004,200,200,123479,123479,1.0284163287361503,614,617.395,0.9990210355987055,1,200,123600,0.004445317358176157,,,,0.003941377864279548,,,,0.004571636957562606,,,,0.05,0.9,1e-06,0.7,,,,6.618930025695549,6.232473501654727,6.712314110340223,
concrete,sasla,1000,200,198,122364,123600,1.1164219056952116,618,618.0,1.0,1,200,123600,0.010487322691662871,,,,0.011080086317139618,,,,0.011708276785066899,,,,0.1,0.0,1e-06,0.7,,,,10.274994927020696,10.56138494714152,10.856648841646093,
concrete,sasla,1001,200,200,123600,123600,1.0753233985107546,618,618.0,1.0,1,200,123600,0.008102007458325096,,,,0.007650503757846011,,,,0.008712278194845624,,,,0.1,0.0,1e-06,0.7,,,,9.03120332217819,8.775953569515828,9.365159271961229,
concrete,sasla,1002,200,200,123600,123600,1.078948710708927,618,618.0,1.0,1,200,123600,0.008419876153574491,,,,0.007201890455459834,,,,0.009084614520228037,,,,0.1,0.0,1e-06,0.7,,,,9.206661001007044,8.514762838819449,9.563184893625241,
concrete,sasla,1003,200,200,123600,123600,0.9944881778268876,618,618.0,1.0,1,200,123600,0.010144076482968944,,,,0.01212462141031297,,,,0.010088164137284368,,,,0.1,0.0,1e-06,0.7,,,,9.824292318644904,10.740614076735715,9.79718003137772,
concrete,sasla,1004,200,198,122364,123600,0.9203957570368683,618,618.0,1.0,1,200,123600,0.010303862566351562,,,,0.010460639123059225,,,,0.009483631387160994,,,,0.1,0.0,1e-06,0.7,,,,10.07712006008846,10.15349394214024,9.667712722386035,
concrete,sasla,1000,200,198,122364,123600,1.1707231081826301,618,618.0,1.0,1,200,123600,0.006794625376996684,,,,0.007384625284591469,,,,0.007954624940294133,,,,0.1,0.5,1e-06,0.7,,,,8.270505577769645,8.622109458214467,8.948683626744755,
concrete,sasla,1001,200,179,110622,123600,1.0834613190146667,618,618.0,1.0,1,200,123600,0.005110440682023931,,,,0.005956015735692098,,,,0.005536964802091862,,,,0.1,0.5,1e-06,0.7,,,,7.1726307924546315,7.7433202040882545,7.465951800736345,
concrete,sasla,1002,200,192,118656,123600,1.0769917417813606,618,618.0,1.0,1,200,123600,0.005698057324338312,,,,0.005388633698157612,,,,0.0061367606825091575,,,,0.1,0.5,1e-06,0.7,,,,7.573780379168882,7.365269317136256,7.859933906437673,
concrete,sasla,1003,200,196,121128,123600,0.9419280313384397,618,618.0,1.0,1,200,123600,0.00632480494317742,,,,0.007433224636160962,,,,0.005957511068726739,,,,0.1,0.5,1e-06,0.7,,,,7.7574428898504895,8.409760883723868,7.528829251214394,
concrete,sasla,1004,200,194,119892,123600,1.0419419425144532,618,618.0,1.0,1,200,123600,0.0062847465224820905,,,,0.005737588984051789,,,,0.006548340999845944,,,,0.1,0.5,1e-06,0.7,,,,7.870100663574358,7.5197105012074585,8.033449122838139,
concrete,sasla,1000,200,199,122957,123575,1.304591315997852,618,617.875,0.9997977346278317,1,200,123600,0.0031316261145609005,,,,0.0037368776927851565,,,,0.004085492234008245,,,,0.1,0.9,1e-06,0.7,,,,5.614799511557815,6.1334346496767935,6.4131514349980625,
concrete,sasla,1001,200,192,115907,120612,1.3945046166236257,588,603.06,0.9758252427184465,1,200,123600,0.0032736600927657875,,,,0.004142630640302974,,,,0.004565134112618417,,,,0.1,0.9,1e-06,0.7,,,,5.740716399673028,6.457841877941489,6.779162913104092,
concrete,sasla,1002,200,180,111034,123385,1.3078291574829028,618,616.925,0.9982605177993527,1,200,123600,0.0044525103140483045,,,,0.005117472894151996,,,,0.005823122812705729,,,,0.1,0.9,1e-06,0.7,,,,6.695018286289266,7.177564038385194,7.6564469075711346,
concrete,sasla,1003,200,191,117833,123336,1.5524097157232348,610,616.68,0.9978640776699028,1,200,123600,0.0036981426922100325,,,,0.006059395085754448,,,,0.005741032645517735,,,,0.1,0.9,1e-06,0.7,,,,5.931804797839138,7.592934508613675,7.390775781167998,
concrete,sasla,1004,200,193,119023,123329,1.0690494284576164,614,616.645,0.9978074433656957,1,200,123600,0.003944558690904302,,,,0.0033536534359836353,,,,0.004216928214028767,,,,0.1,0.9,1e-06,0.7,,,,6.2349879040036225,5.749042174314335,6.446656173186144,
concrete,sasla,1000,200,186,114948,123600,1.2786478881744998,618,618.0,1.0,1,200,123600,0.0052849365617316756,,,,0.0065621853573003186,,,,0.00675757297379441,,,,0.3,0.0,1e-06,0.7,,,,7.294057620378666,8.127810082760375,8.247924419478661,
concrete,sasla,1001,200,195,120493,123578,1.275027858986344,617,617.89,0.9998220064724919,1,200,123600,0.004308640320130752,,,,0.0057355528676287385,,,,0.0054936364425185475,,,,0.3,0.0,1e-06,0.7,,,,6.585965040868796,7.598658802088792,7.436682806813624,
concrete,sasla,1002,200,193,119271,123597,1.1705913557392102,618,617.985,0.9999757281553399,1,200,123600,0.0046753499613885596,,,,0.004524187065706034,,,,0.005472924249857098,,,,0.3,0.0,1e-06,0.7,,,,6.860509383591589,6.748691523116801,7.422650620248742,
concrete,sasla,1003,200,189,116802,123600,1.0487666659842887,618,618.0,1.0,1,200,123600,0.005104431944938161,,,,0.006840953645616156,,,,0.005353358072636493,,,,0.3,0.0,1e-06,0.7,,,,6.968972130735665,8.067766915876245,7.1368762341065874,
concrete,sasla,1004,200,200,123600,123600,1.0633730602191358,618,618.0,1.0,1,200,123600,0.005255060436711676,,,,0.004699677832593118,,,,0.005588089698222603,,,,0.3,0.0,1e-06,0.7,,,,7.1965651546548965,6.805663123468421,7.421096662267766,
concrete,sasla,1000,200,198,122361,123597,1.3199962984009868,617,617.985,0.9999757281553399,1,200,123600,0.004180192184983411,,,,0.005139791744097398,,,,0.005517838210782835,,,,0.3,0.5,1e-06,0.7,,,,6.4870526830696065,7.193198775803193,7.4530456557645905,
concrete,sasla,1001,200,198,121529,122720,1.3861841681390457,596,613.6,0.9928802588996765,1,200,123600,0.0036298342077577405,,,,0.004542143983456318,,,,0.005031618711763316,,,,0.3,0.5,1e-06,0.7,,,,6.044949749980178,6.762071350871177,7.117101544297223,
concrete,sasla,1002,200,193,119253,123575,1.1412443271782453,617,617.875,0.9997977346278317,1,200,123600,0.005326560146231418,,,,0.005036190480778376,,,,0.006078906550260331,,,,0.3,0.5,1e-06,0.7,,,,7.3227248875331306,7.120334137874253,7.822796522501469,
concrete,sasla,1003,200,188,116101,123480,1.1775518959951428,617,617.4,0.9990291262135922,1,200,123600,0.0041702558493197225,,,,0.00605421194281098,,,,0.004910692682151273,,,,0.3,0.5,1e-06,0.7,,,,6.299069047054648,7.589686355622907,6.835438762836369,
concrete,sasla,1004,200,199,122744,123350,1.0334096413097846,606,616.75,0.9979773462783171,1,200,123600,0.004341181255774353,,,,0.0037699524248486385,,,,0.0044862185643905345,,,,0.3,0.5,1e-06,0.7,,,,6.540942987199924,6.0954298702831275,6.649310572486195,
concrete,sasla,1000,200,197,120958,122792,1.4305147731443353,611,613.96,0.9934627831715211,1,200,123600,0.0037958304764136625,,,,0.004683669964037572,,,,0.005429991572861245,,,,0.3,0.9,1e-06,0.7,,,,6.181625697907118,6.866610968007658,7.393479588905619,
concrete,sasla,1001,200,178,109189,122616,1.2842882690554627,612,613.08,0.9920388349514564,1,200,123600,0.003610748158609048,,,,0.003980055420704752,,,,0.004637241502615214,,,,0.3,0.9,1e-06,0.7,,,,6.029036313734342,6.329856437213389,6.8324924035344266,
concrete,sasla,1002,200,169,103780,122767,1.751987444860911,614,613.835,0.9932605177993528,1,200,123600,0.0030578003250177135,,,,0.003960384368330197,,,,0.005357227778322647,,,,0.3,0.9,1e-06,0.7,,,,5.548222403911719,6.314194699302616,7.343774900378102,
concrete,sasla,1003,200,200,120222,120222,1.4670778586397366,615,601.11,0.9726699029126213,1,200,123600,0.0026161501337071966,,,,0.004677081585367104,,,,0.0038380959360392146,,,,0.3,0.9,1e-06,0.7,,,,4.9891475778226875,6.670870219450004,6.043004697027567,
concrete,sasla,1004,200,200,123456,123456,1.1914609131656166,618,617.28,0.9988349514563106,1,200,123600,0.0028741392597154284,,,,0.0028242482971941717,,,,0.0034244245869456936,,,,0.3,0.9,1e-06,0.7,,,,5.322189179174589,5.275794149278641,5.809385647274044,
concrete,uncertainty,1000,200,200,78306,78306,1.0706854614208647,248,130.51,0.21118122977346276,1,2,2778,0.01665094799894602,,,,0.018035007470126273,,,,0.01782792794134634,,,,0.01,0.0,1e-06,,0.2,0.1,1.15,12.946989110504205,13.474338820036163,13.39675871492461,3
concrete,uncertainty,1001,200,200,74400,74400,0.9851080723367772,124,124.0,0.20064724919093851,1,0,0,0.021377911435239892,,,,0.019737213126324253,,,,0.021059553124555517,,,,0.01,0.0,1e-06,,0.2,0.1,1.15,14.670061592433925,14.095880712738442,14.560419116321361,3
concrete,uncertainty,1002,200,199,74028,74400,1.0206068156450478,124,124.0,0.20064724919093851,1,0,0,0.019517091212507588,,,,0.01966308052495454,,,,0.019919276313051314,,,,0.01,0.0,1e-06,,0.2,0.1,1.15,14.017057225040983,14.069383877477009,14.16074422389605,3
concrete,uncertainty,1003,200,200,74400,74400,0.8691447313718248,124,124.0,0.20064724919093851,1,0,0,0.018395887746227083,,,,0.01785805678454365,,,,0.015988688913540782,,,,0.01,0.0,1e-06,,0.2,0.1,1.15,13.22986443941971,13.035032507756725,12.333929029462764,3
concrete,uncertainty,1004,200,196,72912,74400,0.8913333748026736,124,124.0,0.20064724919093851,1,0,0,0.01912749274673903,,,,0.018434076576775208,,,,0.017048972661464563,,,,0.01,0.0,1e-06,,0.2,0.1,1.15,13.72983844670306,13.478671775304855,12.962402755402577,3
concrete,uncertainty,1000,200,197,172794,177816,1.1390294490842063,558,296.36,0.47954692556634304,1,7,6468,0.011350950829708575,,,,0.012313811672266011,,,,0.012929067270144872,,,,0.01,0.5,1e-06,,0.2,0.1,1.15,10.68969764935955,11.133854821197056,11.408614304633037,3
concrete,uncertainty,1001,200,199,74028,74400,0.9877592491879528,124,124.0,0.20064724919093851,1,0,0,0.016559292790800973,,,,0.015078525593969678,,,,0.016356594614125048,,,,0.01,0.5,1e-06,,0.2,0.1,1.15,12.911306563059293,12.320511522320007,12.832041206162296,3
concrete,uncertainty,1002,200,199,74028,74400,1.050909531990224,124,124.0,0.20064724919093851,1,0,0,0.014717388625533566,,,,0.014644567186455121,,,,0.015466643992577725,,,,0.01,0.5,1e-06,,0.2,0.1,1.15,12.172076675593495,12.141925697629887,12.478067914798551,3
concrete,uncertainty,1003,200,199,74028,74400,0.8644251289101873,124,124.0,0.20064724919093851,1,0,0,0.014470616792508538,,,,0.014301129448517235,,,,0.012508764786274114,,,,0.01,0.5,1e-06,,0.2,0.1,1.15,11.73379618213485,11.664877642208292,10.909434317332035,3
concrete,uncertainty,1004,200,196,72912,74400,0.8787320752413704,124,124.0,0.20064724919093851,1,0,0,0.014525108351273509,,,,0.014178174704314558,,,,0.01276367860462033,,,,0.01,0.5,1e-06,,0.2,0.1,1.15,11.964542438684651,11.82079173735428,11.215647056509312,3
concrete,uncertainty,1000,200,190,218550,231570,1.127061398432721,434,385.95,0.6245145631067961,1,5,5550,0.012129426893205142,,,,0.01330348472110007,,,,0.01367060883644324,,,,0.01,0.9,1e-06,,0.2,0.1,1.15,11.05018225558281,11.572628400353912,11.73122133761003,3
concrete,uncertainty,1001,200,180,92628,103788,0.9914581487580105,186,172.98,0.2799029126213592,1,1,1482,0.012178420393719082,,,,0.011573924499299455,,,,0.012074394138353524,,,,0.01,0.9,1e-06,,0.2,0.1,1.15,11.072476858610948,10.794179180500999,11.025085714440587,3
concrete,uncertainty,1002,200,196,102858,105090,1.02923243202562,186,175.15,0.2834142394822007,1,1,1482,0.012072615457449417,,,,0.010888605612866194,,,,0.012425527368180757,,,,0.01,0.9,1e-06,,0.2,0.1,1.15,11.024273630975076,10.469728853514098,11.184246120754585,3
concrete,uncertainty,1003,200,184,68448,74400,0.9106359613511397,124,124.0,0.20064724919093851,1,0,0,0.012314445463132099,,,,0.01322345651713726,,,,0.01121397688282548,,,,0.01,0.9,1e-06,,0.2,0.1,1.15,10.824365506105366,11.216762245785032,10.329394089087415,3
concrete,uncertainty,1004,200,147,56358,85932,0.9963211966285092,186,143.22,0.231747572815534,1,1,1482,0.01314906607172695,,,,0.013447219594148224,,,,0.013100693243130325,,,,0.01,0.9,1e-06,,0.2,0.1,1.15,11.383710901170764,11.512049613923422,11.362752390829055,3
concrete,uncertainty,1000,200,197,247566,252030,1.107918196491112,496,420.05,0.6796925566343043,1,6,6102,0.011087256828636862,,,,0.011414908569338775,,,,0.012283773589617119,,,,0.05,0.0,1e-06,,0.2,0.1,1.15,10.564801810588024,10.71977127664996,11.120266670515814,3
concrete,uncertainty,1001,200,200,95232,95232,0.9816991614434774,186,158.72,0.2568284789644013,1,1,1482,0.012815330414824931,,,,0.012480266194075272,,,,0.012580799121854726,,,,0.05,0.0,1e-06,,0.2,0.1,1.15,11.358322732639081,11.208854320921372,11.253909398577326,3
concrete,uncertainty,1002,200,200,103602,103602,1.0851464457047588,186,172.67,0.27940129449838186,1,1,1482,0.012130346922036838,,,,0.011374471851052163,,,,0.013163202847613934,,,,0.05,0.0,1e-06,,0.2,0.1,1.15,11.050601331174054,10.700767316243542,11.511451482970717,3
concrete,uncertainty,1003,200,195,72540,74400,0.8976407685236428,124,124.0,0.20064724919093851,1,0,0,0.012626623115863806,,,,0.01339605438840444,,,,0.011334171677582381,,,,0.05,0.0,1e-06,,0.2,0.1,1.15,10.960708494552838,11.289727769241505,10.384603330511656,3
concrete,uncertainty,1004,200,195,72540,74400,0.9715933887030249,124,124.0,0.20064724919093851,1,0,0,0.012105391806153047,,,,0.012274508761691083,,,,0.01176151864651807,,,,0.05,0.0,1e-06,,0.2,0.1,1.15,10.92259496658376,10.998626754872351,10.766340351350077,3
concrete,uncertainty,1000,200,192,253704,265608,1.1276184669906484,496,442.68,0.7163106796116505,1,6,6102,0.010795459863277488,,,,0.011368363280448983,,,,0.012173159901488036,,,,0.05,0.5,1e-06,,0.2,0.1,1.15,10.42485142214915,10.697893548916161,11.07008521142231,3
concrete,uncertainty,1001,200,200,103788,103788,0.9681531499208451,186,172.98,0.2799029126213592,1,1,1482,0.012450478182928335,,,,0.011678864220745117,,,,0.012053969670822827,,,,0.05,0.5,1e-06,,0.2,0.1,1.15,11.19546963252691,10.843003679166848,11.015757013977128,3
concrete,uncertainty,1002,200,200,105090,105090,1.0550044585824054,186,175.15,0.2834142394822007,1,1,1482,0.011808767797315711,,,,0.010891518868539824,,,,0.012458302676532406,,,,0.05,0.5,1e-06,,0.2,0.1,1.15,10.903140083129436,10.471129352264773,11.19898697221089,3
concrete,uncertainty,1003,200,190,70680,74400,0.9084910135092898,124,124.0,0.20064724919093851,1,0,0,0.01221082366292855,,,,0.013074967611329263,,,,0.011093423565317177,,,,0.05,0.5,1e-06,,0.2,0.1,1.15,10.778727650272133,11.153606786747972,10.273722157359073,3
concrete,uncertainty,1004,200,143,54126,85932,1.0061467802721347,186,143.22,0.231747572815534,1,1,1482,0.012582151503531263,,,,0.012819244297098905,,,,0.012659491224174178,,,,0.05,0.5,1e-06,,0.2,0.1,1.15,11.135606075395327,11.240033772048054,11.169777706336761,3
concrete,uncertainty,1000,200,199,318510,320364,1.2666930950501478,618,533.94,0.8639805825242719,1,8,6648,0.00486413761592201,,,,0.006309246543431094,,,,0.006161369531462098,,,,0.05,0.9,1e-06,,0.2,0.1,1.15,6.997650169723931,7.969627990525653,7.875677587278832,3
concrete,uncertainty,1001,200,200,120342,120342,1.148344292243949,248,200.57,0.324546925566343,1,2,2778,0.005922312282187353,,,,0.006249549872191057,,,,0.0068008535061360835,,,,0.05,0.9,1e-06,,0.2,0.1,1.15,7.721380463571664,7.931834967327707,8.274295189082844,3
concrete,uncertainty,1002,200,183,101742,111228,1.1453832006113023,186,185.38,0.2999676375404531,1,1,1482,0.007817602501244166,,,,0.007349182836428847,,,,0.008954150573981965,,,,0.05,0.9,1e-06,,0.2,0.1,1.15,8.871276031060068,8.601393700416068,9.49426822884656,3
concrete,uncertainty,1003,200,200,74400,74400,0.914157637451166,124,124.0,0.20064724919093851,1,0,0,0.011108137788887938,,,,0.011945274957331739,,,,0.010154588997571816,,,,0.05,0.9,1e-06,,0.2,0.1,1.15,10.280533388781555,10.660880964452408,9.829381558321364,3
concrete,uncertainty,1004,200,200,106578,106578,1.0080449680313572,186,177.63,0.2874271844660194,1,1,1482,0.006575717170300069,,,,0.0061265829074701695,,,,0.006628618604718381,,,,0.05,0.9,1e-06,,0.2,0.1,1.15,8.05022403541358,7.77043910974782,8.082541065751903,3
concrete,uncertainty,1000,200,168,90582,108438,1.12468115039203,186,180.73,0.2924433656957929,1,1,1482,0.011965437043245637,,,,0.012835757688324243,,,,0.013457301498740913,,,,0.1,0.0,1e-06,,0.2,0.1,1.15,10.97522881953328,11.36737155045756,11.639338312817653,3
concrete,uncertainty,1001,200,189,120900,129084,0.9916870196446013,248,215.14,0.3481229773462783,1,2,2778,0.012178692315356187,,,,0.011211591923362194,,,,0.012077451085384185,,,,0.1,0.0,1e-06,,0.2,0.1,1.15,11.072600471901112,10.623874738796092,11.026481269766887,3
concrete,uncertainty,1002,200,198,103974,105090,1.0607041805632114,186,175.15,0.2834142394822007,1,1,1482,0.011770024623685782,,,,0.010778032238078905,,,,0.012484514323675448,,,,0.1,0.0,1e-06,,0.2,0.1,1.15,10.885239430599745,10.416433356188291,11.210761836904666,3
concrete,uncertainty,1003,200,190,70680,74400,0.9090979943991662,124,124.0,0.20064724919093851,1,0,0,0.012292226798688176,,,,0.013184556057589936,,,,0.011174838729387104,,,,0.1,0.0,1e-06,,0.2,0.1,1.15,10.814596023299629,11.20025148780009,10.311352908298117,3
concrete,uncertainty,1004,200,113,42036,85932,0.9971180684653282,186,143.22,0.231747572815534,1,1,1482,0.01270390412205175,,,,0.012831761063881909,,,,0.012667292340148961,,,,0.1,0.0,1e-06,,0.2,0.1,1.15,11.189353843005234,11.245519842542635,11.173218733701022,3
concrete,uncertainty,1000,200,200,316200,316200,1.1379570123520653,558,527.0,0.8527508090614887,1,7,6468,0.009307825882556738,,,,0.009703457935489376,,,,0.01059190573280749,,,,0.1,0.5,1e-06,,0.2,0.1,1.15,9.679956947239244,9.883540909895387,10.326100651625934,3
concrete,uncertainty,1001,200,174,92814,107322,1.0211383565239205,186,178.87,0.28943365695792883,1,1,1482,0.013369803258733635,,,,0.012282049249807721,,,,0.01365241892667142,,,,0.1,0.5,1e-06,,0.2,0.1,1.15,11.601437607246273,11.119486137101257,11.723414044942647,3
concrete,uncertainty,1002,200,196,108996,111228,1.0476679001228606,186,185.38,0.2999676375404531,1,1,1482,0.011441817093605458,,,,0.010233793998474844,,,,0.011987224488047482,,,,0.1,0.5,1e-06,,0.2,0.1,1.15,10.732398772969342,10.150037242356085,10.985216479738058,3
concrete,uncertainty,1003,200,175,65100,74400,0.911079793338403,124,124.0,0.20064724919093851,1,0,0,0.011996599701760825,,,,0.012777496895177362,,,,0.0109298595770438,,,,0.1,0.5,1e-06,,0.2,0.1,1.15,10.683759487758484,11.02599803732561,10.197701840423885,3
concrete,uncertainty,1004,200,59,21948,97836,1.0155943312485434,186,163.06,0.2638511326860841,1,1,1482,0.014029160700214078,,,,0.014207805717048515,,,,0.014247936079312264,,,,0.1,0.5,1e-06,,0.2,0.1,1.15,11.758508816013418,11.833137445646827,11.849837182921084,3
concrete,uncertainty,1000,200,193,252630,265608,1.1997476739849138,618,442.68,0.7163106796116505,1,8,6648,0.004010426687390151,,,,0.0050464638457513675,,,,0.004811500089883357,,,,0.1,0.9,1e-06,,0.2,0.1,1.15,6.353961679472121,7.127592851072016,6.959684455057915,3
concrete,uncertainty,1001,200,193,222462,235440,1.3722328091766074,618,392.4,0.6349514563106796,1,8,6648,0.003539645985289235,,,,0.004379592761971689,,,,0.004857218353884147,,,,0.1,0.9,1e-06,,0.2,0.1,1.15,5.969379843205379,6.639970733196252,6.992671300890722,3
concrete,uncertainty,1002,200,198,146568,148056,1.1524909933737637,248,246.76,0.39928802588996765,1,2,2778,0.0059241416115531405,,,,0.00607932915422046,,,,0.006827519850785729,,,,0.1,0.9,1e-06,,0.2,0.1,1.15,7.722572891188297,7.8230684371383585,8.290501194768519,3
concrete,uncertainty,1003,200,194,165936,177060,1.3740301947476223,618,295.1,0.47750809061488675,1,8,6648,0.0040675309457320515,,,,0.006271709485609048,,,,0.005588910337506191,,,,0.1,0.9,1e-06,,0.2,0.1,1.15,6.22100358554044,7.724813183974552,7.29220031221096,3
concrete,uncertainty,1004,200,195,106206,108996,1.0504469813197759,186,181.66,0.29394822006472493,1,1,1482,0.005613709303450486,,,,0.0051905754354314255,,,,0.005896903991816305,,,,0.1,0.9,1e-06,,0.2,0.1,1.15,7.438088886710562,7.152274230032669,7.623395169921414,3
concrete,uncertainty,1000,200,190,137640,145080,1.1432882289525443,248,241.8,0.3912621359223301,1,2,2778,0.010837311049408794,,,,0.011502091889890638,,,,0.01239017015628642,,,,0.3,0.0,1e-06,,0.2,0.1,1.15,10.445039092356714,10.760630452981946,11.168322230324161,3
concrete,uncertainty,1001,200,192,104160,108624,1.0272511187808906,186,181.04,0.2929449838187702,1,1,1482,0.014289357863878631,,,,0.01309710599110596,,,,0.01467875885232984,,,,0.3,0.0,1e-06,,0.2,0.1,1.15,11.993768360314364,11.48251368120187,12.156091723243101,3
concrete,uncertainty,1002,200,197,148986,152334,1.109077821793349,372,253.89,0.41082524271844656,1,4,4812,0.007667626582183937,,,,0.007123811517131972,,,,0.008503994588093342,,,,0.3,0.0,1e-06,,0.2,0.1,1.15,8.785768944399576,8.468480866454072,9.252536095903238,3
concrete,uncertainty,1003,200,176,65472,74400,0.9156657261919304,124,124.0,0.20064724919093851,1,0,0,0.012066867340733254,,,,0.012913285183483794,,,,0.011049216846414203,,,,0.3,0.0,1e-06,,0.2,0.1,1.15,10.715002776682402,11.084430634331557,10.253231597924081,3
concrete,uncertainty,1004,200,199,127038,127782,1.0013938783188374,248,212.97,0.3446116504854369,1,2,2778,0.011731381888319098,,,,0.012178850275244936,,,,0.011747734007183229,,,,0.3,0.0,1e-06,,0.2,0.1,1.15,10.752538107079573,10.95568532715235,10.760029362383989,3
concrete,uncertainty,1000,200,200,333738,333738,1.1849924053346983,618,556.23,0.9000485436893204,1,8,6648,0.004215535621769129,,,,0.005155034263183231,,,,0.004995377696214303,,,,0.3,0.5,1e-06,,0.2,0.1,1.15,6.514418906443757,7.203856921767088,7.091424209653011,3
concrete,uncertainty,1001,200,199,150564,152418,1.226771038725563,618,254.03,0.4110517799352751,1,8,6648,0.005005030179837819,,,,0.006496210427959007,,,,0.006140026072572432,,,,0.3,0.5,1e-06,,0.2,0.1,1.15,7.0982722225557096,8.086849162205226,7.862024776369286,3
concrete,uncertainty,1002,200,198,148800,151032,1.1158737893652797,372,251.72,0.4073139158576052,1,4,4812,0.00631431428921883,,,,0.006670795383492977,,,,0.007045977813153948,,,,0.3,0.5,1e-06,,0.2,0.1,1.15,7.972828051062342,8.194795310445972,8.42209112605139,3
concrete,uncertainty,1003,200,200,74400,74400,0.9346133735722888,124,124.0,0.20064724919093851,1,0,0,0.00973552130268024,,,,0.010589548604434687,,,,0.009098948408182863,,,,0.3,0.5,1e-06,,0.2,0.1,1.15,9.624421275897252,10.037689164078369,9.304448149721793,3
concrete,uncertainty,1004,200,199,133734,134478,1.063354829588211,248,224.13,0.36266990291262136,1,2,2778,0.007783592913292468,,,,0.007069117079461168,,,,0.008276721115898118,,,,0.3,0.5,1e-06,,0.2,0.1,1.15,8.758433989309193,8.346780473892146,9.03161809623397,3
concrete,uncertainty,1000,200,199,329604,331458,1.345637535986319,618,552.43,0.8938996763754045,1,8,6648,0.002874395629861879,,,,0.0033120721332205983,,,,0.0038678946528171824,,,,0.3,0.9,1e-06,,0.2,0.1,1.15,5.3792604525809065,5.774298008063551,6.240029157079475,3
concrete,uncertainty,1001,200,198,304602,308310,1.336953543554798,618,513.85,0.8314724919093851,1,8,6648,0.0028291267744141916,,,,0.0034312882248715886,,,,0.003782411066218809,,,,0.3,0.9,1e-06,,0.2,0.1,1.15,5.33673336311548,5.877300555931726,6.170689063883594,3
concrete,uncertainty,1002,200,197,210330,215892,1.208041790435434,618,359.82,0.5822330097087378,1,8,6648,0.003248889864656295,,,,0.0034112443682678293,,,,0.003924794729026925,,,,0.3,0.9,1e-06,,0.2,0.1,1.15,5.718956525258653,5.860109299512471,6.285759700515264,3
concrete,uncertainty,1003,200,168,244434,303762,1.532986860704971,618,506.27,0.8192071197411003,1,8,6648,0.0032129883411397497,,,,0.0050789253335805805,,,,0.004925468910565498,,,,0.3,0.9,1e-06,,0.2,0.1,1.15,5.529038239859511,6.951538508308776,6.845714924121186,3
concrete,uncertainty,1004,200,177,282534,321036,1.1297495246686782,558,535.06,0.8657928802588996,1,7,6468,0.003230702051572636,,,,0.0036115927772696374,,,,0.003649884107110309,,,,0.3,0.9,1e-06,,0.2,0.1,1.15,5.642672672277413,5.966034934034649,5.997578507077049,3
