problem,strategy,seed,epochs_run,best_epoch,presentations,presentations_total,rho,subset_final,subset_mean,subset_frac_mean,converged,operator_calls,operator_evals,train_mse,train_accuracy,train_macro_f1,train_error_rate,val_mse,val_accuracy,val_macro_f1,val_error_rate,gen_mse,gen_accuracy,gen_macro_f1,gen_error_rate,eta,alpha,lam,p_beta,p_seed_frac,p_growth,p_rho_max,train_rmse,val_rmse,gen_rmse,p_committee
iris,passive,1,300,289,26010,27000,6.000403029069519,90,90.0,1.0,1,0,0,0.003890374297647806,1.0,1.0,0.0,0.018899808429281333,0.9333333333333333,0.9326599326599326,0.06666666666666665,0.023343813719820097,0.9333333333333333,0.9326599326599326,0.06666666666666665,0.3,0.0,0.0001,,,,,,,,
iris,passive,2,300,255,22950,27000,4.000441348522606,90,90.0,1.0,1,0,0,0.004993793098433337,1.0,1.0,0.0,0.011754243670865751,0.9333333333333333,0.9333333333333332,0.06666666666666665,0.019977376396939542,0.9333333333333333,0.9326599326599326,0.06666666666666665,0.3,0.0,0.0001,,,,,,,,
iris,passive,3,300,300,27000,27000,1.0502338882119218,90,90.0,1.0,1,0,0,0.010818515730638696,0.9777777777777777,0.9777530589543938,0.022222222222222254,0.00458903997167846,1.0,1.0,0.0,0.011361971840470516,0.9666666666666667,0.9665831244778613,0.033333333333333326,0.3,0.0,0.0001,,,,,,,,
iris,passive,4,300,142,12780,27000,2.9735261158797988,90,90.0,1.0,1,0,0,0.005544323850795745,0.9888888888888889,0.9888858016115588,0.011111111111111072,0.01928460619633718,0.9333333333333333,0.9326599326599326,0.06666666666666665,0.0164861917652364,0.9333333333333333,0.9326599326599326,0.06666666666666665,0.3,0.0,0.0001,,,,,,,,
iris,passive,5,300,288,25920,27000,0.7207049779393028,90,90.0,1.0,1,0,0,0.009849938023956457,0.9666666666666667,0.9666574048346764,0.033333333333333326,0.015807667120009743,0.9666666666666667,0.9665831244778613,0.033333333333333326,0.007098899366259038,1.0,1.0,0.0,0.3,0.0,0.0001,,,,,,,,
iris,passive,6,300,297,26730,27000,1.938451775654568,90,90.0,1.0,1,0,0,0.009537525213606323,0.9777777777777777,0.9777530589543938,0.022222222222222254,0.0033810130795461474,1.0,1.0,0.0,0.01848803268566539,0.9333333333333333,0.9326599326599326,0.06666666666666665,0.3,0.0,0.0001,,,,,,,,
iris,passive,7,300,257,23130,27000,1.2122289454721107,90,90.0,1.0,1,0,0,0.009601925743271542,0.9777777777777777,0.9777777777777779,0.022222222222222254,0.009671958953444654,1.0,1.0,0.0,0.011639732318267574,0.9666666666666667,0.9665831244778613,0.033333333333333326,0.3,0.0,0.0001,,,,,,,,
iris,passive,8,300,252,22680,27000,1.2759516149123378,90,90.0,1.0,1,0,0,0.009345564879312564,0.9777777777777777,0.9777777777777779,0.022222222222222254,0.012432397848643011,1.0,1.0,0.0,0.011924488600026893,0.9666666666666667,0.9665831244778613,0.033333333333333326,0.3,0.0,0.0001,,,,,,,,
iris,passive,9,300,242,21780,27000,0.6452145321870111,90,90.0,1.0,1,0,0,0.009858179568512936,0.9666666666666667,0.9666574048346764,0.033333333333333326,0.009066155079646884,0.9666666666666667,0.9665831244778613,0.033333333333333326,0.006360640718513625,1.0,1.0,0.0,0.3,0.0,0.0001,,,,,,,,
iris,passive,10,300,278,25020,27000,3.1223091130542593,90,90.0,1.0,1,0,0,0.005602261407828165,1.0,1.0,0.0,0.01235366019350196,0.9666666666666667,0.9665831244778613,0.033333333333333326,0.017491991847374065,0.9333333333333333,0.9326599326599326,0.06666666666666665,0.3,0.0,0.0001,,,,,,,,
iris,passive,11,300,298,26820,27000,0.7343793183590213,90,90.0,1.0,1,0,0,0.01142250014635439,0.9555555555555556,0.9555061179087875,0.0444444444444444,0.005539926524268116,1.0,1.0,0.0,0.008388447871435558,1.0,1.0,0.0,0.3,0.0,0.0001,,,,,,,,
iris,passive,12,300,192,17280,27000,2.6712988679384964,90,90.0,1.0,1,0,0,0.006914326929175156,1.0,1.0,0.0,0.015010421273336879,0.9333333333333333,0.9326599326599326,0.06666666666666665,0.018470233698462256,0.9333333333333333,0.9333333333333332,0.06666666666666665,0.3,0.0,0.0001,,,,,,,,
iris,passive,13,300,276,24840,27000,0.520043548317164,90,90.0,1.0,1,0,0,0.011587148597282795,0.9666666666666667,0.9666574048346764,0.033333333333333326,0.006989413426853321,0.9666666666666667,0.9665831244778613,0.033333333333333326,0.006025821871409195,1.0,1.0,0.0,0.3,0.0,0.0001,,,,,,,,
iris,passive,14,300,292,26280,27000,2.4338752175088323,90,90.0,1.0,1,0,0,0.010450165750602581,0.9888888888888889,0.9888858016115587,0.011111111111111072,0.008591644836753082,1.0,1.0,0.0,0.025434399439251208,0.9,0.8976982097186701,0.09999999999999998,0.3,0.0,0.0001,,,,,,,,
iris,passive,15,300,284,25560,27000,2.4449755475166293,90,90.0,1.0,1,0,0,0.006650982553757279,0.9888888888888889,0.9888858016115588,0.011111111111111072,0.011262128141690137,0.9666666666666667,0.9665831244778613,0.033333333333333326,0.016261489710896252,0.9666666666666667,0.9665831244778613,0.033333333333333326,0.3,0.0,0.0001,,,,,,,,
iris,passive,16,300,258,23220,27000,1.107924935250468,90,90.0,1.0,1,0,0,0.010433187606000776,0.9777777777777777,0.9777777777777779,0.022222222222222254,0.007679610505399518,1.0,1.0,0.0,0.011559188702834396,0.9333333333333333,0.9326599326599326,0.06666666666666665,0.3,0.0,0.0001,,,,,,,,
iris,passive,17,300,286,25740,27000,0.4298077520665253,90,90.0,1.0,1,0,0,0.011728611754573143,0.9666666666666667,0.9665831244778613,0.033333333333333326,0.006899426462470739,0.9666666666666667,0.9665831244778613,0.033333333333333326,0.0050410482530941075,1.0,1.0,0.0,0.3,0.0,0.0001,,,,,,,,
iris,passive,18,300,297,26730,27000,1.0452391522013396,90,90.0,1.0,1,0,0,0.01102947930898506,0.9666666666666667,0.9666574048346764,0.033333333333333326,0.00848242950369537,1.0,1.0,0.0,0.011528443602145761,0.9333333333333333,0.9326599326599326,0.06666666666666665,0.3,0.0,0.0001,,,,,,,,
iris,passive,19,300,293,26370,27000,3.1427392859193604,90,90.0,1.0,1,0,0,0.006207046683330676,0.9777777777777777,0.9777777777777779,0.022222222222222254,0.008576548024130682,0.9666666666666667,0.9665831244778613,0.033333333333333326,0.01950712946123878,0.9333333333333333,0.9326599326599326,0.06666666666666665,0.3,0.0,0.0001,,,,,,,,
iris,passive,20,300,235,21150,27000,4.209287789397704,90,90.0,1.0,1,0,0,0.004053122988794794,1.0,1.0,0.0,0.026846559119201144,0.9,0.8976982097186701,0.09999999999999998,0.017060761105661053,0.9333333333333333,0.9326599326599326,0.06666666666666665,0.3,0.0,0.0001,,,,,,,,
iris,passive,21,300,80,7200,27000,2.4715651060223767,90,90.0,1.0,1,0,0,0.005853335698231775,0.9888888888888889,0.9888858016115588,0.011111111111111072,0.01865392199683958,0.9333333333333333,0.9326599326599326,0.06666666666666665,0.01446690026558478,0.9333333333333333,0.9326599326599326,0.06666666666666665,0.3,0.0,0.0001,,,,,,,,
iris,passive,22,300,300,27000,27000,0.99491185325779,90,90.0,1.0,1,0,0,0.010428336109508649,0.9777777777777777,0.9777777777777779,0.022222222222222254,0.003810714265849936,1.0,1.0,0.0,0.010375275205106381,0.9666666666666667,0.9665831244778613,0.033333333333333326,0.3,0.0,0.0001,,,,,,,,
iris,passive,23,300,294,26460,27000,1.9102061198168847,90,90.0,1.0,1,0,0,0.007360433866791297,1.0,1.0,0.0,0.01102213687401545,0.9666666666666667,0.9665831244778613,0.033333333333333326,0.014059945816852193,0.9666666666666667,0.9665831244778613,0.033333333333333326,0.3,0.0,0.0001,,,,,,,,
iris,passive,24,300,195,17550,27000,0.6799689395393539,90,90.0,1.0,1,0,0,0.011379660436606211,0.9666666666666667,0.9666574048346764,0.033333333333333326,0.005770381733214699,1.0,1.0,0.0,0.007737815639397066,0.9666666666666667,0.9665831244778613,0.033333333333333326,0.3,0.0,0.0001,,,,,,,,
iris,passive,25,300,289,26010,27000,1.0285086512628774,90,90.0,1.0,1,0,0,0.010688067806424386,0.9666666666666667,0.9666574048346764,0.033333333333333326,0.006923338176661181,1.0,1.0,0.0,0.010992770204191727,1.0,1.0,0.0,0.3,0.0,0.0001,,,,,,,,
iris,passive,26,300,176,15840,27000,0.6438819880549012,90,90.0,1.0,1,0,0,0.0073676741010361415,0.9777777777777777,0.9777777777777779,0.022222222222222254,0.021841178075156124,0.9333333333333333,0.9326599326599326,0.06666666666666665,0.0047439126475157575,1.0,1.0,0.0,0.3,0.0,0.0001,,,,,,,,
iris,passive,27,300,268,24120,27000,1.0127015864034015,90,90.0,1.0,1,0,0,0.011414717920055543,0.9666666666666667,0.9666574048346764,0.033333333333333326,0.008494995974817534,1.0,1.0,0.0,0.011559702945987585,1.0,1.0,0.0,0.3,0.0,0.0001,,,,,,,,
iris,passive,28,300,284,25560,27000,0.9271862046009011,90,90.0,1.0,1,0,0,0.010520364303034976,0.9777777777777777,0.9777530589543938,0.022222222222222254,0.013769513257767074,0.9666666666666667,0.9665831244778613,0.033333333333333326,0.009754336649149804,0.9666666666666667,0.9665831244778613,0.033333333333333326,0.3,0.0,0.0001,,,,,,,,
iris,passive,29,300,300,27000,27000,0.7290099885209956,90,90.0,1.0,1,0,0,0.010638431262271177,0.9666666666666667,0.9666574048346764,0.033333333333333326,0.00992329950466361,1.0,1.0,0.0,0.0077555226523897125,1.0,1.0,0.0,0.3,0.0,0.0001,,,,,,,,
iris,passive,30,300,241,21690,27000,1.2813391549495106,90,90.0,1.0,1,0,0,0.008115602785981887,0.9777777777777777,0.9777530589543938,0.022222222222222254,0.01650316959425218,0.9333333333333333,0.9326599326599326,0.06666666666666665,0.010398839615695925,0.9666666666666667,0.9665831244778613,0.033333333333333326,0.3,0.0,0.0001,,,,,,,,
iris,sasla,1,300,269,22024,24534,6.197558281125547,81,81.78,0.9086666666666667,1,300,27000,0.003779847446748285,1.0,1.0,0.0,0.018294224618016757,0.9333333333333333,0.9326599326599326,0.06666666666666665,0.023425824844986086,0.9,0.8976982097186701,0.09999999999999998,0.3,0.0,0.0001,0.7,,,,,,,
iris,sasla,2,300,298,22337,22485,4.519828591391595,73,74.95,0.8327777777777778,1,300,27000,0.004779345919102183,1.0,1.0,0.0,0.0121235201100219,0.9333333333333333,0.9333333333333332,0.06666666666666665,0.02160182433330879,0.9333333333333333,0.9326599326599326,0.06666666666666665,0.3,0.0,0.0001,0.7,,,,,,,
iris,sasla,3,300,293,18789,19184,1.171255419985911,54,63.946666666666665,0.7105185185185185,1,300,27000,0.009921499866509028,0.9666666666666667,0.9666574048346764,0.033333333333333326,0.0035897409531714785,1.0,1.0,0.0,0.011620610493038192,0.9666666666666667,0.9665831244778613,0.033333333333333326,0.3,0.0,0.0001,0.7,,,,,,,
iris,sasla,4,300,111,8653,21855,3.5517022326964085,63,72.85,0.8094444444444444,1,300,27000,0.005560797743714907,0.9888888888888889,0.9888858016115588,0.011111111111111072,0.020719002750498254,0.9333333333333333,0.9326599326599326,0.06666666666666665,0.019750297761925384,0.9333333333333333,0.9326599326599326,0.06666666666666665,0.3,0.0,0.0001,0.7,,,,,,,
iris,sasla,5,300,284,20452,21514,0.7336000495097481,62,71.71333333333334,0.7968148148148149,1,300,27000,0.009957876710013542,0.9777777777777777,0.9777530589543938,0.022222222222222254,0.016520311197901615,0.9666666666666667,0.9665831244778613,0.033333333333333326,0.007305098847477902,1.0,1.0,0.0,0.3,0.0,0.0001,0.7,,,,,,,
iris,sasla,6,300,291,21359,21966,1.5733639662737298,71,73.22,0.8135555555555556,1,300,27000,0.009374717562477729,0.9888888888888889,0.9888858016115587,0.011111111111111072,0.003715715738141469,1.0,1.0,0.0,0.01474984280679595,0.9666666666666667,0.9665831244778613,0.033333333333333326,0.3,0.0,0.0001,0.7,,,,,,,
iris,sasla,7,300,284,21697,22892,1.5977011250049977,73,76.30666666666667,0.8478518518518519,1,300,27000,0.009090186703311718,0.9777777777777777,0.9777777777777779,0.022222222222222254,0.006805869503770443,1.0,1.0,0.0,0.014523401522386603,0.9666666666666667,0.9665831244778613,0.033333333333333326,0.3,0.0,0.0001,0.7,,,,,,,
iris,sasla,8,300,201,15542,22794,1.2361086215270836,74,75.98,0.8442222222222223,1,300,27000,0.009094905705316686,0.9777777777777777,0.9777777777777779,0.022222222222222254,0.011466890930453236,1.0,1.0,0.0,0.011242291354317816,0.9666666666666667,0.9665831244778613,0.033333333333333326,0.3,0.0,0.0001,0.7,,,,,,,
iris,sasla,9,300,251,17584,20787,0.6797140958824537,66,69.29,0.769888888888889,1,300,27000,0.009679143008313275,0.9777777777777777,0.9777530589543938,0.022222222222222254,0.00956720365967983,0.9666666666666667,0.9665831244778613,0.033333333333333326,0.00657904993881263,1.0,1.0,0.0,0.3,0.0,0.0001,0.7,,,,,,,
iris,sasla,10,300,289,21885,22674,3.674903962429678,72,75.58,0.8397777777777777,1,300,27000,0.0054849377702802194,1.0,1.0,0.0,0.012511833747310184,0.9666666666666667,0.9665831244778613,0.033333333333333326,0.020156619545682982,0.9,0.8976982097186701,0.09999999999999998,0.3,0.0,0.0001,0.7,,,,,,,
iris,sasla,11,300,298,22261,22409,0.6905670147226364,65,74.69666666666667,0.829962962962963,1,300,27000,0.01184448595718498,0.9555555555555556,0.9555061179087875,0.0444444444444444,0.0053078772959612285,1.0,1.0,0.0,0.00817941130837742,0.9666666666666667,0.9665831244778613,0.033333333333333326,0.3,0.0,0.0001,0.7,,,,,,,
iris,sasla,12,300,233,19104,24487,2.754553259782238,82,81.62333333333333,0.9069259259259259,1,300,27000,0.006822117069818229,1.0,1.0,0.0,0.015706245883533716,0.9333333333333333,0.9326599326599326,0.06666666666666665,0.018791884813283852,0.9666666666666667,0.9665831244778613,0.033333333333333326,0.3,0.0,0.0001,0.7,,,,,,,
iris,sasla,13,300,251,16821,19754,0.4917834536014837,63,65.84666666666666,0.7316296296296296,1,300,27000,0.011515104418824883,0.9666666666666667,0.9666574048346764,0.033333333333333326,0.0061460519705481735,1.0,1.0,0.0,0.005662937819671406,1.0,1.0,0.0,0.3,0.0,0.0001,0.7,,,,,,,
iris,sasla,14,300,297,21958,22162,2.3289302927774527,70,73.87333333333333,0.8208148148148149,1,300,27000,0.009623610474434123,0.9666666666666667,0.9666574048346764,0.033333333333333326,0.005815432731907757,1.0,1.0,0.0,0.022412717959800023,0.8666666666666667,0.8653198653198654,0.1333333333333333,0.3,0.0,0.0001,0.7,,,,,,,
iris,sasla,15,300,219,15994,21648,2.4011013319456063,71,72.16,0.8017777777777777,1,300,27000,0.0064368172958588505,1.0,1.0,0.0,0.011207703176582994,0.9666666666666667,0.9665831244778613,0.033333333333333326,0.0154554505825772,0.9666666666666667,0.9665831244778613,0.033333333333333326,0.3,0.0,0.0001,0.7,,,,,,,
iris,sasla,16,300,292,21467,21997,1.1337434471745858,68,73.32333333333334,0.8147037037037037,1,300,27000,0.00994625773046317,0.9777777777777777,0.9777777777777779,0.022222222222222254,0.007221796425421381,1.0,1.0,0.0,0.011276504525822184,0.9666666666666667,0.9665831244778613,0.033333333333333326,0.3,0.0,0.0001,0.7,,,,,,,
iris,sasla,17,300,273,18104,19711,0.40904361146631324,58,65.70333333333333,0.730037037037037,1,300,27000,0.011468684002837766,0.9666666666666667,0.9665831244778613,0.033333333333333326,0.007134371876607263,0.9666666666666667,0.9665831244778613,0.033333333333333326,0.0046911919232866936,1.0,1.0,0.0,0.3,0.0,0.0001,0.7,,,,,,,
iris,sasla,18,300,267,18665,20877,1.242144373304889,70,69.59,0.7732222222222223,1,300,27000,0.011135705064179208,0.9777777777777777,0.9777777777777779,0.022222222222222254,0.0085956345096756,0.9666666666666667,0.9665831244778613,0.033333333333333326,0.01383215338825296,0.9333333333333333,0.9326599326599326,0.06666666666666665,0.3,0.0,0.0001,0.7,,,,,,,
iris,sasla,19,300,297,22584,22810,3.4174723726549407,74,76.03333333333333,0.8448148148148148,1,300,27000,0.006200203545503862,0.9777777777777777,0.9777777777777779,0.022222222222222254,0.008485761072289114,0.9666666666666667,0.9665831244778613,0.033333333333333326,0.02118902432159666,0.9333333333333333,0.9326599326599326,0.06666666666666665,0.3,0.0,0.0001,0.7,,,,,,,
iris,sasla,20,300,272,20945,23047,4.317361084478583,75,76.82333333333334,0.8535925925925927,1,300,27000,0.00387079684875479,1.0,1.0,0.0,0.029988320054407228,0.8666666666666667,0.861111111111111,0.1333333333333333,0.016711627680736262,0.9333333333333333,0.9326599326599326,0.06666666666666665,0.3,0.0,0.0001,0.7,,,,,,,
iris,sasla,21,300,57,4833,23056,2.3724851906328337,77,76.85333333333334,0.853925925925926,1,300,27000,0.0057242772022932055,1.0,1.0,0.0,0.017886801223694432,0.9333333333333333,0.9326599326599326,0.06666666666666665,0.01358076288951778,0.9333333333333333,0.9326599326599326,0.06666666666666665,0.3,0.0,0.0001,0.7,,,,,,,
iris,sasla,22,300,296,21909,22191,1.3172023961973787,68,73.97,0.8218888888888889,1,300,27000,0.010051199684987966,0.9777777777777777,0.9777530589543938,0.022222222222222254,0.004048615781472075,1.0,1.0,0.0,0.013239464309724487,0.9666666666666667,0.9665831244778613,0.033333333333333326,0.3,0.0,0.0001,0.7,,,,,,,
iris,sasla,23,300,300,22940,22940,1.8802949585609308,74,76.46666666666667,0.8496296296296296,1,300,27000,0.0069391201065362425,0.9888888888888889,0.9888858016115587,0.011111111111111072,0.011070130809417877,0.9666666666666667,0.9665831244778613,0.033333333333333326,0.013047592553168886,0.9666666666666667,0.9665831244778613,0.033333333333333326,0.3,0.0,0.0001,0.7,,,,,,,
iris,sasla,24,300,202,14391,20963,0.5868135369198201,68,69.87666666666667,0.7764074074074074,1,300,27000,0.011071298194204748,0.9666666666666667,0.9666574048346764,0.033333333333333326,0.00625997025939562,1.0,1.0,0.0,0.006496787651635305,1.0,1.0,0.0,0.3,0.0,0.0001,0.7,,,,,,,
iris,sasla,25,300,299,22540,22610,1.3219105485118607,80,75.36666666666666,0.8374074074074074,1,300,27000,0.01052736366327964,0.9777777777777777,0.9777777777777779,0.022222222222222254,0.008535844918200124,0.9666666666666667,0.9665831244778613,0.033333333333333326,0.01391623307450982,0.9666666666666667,0.9665831244778613,0.033333333333333326,0.3,0.0,0.0001,0.7,,,,,,,
iris,sasla,26,300,172,13521,22953,0.6949403078580414,74,76.51,0.8501111111111112,1,300,27000,0.006916658783891823,0.9888888888888889,0.9888858016115587,0.011111111111111072,0.02060202026906252,0.9333333333333333,0.9326599326599326,0.06666666666666665,0.004806664984626809,1.0,1.0,0.0,0.3,0.0,0.0001,0.7,,,,,,,
iris,sasla,27,300,300,20025,20025,0.8938031009020768,67,66.75,0.7416666666666667,1,300,27000,0.010637158288321463,0.9777777777777777,0.9777777777777779,0.022222222222222254,0.008005381883759046,1.0,1.0,0.0,0.009507525062887951,1.0,1.0,0.0,0.3,0.0,0.0001,0.7,,,,,,,
iris,sasla,28,300,294,21887,22302,0.3741993674693935,61,74.34,0.8260000000000001,1,300,27000,0.010228017847627578,0.9666666666666667,0.9665831244778613,0.033333333333333326,0.014408830195278386,0.9666666666666667,0.9665831244778613,0.033333333333333326,0.003827317809047907,1.0,1.0,0.0,0.3,0.0,0.0001,0.7,,,,,,,
iris,sasla,29,300,274,20529,22420,0.7884560937769641,74,74.73333333333333,0.8303703703703704,1,300,27000,0.010380800024850114,0.9777777777777777,0.9777777777777779,0.022222222222222254,0.009714725517684751,1.0,1.0,0.0,0.008184805037873133,1.0,1.0,0.0,0.3,0.0,0.0001,0.7,,,,,,,
iris,sasla,30,300,243,19984,24628,1.2206880727566656,80,82.09333333333333,0.9121481481481482,1,300,27000,0.008154025210970766,0.9777777777777777,0.9777530589543938,0.022222222222222254,0.01598366893155636,0.9333333333333333,0.9326599326599326,0.06666666666666665,0.009953521319989167,0.9666666666666667,0.9665831244778613,0.033333333333333326,0.3,0.0,0.0001,0.7,,,,,,,
iris,uncertainty,1,300,279,15978,17868,6.223238890318257,90,59.56,0.6617777777777778,1,18,684,0.003971594090426222,1.0,1.0,0.0,0.016176214761807146,0.9666666666666667,0.9665831244778613,0.033333333333333326,0.024716178800098628,0.9,0.8976982097186701,0.09999999999999998,0.3,0.0,0.0001,,0.2,0.05,1.15,,,,
iris,uncertainty,2,300,299,18498,18588,3.6715938640681447,90,61.96,0.6884444444444444,1,18,684,0.005194074317906505,1.0,1.0,0.0,0.011909473045536,0.9333333333333333,0.9333333333333332,0.06666666666666665,0.019070531395139458,0.9333333333333333,0.9326599326599326,0.06666666666666665,0.3,0.0,0.0001,,0.2,0.05,1.15,,,,
iris,uncertainty,3,300,298,5364,5400,0.7517626729252868,18,18.0,0.2,1,0,0,0.016731775398137885,0.9666666666666667,0.9666574048346764,0.033333333333333326,0.007677083377816529,1.0,1.0,0.0,0.01257832419608969,0.9666666666666667,0.9665831244778613,0.033333333333333326,0.3,0.0,0.0001,,0.2,0.05,1.15,,,,
iris,uncertainty,4,300,276,13172,15332,2.55400399978508,90,51.10666666666667,0.5678518518518518,1,18,684,0.00571471485740621,1.0,1.0,0.0,0.018209868586215833,0.9333333333333333,0.9326599326599326,0.06666666666666665,0.014595404603446683,0.9333333333333333,0.9326599326599326,0.06666666666666665,0.3,0.0,0.0001,,0.2,0.05,1.15,,,,
iris,uncertainty,5,300,286,22696,23956,0.7233086584495086,90,79.85333333333334,0.8872592592592593,1,18,684,0.0098870073641412,0.9666666666666667,0.9666574048346764,0.033333333333333326,0.015901291876055528,0.9666666666666667,0.9665831244778613,0.033333333333333326,0.007151358032637383,1.0,1.0,0.0,0.3,0.0,0.0001,,0.2,0.05,1.15,,,,
iris,uncertainty,6,300,295,5310,5400,1.25125036700089,18,18.0,0.2,1,0,0,0.018809363915320135,0.9555555555555556,0.9555555555555556,0.0444444444444444,0.01221396290002327,1.0,1.0,0.0,0.023535223502097618,0.9333333333333333,0.9333333333333332,0.06666666666666665,0.3,0.0,0.0001,,0.2,0.05,1.15,,,,
iris,uncertainty,7,300,299,8566,8600,1.6271965663525245,34,28.666666666666668,0.31851851851851853,1,4,264,0.010810102388501563,0.9666666666666667,0.9665831244778613,0.033333333333333326,0.004594982278629085,1.0,1.0,0.0,0.017590161488488968,0.9333333333333333,0.9326599326599326,0.06666666666666665,0.3,0.0,0.0001,,0.2,0.05,1.15,,,,
iris,uncertainty,8,300,294,9724,9976,1.0356272688924277,42,33.25333333333333,0.36948148148148147,1,6,372,0.010229356132591672,0.9777777777777777,0.9777530589543938,0.022222222222222254,0.010810626552841143,0.9666666666666667,0.9665831244778613,0.033333333333333326,0.01059380015412392,0.9666666666666667,0.9665831244778613,0.033333333333333326,0.3,0.0,0.0001,,0.2,0.05,1.15,,,,
iris,uncertainty,9,300,273,10530,11664,0.4155093151284058,42,38.88,0.43200000000000005,1,6,372,0.01450161190779728,0.9444444444444444,0.944429008057794,0.05555555555555558,0.010957127982327803,0.9666666666666667,0.9665831244778613,0.033333333333333326,0.006025554832066782,1.0,1.0,0.0,0.3,0.0,0.0001,,0.2,0.05,1.15,,,,
iris,uncertainty,10,300,297,23758,24028,3.113820890601496,90,80.09333333333333,0.8899259259259259,1,18,684,0.005603272799927479,0.9888888888888889,0.9888858016115587,0.011111111111111072,0.012413527901212723,0.9666666666666667,0.9665831244778613,0.033333333333333326,0.01744758790015332,0.9333333333333333,0.9326599326599326,0.06666666666666665,0.3,0.0,0.0001,,0.2,0.05,1.15,,,,
iris,uncertainty,11,300,277,6470,7160,0.8062459876970897,30,23.866666666666667,0.2651851851851852,1,3,204,0.015196795637910319,0.9777777777777777,0.9777777777777779,0.022222222222222254,0.015965211125704426,0.9333333333333333,0.9326599326599326,0.06666666666666665,0.01225235550891783,1.0,1.0,0.0,0.3,0.0,0.0001,,0.2,0.05,1.15,,,,
iris,uncertainty,12,300,298,17008,17188,2.68557498722944,90,57.29333333333334,0.6365925925925926,1,18,684,0.006785640488500264,1.0,1.0,0.0,0.014283636559659472,0.9666666666666667,0.9665831244778613,0.033333333333333326,0.018223346368247666,0.9333333333333333,0.9333333333333332,0.06666666666666665,0.3,0.0,0.0001,,0.2,0.05,1.15,,,,
iris,uncertainty,13,300,279,5022,5400,1.1228163606223869,18,18.0,0.2,1,0,0,0.030374007105576445,0.9111111111111111,0.9110122358175751,0.0888888888888889,0.018995940494652752,0.9666666666666667,0.9665831244778613,0.033333333333333326,0.034104432115801865,0.9,0.899749373433584,0.09999999999999998,0.3,0.0,0.0001,,0.2,0.05,1.15,,,,
iris,uncertainty,14,300,295,5310,5400,1.3532141086337537,18,18.0,0.2,1,0,0,0.01637221429043424,0.9777777777777777,0.9777777777777779,0.022222222222222254,0.013871895957544667,0.9666666666666667,0.9665831244778613,0.033333333333333326,0.022155111367390772,0.9333333333333333,0.9333333333333332,0.06666666666666665,0.3,0.0,0.0001,,0.2,0.05,1.15,,,,
iris,uncertainty,15,300,246,6444,8496,2.5569555420579673,38,28.32,0.31466666666666665,1,5,320,0.007608847406126034,0.9888888888888889,0.9888858016115588,0.011111111111111072,0.013584083770466418,0.9666666666666667,0.9665831244778613,0.033333333333333326,0.019455484543767353,0.9333333333333333,0.9326599326599326,0.06666666666666665,0.3,0.0,0.0001,,0.2,0.05,1.15,,,,
iris,uncertainty,16,300,294,5780,5912,0.5962332399228498,22,19.706666666666667,0.21896296296296297,1,1,72,0.023597040847396254,0.9444444444444444,0.9443052074631022,0.05555555555555558,0.01886150861701836,0.9333333333333333,0.9326599326599326,0.06666666666666665,0.014069340117034899,1.0,1.0,0.0,0.3,0.0,0.0001,,0.2,0.05,1.15,,,,
iris,uncertainty,17,300,290,5220,5400,0.6807074889962164,18,18.0,0.2,1,0,0,0.018998236334592626,0.9444444444444444,0.944429008057794,0.05555555555555558,0.014235377550550182,1.0,1.0,0.0,0.012932241750677228,1.0,1.0,0.0,0.3,0.0,0.0001,,0.2,0.05,1.15,,,,
iris,uncertainty,18,300,295,6754,6884,1.0443201324395017,26,22.946666666666665,0.25496296296296295,1,2,140,0.012260196939401705,0.9666666666666667,0.9666574048346764,0.033333333333333326,0.010499986802636026,0.9666666666666667,0.9665831244778613,0.033333333333333326,0.012803570491490363,0.9666666666666667,0.9665831244778613,0.033333333333333326,0.3,0.0,0.0001,,0.2,0.05,1.15,,,,
iris,uncertainty,19,300,297,7274,7364,3.010913360382288,30,24.546666666666667,0.27274074074074073,1,3,204,0.008574760863242893,0.9888888888888889,0.9888858016115588,0.011111111111111072,0.011557594035665125,0.9666666666666667,0.9665831244778613,0.033333333333333326,0.02581786204522119,0.9333333333333333,0.9326599326599326,0.06666666666666665,0.3,0.0,0.0001,,0.2,0.05,1.15,,,,
iris,uncertainty,20,300,283,21298,22828,4.083255064503968,90,76.09333333333333,0.8454814814814815,1,18,684,0.00409082343704413,1.0,1.0,0.0,0.02881877218129235,0.9,0.8976982097186701,0.09999999999999998,0.016703875517301976,0.9333333333333333,0.9326599326599326,0.06666666666666665,0.3,0.0,0.0001,,0.2,0.05,1.15,,,,
iris,uncertainty,21,300,174,4188,14344,2.3631474692217167,90,47.81333333333333,0.5312592592592592,1,18,684,0.0064336694321104814,0.9888888888888889,0.9888858016115588,0.011111111111111072,0.01968860012939606,0.9333333333333333,0.9326599326599326,0.06666666666666665,0.015203709636301004,0.9333333333333333,0.9326599326599326,0.06666666666666665,0.3,0.0,0.0001,,0.2,0.05,1.15,,,,
iris,uncertainty,22,300,300,9320,9320,1.2062619989209515,34,31.066666666666666,0.3451851851851852,1,4,264,0.011832581316892916,0.9666666666666667,0.9666574048346764,0.033333333333333326,0.005659283129194995,1.0,1.0,0.0,0.014273193191709955,0.9666666666666667,0.9665831244778613,0.033333333333333326,0.3,0.0,0.0001,,0.2,0.05,1.15,,,,
iris,uncertainty,23,300,296,5476,5564,1.3747417148634997,22,18.546666666666667,0.20607407407407408,1,1,72,0.013863089886692357,0.9777777777777777,0.9777530589543938,0.022222222222222254,0.014917223231823002,0.9666666666666667,0.9665831244778613,0.033333333333333326,0.01905816796413829,0.9666666666666667,0.9665831244778613,0.033333333333333326,0.3,0.0,0.0001,,0.2,0.05,1.15,,,,
iris,uncertainty,24,300,295,7882,8032,0.5331450585624418,30,26.773333333333333,0.29748148148148146,1,3,204,0.01514276813117584,0.9555555555555556,0.9555061179087875,0.0444444444444444,0.005198669293289301,1.0,1.0,0.0,0.00807329200209322,0.9666666666666667,0.9665831244778613,0.033333333333333326,0.3,0.0,0.0001,,0.2,0.05,1.15,,,,
iris,uncertainty,25,300,244,5436,6892,0.9123300552208288,26,22.973333333333333,0.25525925925925924,1,2,140,0.014157077377988148,0.9777777777777777,0.9777530589543938,0.022222222222222254,0.011838145252585449,0.9666666666666667,0.9665831244778613,0.033333333333333326,0.012915927186025473,0.9666666666666667,0.9665831244778613,0.033333333333333326,0.3,0.0,0.0001,,0.2,0.05,1.15,,,,
iris,uncertainty,26,300,236,15996,21756,0.6859740339333402,90,72.52,0.8057777777777777,1,18,684,0.007218308667642311,0.9888888888888889,0.9888858016115587,0.011111111111111072,0.020481930004162777,0.9333333333333333,0.9326599326599326,0.06666666666666665,0.004951572314918591,1.0,1.0,0.0,0.3,0.0,0.0001,,0.2,0.05,1.15,,,,
iris,uncertainty,27,300,298,8272,8340,0.6030549528012635,34,27.8,0.3088888888888889,1,4,264,0.011884424653722888,0.9666666666666667,0.9666574048346764,0.033333333333333326,0.014900061207590173,0.9666666666666667,0.9665831244778613,0.033333333333333326,0.007166961148621029,1.0,1.0,0.0,0.3,0.0,0.0001,,0.2,0.05,1.15,,,,
iris,uncertainty,28,300,288,6640,7000,0.3022734011280379,30,23.333333333333332,0.25925925925925924,1,3,204,0.015615819126227835,0.9555555555555556,0.9553571428571429,0.0444444444444444,0.018789624792343713,0.9666666666666667,0.9665831244778613,0.033333333333333326,0.004720246758685153,1.0,1.0,0.0,0.3,0.0,0.0001,,0.2,0.05,1.15,,,,
iris,uncertainty,29,300,286,15360,16228,0.7790915079190602,62,54.093333333333334,0.601037037037037,1,11,572,0.010419702647405913,0.9777777777777777,0.9777777777777779,0.022222222222222254,0.009606378394235178,1.0,1.0,0.0,0.008117901847635696,1.0,1.0,0.0,0.3,0.0,0.0001,,0.2,0.05,1.15,,,,
iris,uncertainty,30,300,292,12200,12920,1.2468568599523777,90,43.06666666666667,0.47851851851851857,1,18,684,0.008674599784282061,0.9777777777777777,0.9777530589543938,0.022222222222222254,0.017363649423987885,0.9333333333333333,0.9326599326599326,0.06666666666666665,0.010815984248373503,0.9666666666666667,0.9665831244778613,0.033333333333333326,0.3,0.0,0.0001,,0.2,0.05,1.15,,,,
breast_cancer,passive,1,250,250,85250,85250,0.7336132490640962,341,341.0,1.0,1,0,0,0.016476380094075517,0.9794721407624634,0.9778606342228034,0.02052785923753664,0.015747836842087977,0.9823008849557522,0.9810529845741114,0.017699115044247815,0.012087290733629739,0.991304347826087,0.9906693711967545,0.008695652173912993,0.01,0.9,0.0001,,,,,,,,
breast_cancer,passive,2,250,70,23870,85250,1.1678571228693448,341,341.0,1.0,1,0,0,0.01308613223722028,0.9853372434017595,0.9843412774946044,0.014662756598240456,0.03457520839838557,0.9292035398230089,0.9242119382964453,0.07079646017699115,0.01528273274404786,0.991304347826087,0.9906693711967545,0.008695652173912993,0.01,0.9,0.0001,,,,,,,,
breast_cancer,passive,3,250,228,77748,85250,1.5416196512548928,341,341.0,1.0,1,0,0,0.012528735711154667,0.9882697947214076,0.9873703703703702,0.011730205278592365,0.02028636798396559,0.9646017699115044,0.9613013698630137,0.03539823008849563,0.01931454517769498,0.9739130434782609,0.9717236292107204,0.02608695652173909,0.01,0.9,0.0001,,,,,,,,
breast_cancer,passive,4,250,249,84909,85250,0.8870787481045983,341,341.0,1.0,1,0,0,0.01606837649437354,0.9853372434017595,0.9842393766003272,0.014662756598240456,0.011439781922063939,0.9911504424778761,0.9904794001179543,0.008849557522123908,0.014253915304702235,0.991304347826087,0.9906693711967545,0.008695652173912993,0.01,0.9,0.0001,,,,,,,,
breast_cancer,passive,5,250,247,84227,85250,1.276344946815112,341,341.0,1.0,1,0,0,0.015058944026274909,0.9794721407624634,0.9777839825026757,0.02052785923753664,0.015157317768958083,0.9911504424778761,0.9904794001179543,0.008849557522123908,0.019220407112307596,0.9739130434782609,0.9717236292107204,0.02608695652173909,0.01,0.9,0.0001,,,,,,,,
breast_cancer,passive,6,250,249,84909,85250,1.1987870659577293,341,341.0,1.0,1,0,0,0.014685171933685891,0.9882697947214076,0.9874123292727944,0.011730205278592365,0.0176996848094888,0.9734513274336283,0.9711366538952746,0.026548672566371723,0.017604394175468104,0.9739130434782609,0.9720081135902637,0.02608695652173909,0.01,0.9,0.0001,,,,,,,,
breast_cancer,passive,7,250,76,25916,85250,1.88965314901133,341,341.0,1.0,1,0,0,0.01066705973370711,0.9941348973607038,0.9937061646363972,0.0058651026392961825,0.025755804487011844,0.9469026548672567,0.9412681912681913,0.053097345132743334,0.0201570430164916,0.9565217391304348,0.952357278979203,0.04347826086956519,0.01,0.9,0.0001,,,,,,,,
breast_cancer,passive,8,250,68,23188,85250,1.2581535976934255,341,341.0,1.0,1,0,0,0.013449189988192086,0.9853372434017595,0.9842393766003272,0.014662756598240456,0.01713748956029378,0.9646017699115044,0.9617208672086721,0.03539823008849563,0.016921146769706272,0.9739130434782609,0.9720081135902637,0.02608695652173909,0.01,0.9,0.0001,,,,,,,,
breast_cancer,passive,9,250,225,76725,85250,1.4359424394695666,341,341.0,1.0,1,0,0,0.013760650946714597,0.9853372434017595,0.9842393766003272,0.014662756598240456,0.020303182369220147,0.9557522123893806,0.9513476276586584,0.04424778761061943,0.01975950268911456,0.9739130434782609,0.9717236292107204,0.02608695652173909,0.01,0.9,0.0001,,,,,,,,
breast_cancer,passive,10,250,38,12958,85250,0.9196977719934967,341,341.0,1.0,1,0,0,0.013345705597832682,0.9882697947214076,0.9874123292727944,0.011730205278592365,0.022142880208759222,0.9646017699115044,0.9613013698630137,0.03539823008849563,0.012274015704007855,0.9826086956521739,0.981245923026745,0.017391304347826098,0.01,0.9,0.0001,,,,,,,,
breast_cancer,passive,11,250,250,85250,85250,0.8344314017695871,341,341.0,1.0,1,0,0,0.018235366534627,0.9824046920821115,0.9811184939091915,0.017595307917888547,0.02068049971128739,0.9823008849557522,0.9808604336043361,0.017699115044247815,0.015216162459271024,0.9739130434782609,0.9722691102001446,0.02608695652173909,0.01,0.9,0.0001,,,,,,,,
breast_cancer,passive,12,250,45,15345,85250,1.05662321902971,341,341.0,1.0,1,0,0,0.01399858937697469,0.9912023460410557,0.9905436259601963,0.008797653958944274,0.01803152743335433,0.9646017699115044,0.9617208672086721,0.03539823008849563,0.014791234569374099,0.9739130434782609,0.9717236292107204,0.02608695652173909,0.01,0.9,0.0001,,,,,,,,
breast_cancer,passive,13,250,168,57288,85250,0.8862313063264007,341,341.0,1.0,1,0,0,0.016649068496346828,0.9794721407624634,0.9779351272404581,0.02052785923753664,0.014349198551848364,0.9823008849557522,0.9808604336043361,0.017699115044247815,0.014754925722635173,0.991304347826087,0.9906693711967545,0.008695652173912993,0.01,0.9,0.0001,,,,,,,,
breast_cancer,passive,14,250,214,72974,85250,1.456332887692387,341,341.0,1.0,1,0,0,0.0142304390301607,0.9853372434017595,0.9842393766003272,0.014662756598240456,0.016315086200623347,0.9823008849557522,0.9810529845741114,0.017699115044247815,0.02072425636592438,0.9652173913043478,0.9628552971576227,0.034782608695652195,0.01,0.9,0.0001,,,,,,,,
breast_cancer,passive,15,250,237,80817,85250,1.284088132358494,341,341.0,1.0,1,0,0,0.013514329269511124,0.9853372434017595,0.984291071247593,0.014662756598240456,0.026369412078770995,0.9646017699115044,0.9617208672086721,0.03539823008849563,0.01735358983176427,0.9826086956521739,0.9814276485788114,0.017391304347826098,0.01,0.9,0.0001,,,,,,,,
breast_cancer,passive,16,250,103,35123,85250,1.78036366817171,341,341.0,1.0,1,0,0,0.013001811473142716,0.9882697947214076,0.9873703703703702,0.011730205278592365,0.026616362749623538,0.9469026548672567,0.9419520547945206,0.053097345132743334,0.023147952767201392,0.9652173913043478,0.9620962425840476,0.034782608695652195,0.01,0.9,0.0001,,,,,,,,
breast_cancer,passive,17,250,248,84568,85250,2.3928370842410374,341,341.0,1.0,1,0,0,0.011520555364066442,0.9912023460410557,0.9905436259601963,0.008797653958944274,0.017599153233008043,0.9911504424778761,0.9904794001179543,0.008849557522123908,0.027566812106190188,0.9391304347826087,0.9325173945846257,0.060869565217391286,0.01,0.9,0.0001,,,,,,,,
breast_cancer,passive,18,250,245,83545,85250,1.0750477764266988,341,341.0,1.0,1,0,0,0.013478359631219093,0.9824046920821115,0.9809907834101382,0.017595307917888547,0.021838338048158715,0.9734513274336283,0.9711366538952746,0.026548672566371723,0.014489880551421466,0.9826086956521739,0.9814276485788114,0.017391304347826098,0.01,0.9,0.0001,,,,,,,,
breast_cancer,passive,19,250,88,30008,85250,0.9710682423479137,341,341.0,1.0,1,0,0,0.016525715960981572,0.9853372434017595,0.9841861673020025,0.014662756598240456,0.011021145324304616,0.9911504424778761,0.9904794001179543,0.008849557522123908,0.01604759795177124,0.9826086956521739,0.9814276485788114,0.017391304347826098,0.01,0.9,0.0001,,,,,,,,
breast_cancer,passive,20,250,49,16709,85250,1.3664890393659528,341,341.0,1.0,1,0,0,0.013867795860278863,0.9853372434017595,0.9841861673020025,0.014662756598240456,0.02608192822437014,0.9469026548672567,0.9419520547945206,0.053097345132743334,0.0189501910432356,0.9826086956521739,0.981245923026745,0.017391304347826098,0.01,0.9,0.0001,,,,,,,,
breast_cancer,passive,21,250,46,15686,85250,0.9586190431388708,341,341.0,1.0,1,0,0,0.01485525009784284,0.9882697947214076,0.9874530870557068,0.011730205278592365,0.023198981847674893,0.9734513274336283,0.9711366538952746,0.026548672566371723,0.01424052563438272,0.9826086956521739,0.981245923026745,0.017391304347826098,0.01,0.9,0.0001,,,,,,,,
breast_cancer,passive,22,250,243,82863,85250,1.6627579289783505,341,341.0,1.0,1,0,0,0.015442858064080292,0.9824046920821115,0.9811796305835603,0.017595307917888547,0.02691184766715946,0.9557522123893806,0.9532787563053005,0.04424778761061943,0.025677734692136765,0.9652173913043478,0.9628552971576227,0.034782608695652195,0.01,0.9,0.0001,,,,,,,,
breast_cancer,passive,23,250,115,39215,85250,2.571865210226023,341,341.0,1.0,1,0,0,0.010552766547156445,0.9941348973607038,0.9937061646363972,0.0058651026392961825,0.019284234763335434,0.9734513274336283,0.971438200353863,0.026548672566371723,0.027140293154268653,0.9478260869565217,0.9431443638760713,0.05217391304347829,0.01,0.9,0.0001,,,,,,,,
breast_cancer,passive,24,250,134,45694,85250,0.6457205103487759,341,341.0,1.0,1,0,0,0.017316711481665744,0.9736070381231672,0.9714365489320117,0.02639296187683282,0.01610034465312464,0.9823008849557522,0.9808604336043361,0.017699115044247815,0.011181755775503711,0.9826086956521739,0.981245923026745,0.017391304347826098,0.01,0.9,0.0001,,,,,,,,
breast_cancer,passive,25,250,248,84568,85250,2.076683228604183,341,341.0,1.0,1,0,0,0.012608092710671119,0.9853372434017595,0.9843412774946044,0.014662756598240456,0.017543408035967652,0.9734513274336283,0.9717146433041302,0.026548672566371723,0.026183014676937365,0.9652173913043478,0.9620962425840476,0.034782608695652195,0.01,0.9,0.0001,,,,,,,,
breast_cancer,passive,26,250,99,33759,85250,1.2357618630306038,341,341.0,1.0,1,0,0,0.01567898491635883,0.9853372434017595,0.984291071247593,0.014662756598240456,0.025008693301104657,0.9646017699115044,0.9621059691482227,0.03539823008849563,0.019375491610668323,0.9739130434782609,0.9720081135902637,0.02608695652173909,0.01,0.9,0.0001,,,,,,,,
breast_cancer,passive,27,250,102,34782,85250,0.790180221301346,341,341.0,1.0,1,0,0,0.016488393456113526,0.9824046920821115,0.9810555555555556,0.017595307917888547,0.013198663004830573,0.9734513274336283,0.9717146433041302,0.026548672566371723,0.013028802390055452,1.0,1.0,0.0,0.01,0.9,0.0001,,,,,,,,
breast_cancer,passive,28,250,250,85250,85250,1.5029397129809443,341,341.0,1.0,1,0,0,0.011720563799736041,0.9882697947214076,0.9874123292727944,0.011730205278592365,0.025814158741709944,0.9557522123893806,0.9518944231587909,0.04424778761061943,0.017615300793150133,0.9739130434782609,0.9720081135902637,0.02608695652173909,0.01,0.9,0.0001,,,,,,,,
breast_cancer,passive,29,250,58,19778,85250,1.516100078118865,341,341.0,1.0,1,0,0,0.01421292803175368,0.9882697947214076,0.9874123292727944,0.011730205278592365,0.02308088427151415,0.9469026548672567,0.9441699604743083,0.053097345132743334,0.02154822129923956,0.9739130434782609,0.9722691102001446,0.02608695652173909,0.01,0.9,0.0001,,,,,,,,
breast_cancer,passive,30,250,249,84909,85250,0.9683493191568951,341,341.0,1.0,1,0,0,0.01710247867624143,0.9794721407624634,0.9777839825026757,0.02052785923753664,0.01928248355039713,0.9646017699115044,0.9613013698630137,0.03539823008849563,0.016561173582033708,0.9739130434782609,0.9717236292107204,0.02608695652173909,0.01,0.9,0.0001,,,,,,,,
breast_cancer,sasla,1,250,246,50316,51070,0.7795078052859944,199,204.28,0.5990615835777127,1,250,85250,0.017877814193736942,0.9824046920821115,0.9811184939091915,0.017595307917888547,0.01828970697585817,0.9646017699115044,0.9624584717607974,0.03539823008849563,0.013935895705470682,0.9826086956521739,0.9814276485788114,0.017391304347826098,0.01,0.9,0.0001,0.7,,,,,,,
breast_cancer,sasla,2,250,34,8932,45942,1.36590127366304,161,183.768,0.5389090909090909,1,250,85250,0.012594702364215983,0.9912023460410557,0.9905746427485558,0.008797653958944274,0.03871554346854512,0.9292035398230089,0.9242119382964453,0.07079646017699115,0.017203120000689513,0.9826086956521739,0.9814276485788114,0.017391304347826098,0.01,0.9,0.0001,0.7,,,,,,,
breast_cancer,sasla,3,250,235,49588,52651,1.8548268915478365,190,210.604,0.6176070381231672,1,250,85250,0.01330904405953134,0.9853372434017595,0.9841861673020025,0.014662756598240456,0.02331036104196423,0.9646017699115044,0.9613013698630137,0.03539823008849563,0.024685972822413717,0.9565217391304348,0.952357278979203,0.04347826086956519,0.01,0.9,0.0001,0.7,,,,,,,
breast_cancer,sasla,4,250,144,32338,53817,1.041458472228548,205,215.268,0.6312844574780059,1,250,85250,0.019379469038420628,0.9736070381231672,0.9719871847531423,0.02639296187683282,0.020055589303425776,0.9557522123893806,0.9532787563053005,0.04424778761061943,0.020182912217353997,0.9739130434782609,0.9722691102001446,0.02608695652173909,0.01,0.9,0.0001,0.7,,,,,,,
breast_cancer,sasla,5,250,239,52890,55205,1.2566717501876434,196,220.82,0.6475659824046921,1,250,85250,0.016578269996114187,0.9794721407624634,0.9777839825026757,0.02052785923753664,0.015095746752953351,0.9734513274336283,0.9711366538952746,0.026548672566371723,0.020833443571100112,0.9739130434782609,0.9717236292107204,0.02608695652173909,0.01,0.9,0.0001,0.7,,,,,,,
breast_cancer,sasla,6,250,51,12580,46281,1.4154520397283041,152,185.124,0.5428856304985337,1,250,85250,0.013886304877407262,0.9882697947214076,0.9874123292727944,0.011730205278592365,0.021205172345854523,0.9734513274336283,0.9711366538952746,0.026548672566371723,0.01965539856301521,0.9739130434782609,0.9720081135902637,0.02608695652173909,0.01,0.9,0.0001,0.7,,,,,,,
breast_cancer,sasla,7,250,50,12225,49308,2.0870961293733483,191,197.232,0.5783929618768329,1,250,85250,0.010600980228977899,0.9941348973607038,0.9937061646363972,0.0058651026392961825,0.028860476057506867,0.9380530973451328,0.9326521924223073,0.06194690265486724,0.022125264803463166,0.9565217391304348,0.952357278979203,0.04347826086956519,0.01,0.9,0.0001,0.7,,,,,,,
breast_cancer,sasla,8,250,41,10453,54132,1.3469905428036126,215,216.528,0.6349794721407624,1,250,85250,0.013539540146606688,0.9824046920821115,0.9810555555555556,0.017595307917888547,0.018266627646549898,0.9646017699115044,0.9617208672086721,0.03539823008849563,0.018237632531389047,0.9739130434782609,0.9720081135902637,0.02608695652173909,0.01,0.9,0.0001,0.7,,,,,,,
breast_cancer,sasla,9,250,233,46076,49171,1.4488725024293214,179,196.684,0.5767859237536657,1,250,85250,0.013972343345984184,0.9853372434017595,0.9842393766003272,0.014662756598240456,0.02189386022130676,0.9557522123893806,0.9513476276586584,0.04424778761061943,0.020244144068497782,0.9826086956521739,0.981245923026745,0.017391304347826098,0.01,0.9,0.0001,0.7,,,,,,,
breast_cancer,sasla,10,250,45,11764,57131,0.9785886325000027,223,228.524,0.670158357771261,1,250,85250,0.013071188093251184,0.9912023460410557,0.9905436259601963,0.008797653958944274,0.02377490176246714,0.9646017699115044,0.9613013698630137,0.03539823008849563,0.012791316081324994,0.9826086956521739,0.981245923026745,0.017391304347826098,0.01,0.9,0.0001,0.7,,,,,,,
breast_cancer,sasla,11,250,230,50144,54347,0.8400466920436511,207,217.388,0.6375014662756598,1,250,85250,0.01548134009931954,0.9824046920821115,0.9809907834101382,0.017595307917888547,0.028338955127232467,0.9380530973451328,0.9310555216595485,0.06194690265486724,0.01300504853883611,0.991304347826087,0.9906693711967545,0.008695652173912993,0.01,0.9,0.0001,0.7,,,,,,,
breast_cancer,sasla,12,250,42,10758,50514,1.4135421290124925,172,202.056,0.5925395894428153,1,250,85250,0.014900354803389805,0.9882697947214076,0.9873703703703702,0.011730205278592365,0.021959805556717286,0.9646017699115044,0.9613013698630137,0.03539823008849563,0.021062279251825144,0.9739130434782609,0.9717236292107204,0.02608695652173909,0.01,0.9,0.0001,0.7,,,,,,,
breast_cancer,sasla,13,250,112,25492,54273,0.7981854812910426,200,217.092,0.636633431085044,1,250,85250,0.017897009789776562,0.9794721407624634,0.9777839825026757,0.02052785923753664,0.018081505701376264,0.9469026548672567,0.9412681912681913,0.053097345132743334,0.014285133372723306,0.9826086956521739,0.981245923026745,0.017391304347826098,0.01,0.9,0.0001,0.7,,,,,,,
breast_cancer,sasla,14,250,51,12753,53535,1.304454094176927,206,214.14,0.6279765395894428,1,250,85250,0.0148270564333488,0.9853372434017595,0.9841861673020025,0.014662756598240456,0.01445930081057005,0.9911504424778761,0.9904794001179543,0.008849557522123908,0.019341214469074185,0.9739130434782609,0.9720081135902637,0.02608695652173909,0.01,0.9,0.0001,0.7,,,,,,,
breast_cancer,sasla,15,250,242,50850,52440,1.3895445880018982,199,209.76,0.6151319648093841,1,250,85250,0.011928471826019933,0.9882697947214076,0.9874123292727944,0.011730205278592365,0.027557439228377494,0.9646017699115044,0.9613013698630137,0.03539823008849563,0.016575143468979116,0.9826086956521739,0.9814276485788114,0.017391304347826098,0.01,0.9,0.0001,0.7,,,,,,,
breast_cancer,sasla,16,250,35,9384,51594,1.8580385352247761,186,206.376,0.605208211143695,1,250,85250,0.011606310692974147,0.9912023460410557,0.9905436259601963,0.008797653958944274,0.02681098962370221,0.9557522123893806,0.9518944231587909,0.04424778761061943,0.02156497251933734,0.9652173913043478,0.9620962425840476,0.034782608695652195,0.01,0.9,0.0001,0.7,,,,,,,
breast_cancer,sasla,17,250,243,51711,53137,2.4418105698657717,206,212.548,0.6233079178885631,1,250,85250,0.011108346870277114,0.9912023460410557,0.9905746427485558,0.008797653958944274,0.017612100491957383,0.9911504424778761,0.9904794001179543,0.008849557522123908,0.027124478801578023,0.9478260869565217,0.9425,0.05217391304347829,0.01,0.9,0.0001,0.7,,,,,,,
breast_cancer,sasla,18,250,51,12451,51181,1.3968298348608355,203,204.724,0.6003636363636363,1,250,85250,0.012621012788654733,0.9912023460410557,0.9905436259601963,0.008797653958944274,0.024011162241194584,0.9557522123893806,0.9523970005897716,0.04424778761061943,0.017629407209353083,0.9739130434782609,0.9725077695433899,0.02608695652173909,0.01,0.9,0.0001,0.7,,,,,,,
breast_cancer,sasla,19,250,67,16255,54416,1.101698817106738,210,217.664,0.6383108504398827,1,250,85250,0.016194217549504106,0.9853372434017595,0.9842393766003272,0.014662756598240456,0.011802284519132334,0.9911504424778761,0.9904794001179543,0.008849557522123908,0.017841150318257847,0.9739130434782609,0.9720081135902637,0.02608695652173909,0.01,0.9,0.0001,0.7,,,,,,,
breast_cancer,sasla,20,250,56,13786,50249,1.3383354457559655,185,200.996,0.5894310850439883,1,250,85250,0.013511020282493156,0.9882697947214076,0.9874123292727944,0.011730205278592365,0.026295270391601483,0.9734513274336283,0.971438200353863,0.026548672566371723,0.01808227735238837,0.991304347826087,0.9906693711967545,0.008695652173912993,0.01,0.9,0.0001,0.7,,,,,,,
breast_cancer,sasla,21,250,96,21606,51815,1.199901293553623,189,207.26,0.6078005865102639,1,250,85250,0.013940971355017793,0.9882697947214076,0.9873703703703702,0.011730205278592365,0.029467166406576338,0.9469026548672567,0.9412681912681913,0.053097345132743334,0.016727789562279854,0.9739130434782609,0.9717236292107204,0.02608695652173909,0.01,0.9,0.0001,0.7,,,,,,,
breast_cancer,sasla,22,250,214,48680,56640,1.7997573222030974,223,226.56,0.6643988269794722,1,250,85250,0.012945756579854088,0.9882697947214076,0.9874123292727944,0.011730205278592365,0.021775020255846184,0.9646017699115044,0.9617208672086721,0.03539823008849563,0.02329922019605132,0.9739130434782609,0.9717236292107204,0.02608695652173909,0.01,0.9,0.0001,0.7,,,,,,,
breast_cancer,sasla,23,250,62,14206,46839,3.085459344838466,164,187.356,0.5494310850439883,1,250,85250,0.010273965196977493,0.9941348973607038,0.9937061646363972,0.0058651026392961825,0.023482973115489622,0.9646017699115044,0.9617208672086721,0.03539823008849563,0.031699901925559375,0.9565217391304348,0.952357278979203,0.04347826086956519,0.01,0.9,0.0001,0.7,,,,,,,
breast_cancer,sasla,24,250,129,29414,55507,0.7093927429532201,214,222.028,0.651108504398827,1,250,85250,0.016904864418602113,0.9765395894428153,0.9746543778801844,0.02346041055718473,0.016060792159958055,0.9823008849557522,0.9808604336043361,0.017699115044247815,0.011992188139164445,0.9826086956521739,0.981245923026745,0.017391304347826098,0.01,0.9,0.0001,0.7,,,,,,,
breast_cancer,sasla,25,250,248,47749,48106,2.2893183817071296,177,192.424,0.5642932551319648,1,250,85250,0.012144698218469727,0.9882697947214076,0.9874530870557068,0.011730205278592365,0.016721784927585335,0.9823008849557522,0.9810529845741114,0.017699115044247815,0.02780308087182858,0.9652173913043478,0.9620962425840476,0.034782608695652195,0.01,0.9,0.0001,0.7,,,,,,,
breast_cancer,sasla,26,250,55,13753,53798,1.8179832141000327,220,215.192,0.6310615835777126,1,250,85250,0.011934016789535493,0.9912023460410557,0.9905436259601963,0.008797653958944274,0.026164675022358443,0.9557522123893806,0.9523970005897716,0.04424778761061943,0.02169584220016349,0.9478260869565217,0.9425,0.05217391304347829,0.01,0.9,0.0001,0.7,,,,,,,
breast_cancer,sasla,27,250,69,16318,49717,0.6618841982150372,178,198.868,0.5831906158357771,1,250,85250,0.016707459100614764,0.9824046920821115,0.9809907834101382,0.017595307917888547,0.015262673130878488,0.9823008849557522,0.9810529845741114,0.017699115044247815,0.01105840317102093,0.991304347826087,0.9906693711967545,0.008695652173912993,0.01,0.9,0.0001,0.7,,,,,,,
breast_cancer,sasla,28,250,247,53646,54289,1.6494776114484615,212,217.156,0.6368211143695015,1,250,85250,0.011308391463129957,0.9882697947214076,0.9873703703703702,0.011730205278592365,0.026546807212458497,0.9557522123893806,0.9513476276586584,0.04424778761061943,0.018652938539927773,0.9739130434782609,0.9720081135902637,0.02608695652173909,0.01,0.9,0.0001,0.7,,,,,,,
breast_cancer,sasla,29,250,52,12758,52639,1.6005350830147245,206,210.556,0.617466275659824,1,250,85250,0.012527806164727985,0.9912023460410557,0.9905436259601963,0.008797653958944274,0.022120249019825705,0.9469026548672567,0.9441699604743083,0.053097345132743334,0.020051193279855283,0.9826086956521739,0.9814276485788114,0.017391304347826098,0.01,0.9,0.0001,0.7,,,,,,,
breast_cancer,sasla,30,250,230,49777,53888,0.9497824748088453,199,215.552,0.6321173020527859,1,250,85250,0.015997744986366236,0.9794721407624634,0.9777839825026757,0.02052785923753664,0.018845143685858514,0.9734513274336283,0.9711366538952746,0.026548672566371723,0.015194377824511721,0.9739130434782609,0.9720081135902637,0.02608695652173909,0.01,0.9,0.0001,0.7,,,,,,,
breast_cancer,uncertainty,1,250,63,9554,41344,0.7080319068966515,170,165.376,0.4849736070381232,1,4,1024,0.017851950005318695,0.9853372434017595,0.9842393766003272,0.014662756598240456,0.017876477276499818,0.9646017699115044,0.9624584717607974,0.03539823008849563,0.012639750204089483,0.991304347826087,0.9906693711967545,0.008695652173912993,0.01,0.9,0.0001,,0.1,0.1,1.05,,,,
breast_cancer,uncertainty,2,250,89,23928,78829,1.1461957261220395,341,315.316,0.9246803519061583,1,10,1540,0.012904505685302685,0.9882697947214076,0.9874530870557068,0.011730205278592365,0.033819894350682514,0.9292035398230089,0.9242119382964453,0.07079646017699115,0.014791089264211497,0.991304347826087,0.9906693711967545,0.008695652173912993,0.01,0.9,0.0001,,0.1,0.1,1.05,,,,
breast_cancer,uncertainty,3,250,250,63262,63262,1.4111851663242547,341,253.048,0.7420762463343109,1,10,1540,0.01288023656694315,0.9912023460410557,0.9905436259601963,0.008797653958944274,0.02002691821244073,0.9557522123893806,0.9518944231587909,0.04424778761061943,0.018176398782017416,0.9739130434782609,0.9717236292107204,0.02608695652173909,0.01,0.9,0.0001,,0.1,0.1,1.05,,,,
breast_cancer,uncertainty,4,250,245,15266,15606,0.7229505686003512,68,62.424,0.1830615835777126,1,1,307,0.023064388886726864,0.967741935483871,0.9649652080511838,0.032258064516129004,0.010814986069090331,1.0,1.0,0.0,0.01667441306007881,0.991304347826087,0.9906693711967545,0.008695652173912993,0.01,0.9,0.0001,,0.1,0.1,1.05,,,,
breast_cancer,uncertainty,5,250,178,41752,65715,1.271179315831672,341,262.86,0.770850439882698,1,10,1540,0.01513578789962465,0.9794721407624634,0.9779351272404581,0.02052785923753664,0.01583808655956681,1.0,1.0,0.0,0.019240300506818162,0.9652173913043478,0.9624918460534899,0.034782608695652195,0.01,0.9,0.0001,,0.1,0.1,1.05,,,,
breast_cancer,uncertainty,6,250,62,4896,29682,1.4408717412059517,136,118.728,0.34817595307917887,1,3,819,0.013994263760116882,0.9882697947214076,0.9874123292727944,0.011730205278592365,0.02222169169466819,0.9734513274336283,0.9711366538952746,0.026548672566371723,0.02016393919093496,0.9739130434782609,0.9720081135902637,0.02608695652173909,0.01,0.9,0.0001,,0.1,0.1,1.05,,,,
breast_cancer,uncertainty,7,250,91,26109,80328,1.7158164900275885,341,321.312,0.9422639296187684,1,10,1540,0.010922378330129741,0.9941348973607038,0.9937061646363972,0.0058651026392961825,0.024842638288425697,0.9469026548672567,0.9419520547945206,0.053097345132743334,0.018740796849156607,0.9565217391304348,0.952357278979203,0.04347826086956519,0.01,0.9,0.0001,,0.1,0.1,1.05,,,,
breast_cancer,uncertainty,8,250,57,3910,33252,1.1309965119028926,204,133.008,0.3900527859237537,1,5,1195,0.018731192187864763,0.9824046920821115,0.9811796305835603,0.017595307917888547,0.018653452059961655,0.9734513274336283,0.9719672537831803,0.026548672566371723,0.02118491302825776,0.9565217391304348,0.9541796159056498,0.04347826086956519,0.01,0.9,0.0001,,0.1,0.1,1.05,,,,
breast_cancer,uncertainty,9,250,161,8024,14076,1.1202056615252782,68,56.304,0.16511436950146627,1,1,307,0.01828708847947598,0.9794721407624634,0.9781460288395514,0.02052785923753664,0.01919991194589601,0.9823008849557522,0.9810529845741114,0.017699115044247815,0.020485300047522685,0.9565217391304348,0.9537818503335744,0.04347826086956519,0.01,0.9,0.0001,,0.1,0.1,1.05,,,,
breast_cancer,uncertainty,10,250,72,7752,59387,0.9650695313170968,341,237.548,0.6966217008797654,1,10,1540,0.013854476912283533,0.9882697947214076,0.9873703703703702,0.011730205278592365,0.022972030410688474,0.9646017699115044,0.9613013698630137,0.03539823008849563,0.013370533540381008,0.9826086956521739,0.981245923026745,0.017391304347826098,0.01,0.9,0.0001,,0.1,0.1,1.05,,,,
breast_cancer,uncertainty,11,250,177,14586,29676,0.8618199422260976,341,118.704,0.3481055718475073,1,10,1540,0.015522042778324908,0.9824046920821115,0.9810555555555556,0.017595307917888547,0.025152481664247304,0.9469026548672567,0.9412681912681913,0.053097345132743334,0.013377206010446988,0.991304347826087,0.9906693711967545,0.008695652173912993,0.01,0.9,0.0001,,0.1,0.1,1.05,,,,
breast_cancer,uncertainty,12,250,223,8976,10812,0.7374377136314098,68,43.248,0.12682697947214075,1,1,307,0.018812876596133836,0.9794721407624634,0.9778606342228034,0.02052785923753664,0.02017455184164882,0.9646017699115044,0.9613013698630137,0.03539823008849563,0.013873324703882793,0.9826086956521739,0.981245923026745,0.017391304347826098,0.01,0.9,0.0001,,0.1,0.1,1.05,,,,
breast_cancer,uncertainty,13,250,155,34102,56712,0.768848138176473,238,226.848,0.6652434017595308,1,6,1332,0.018539113845727994,0.9765395894428153,0.9746543778801844,0.02346041055718473,0.01461436128709475,0.9823008849557522,0.9808604336043361,0.017699115044247815,0.01425376316372964,0.9826086956521739,0.981245923026745,0.017391304347826098,0.01,0.9,0.0001,,0.1,0.1,1.05,,,,
breast_cancer,uncertainty,14,250,198,12274,15810,1.2279222044365283,68,63.24,0.18545454545454546,1,1,307,0.018020244370887405,0.9824046920821115,0.9810555555555556,0.017595307917888547,0.01293606788092935,0.9911504424778761,0.9904794001179543,0.008849557522123908,0.022127458192385003,0.9565217391304348,0.9537818503335744,0.04347826086956519,0.01,0.9,0.0001,,0.1,0.1,1.05,,,,
breast_cancer,uncertainty,15,250,225,71533,80058,1.3864170329702434,341,320.232,0.9390967741935484,1,10,1540,0.012069914404600915,0.9882697947214076,0.9873703703703702,0.011730205278592365,0.03199769297424402,0.9380530973451328,0.9310555216595485,0.06194690265486724,0.016733934917031602,0.9826086956521739,0.9814276485788114,0.017391304347826098,0.01,0.9,0.0001,,0.1,0.1,1.05,,,,
breast_cancer,uncertainty,16,250,229,72307,79468,1.8005354994794494,341,317.872,0.9321759530791789,1,10,1540,0.011928261284589344,0.9912023460410557,0.9905436259601963,0.008797653958944274,0.024903184508890164,0.9557522123893806,0.9518944231587909,0.04424778761061943,0.021477257889969452,0.9739130434782609,0.9717236292107204,0.02608695652173909,0.01,0.9,0.0001,,0.1,0.1,1.05,,,,
breast_cancer,uncertainty,17,250,214,17918,21590,2.182243211401598,102,86.36,0.25325513196480937,1,2,580,0.014066014541503961,0.9912023460410557,0.9905436259601963,0.008797653958944274,0.01932171116464757,0.9911504424778761,0.9904794001179543,0.008849557522123908,0.030695464744673183,0.9391304347826087,0.9325173945846257,0.060869565217391286,0.01,0.9,0.0001,,0.1,0.1,1.05,,,,
breast_cancer,uncertainty,18,250,248,79811,80493,0.9932461522615286,341,321.972,0.944199413489736,1,10,1540,0.014055886592043697,0.9824046920821115,0.9809907834101382,0.017595307917888547,0.0221257607339215,0.9734513274336283,0.9711366538952746,0.026548672566371723,0.013960955274171813,0.9826086956521739,0.9814276485788114,0.017391304347826098,0.01,0.9,0.0001,,0.1,0.1,1.05,,,,
breast_cancer,uncertainty,19,250,113,18054,41344,0.8547575575526073,170,165.376,0.4849736070381232,1,4,1024,0.021000490658589884,0.967741935483871,0.9654403567447045,0.032258064516129004,0.014604525750072482,0.9823008849557522,0.9810529845741114,0.017699115044247815,0.017950328102742635,0.9739130434782609,0.9722691102001446,0.02608695652173909,0.01,0.9,0.0001,,0.1,0.1,1.05,,,,
breast_cancer,uncertainty,20,250,230,22678,24718,1.2252015503935152,102,98.872,0.28994721407624635,1,2,580,0.016595586831849543,0.9794721407624634,0.9777839825026757,0.02052785923753664,0.021958929863316094,0.9646017699115044,0.9613013698630137,0.03539823008849563,0.020332938716072266,0.9739130434782609,0.9717236292107204,0.02608695652173909,0.01,0.9,0.0001,,0.1,0.1,1.05,,,,
breast_cancer,uncertainty,21,250,68,17274,79336,1.0547617396520939,341,317.344,0.9306275659824047,1,10,1540,0.01401171485647883,0.9853372434017595,0.9841861673020025,0.014662756598240456,0.026828693857837004,0.9469026548672567,0.9412681912681913,0.053097345132743334,0.0147790207375287,0.9739130434782609,0.9717236292107204,0.02608695652173909,0.01,0.9,0.0001,,0.1,0.1,1.05,,,,
breast_cancer,uncertainty,22,250,246,26893,28257,1.8209781351980763,341,113.028,0.3314604105571848,1,10,1540,0.013530436605262024,0.9853372434017595,0.9842393766003272,0.014662756598240456,0.021869587352960435,0.9557522123893806,0.9523970005897716,0.04424778761061943,0.02463862921786583,0.9652173913043478,0.9620962425840476,0.034782608695652195,0.01,0.9,0.0001,,0.1,0.1,1.05,,,,
breast_cancer,uncertainty,23,250,132,28405,68643,2.3600944065811755,341,274.572,0.8051964809384164,1,10,1540,0.013382278823616842,0.9824046920821115,0.9809907834101382,0.017595307917888547,0.02190787300042366,0.9557522123893806,0.9513476276586584,0.04424778761061943,0.031583441398927825,0.9478260869565217,0.9425,0.05217391304347829,0.01,0.9,0.0001,,0.1,0.1,1.05,,,,
breast_cancer,uncertainty,24,250,231,14314,15606,0.6288648673509244,68,62.424,0.1830615835777126,1,1,307,0.020380833330089724,0.9736070381231672,0.9716308778805891,0.02639296187683282,0.012230304844384969,0.9911504424778761,0.9904794001179543,0.008849557522123908,0.012816790048628172,0.991304347826087,0.9906693711967545,0.008695652173912993,0.01,0.9,0.0001,,0.1,0.1,1.05,,,,
breast_cancer,uncertainty,25,250,237,20944,22270,2.2628450109350373,102,89.08,0.2612316715542522,1,2,580,0.012730990081760004,0.9853372434017595,0.9843412774946044,0.014662756598240456,0.017395649009599796,0.9734513274336283,0.9717146433041302,0.026548672566371723,0.028808257390774066,0.9652173913043478,0.9620962425840476,0.034782608695652195,0.01,0.9,0.0001,,0.1,0.1,1.05,,,,
breast_cancer,uncertainty,26,250,117,33748,79101,1.7253205137235281,341,316.404,0.9278709677419354,1,10,1540,0.012167265262611126,0.9882697947214076,0.9873703703703702,0.011730205278592365,0.026192285316036835,0.9646017699115044,0.9617208672086721,0.03539823008849563,0.020992432353498666,0.9565217391304348,0.952357278979203,0.04347826086956519,0.01,0.9,0.0001,,0.1,0.1,1.05,,,,
breast_cancer,uncertainty,27,250,217,10302,12546,0.7193546767203336,68,50.184,0.14716715542521994,1,1,307,0.0201339017622041,0.9765395894428153,0.9745655254717684,0.02346041055718473,0.009935848665118282,0.9911504424778761,0.9904794001179543,0.008849557522123908,0.014483416393269286,0.9826086956521739,0.981245923026745,0.017391304347826098,0.01,0.9,0.0001,,0.1,0.1,1.05,,,,
breast_cancer,uncertainty,28,250,248,72101,72783,1.3522466295441968,341,291.132,0.8537595307917889,1,10,1540,0.013812465500102863,0.9794721407624634,0.9777839825026757,0.02052785923753664,0.02903181742529691,0.9469026548672567,0.9412681912681913,0.053097345132743334,0.018677859918209597,0.9739130434782609,0.9717236292107204,0.02608695652173909,0.01,0.9,0.0001,,0.1,0.1,1.05,,,,
breast_cancer,uncertainty,29,250,148,8840,19244,1.2026717614503761,102,76.976,0.22573607038123167,1,2,580,0.017052754491378146,0.9824046920821115,0.9809907834101382,0.017595307917888547,0.02206157121863933,0.9646017699115044,0.9617208672086721,0.03539823008849563,0.02050886628172657,0.9826086956521739,0.981245923026745,0.017391304347826098,0.01,0.9,0.0001,,0.1,0.1,1.05,,,,
breast_cancer,uncertainty,30,250,250,66489,66489,0.9146873919086415,341,265.956,0.7799296187683284,1,10,1540,0.015339114363065369,0.9882697947214076,0.9873703703703702,0.011730205278592365,0.01704820106396521,0.9646017699115044,0.9617208672086721,0.03539823008849563,0.014030494510940643,0.9826086956521739,0.9814276485788114,0.017391304347826098,0.01,0.9,0.0001,,0.1,0.1,1.05,,,,
optdigits,passive,1,150,99,333828,505800,7.826139173045846,3372,3372.0,1.0,1,0,0,0.00030328968727618295,1.0,1.0,0.0,0.002645201122183766,0.9804270462633452,0.9804853827779801,0.019572953736654797,0.0023735873023729595,0.9822064056939501,0.9821971600903325,0.017793594306049876,0.3,0.5,1e-06,,,,,,,,
optdigits,passive,2,150,84,283248,505800,7.293442128491781,3372,3372.0,1.0,1,0,0,0.00030124652798469543,1.0,1.0,0.0,0.0030558541253883492,0.9768683274021353,0.976860582582001,0.02313167259786475,0.002197124118265456,0.9848754448398577,0.9848711910493583,0.015124555160142328,0.3,0.5,1e-06,,,,,,,,
optdigits,passive,3,150,55,185460,505800,9.389299514569018,3372,3372.0,1.0,1,0,0,0.000303814949699642,1.0,1.0,0.0,0.00234909906953914,0.9830960854092526,0.9831072278691846,0.01690391459074736,0.0028526095597336595,0.9750889679715302,0.9750643150192999,0.02491103202846978,0.3,0.5,1e-06,,,,,,,,
optdigits,passive,4,150,124,418128,505800,7.754323329599037,3372,3372.0,1.0,1,0,0,0.00032642975437349817,1.0,1.0,0.0,0.0023011601352626444,0.9839857651245552,0.984042487521369,0.016014234875444844,0.0025312418598137003,0.9813167259786477,0.9813630654787897,0.01868327402135228,0.3,0.5,1e-06,,,,,,,,
optdigits,passive,5,150,125,421500,505800,6.7369189394152755,3372,3372.0,1.0,1,0,0,0.00032403510427576453,1.0,1.0,0.0,0.0024879190025609657,0.9839857651245552,0.983984583704058,0.016014234875444844,0.002182998231030802,0.9857651245551602,0.9858129064214338,0.014234875444839812,0.3,0.5,1e-06,,,,,,,,
optdigits,passive,6,150,103,347316,505800,6.184783309746271,3372,3372.0,1.0,1,0,0,0.0003443910663783466,1.0,1.0,0.0,0.002024747774220619,0.9884341637010676,0.9884430732402778,0.011565836298932375,0.0021299841193625183,0.9857651245551602,0.985778704201894,0.014234875444839812,0.3,0.5,1e-06,,,,,,,,
optdigits,passive,7,150,45,151740,505800,6.758118101212314,3372,3372.0,1.0,1,0,0,0.00031301634092366983,1.0,1.0,0.0,0.002596775051124069,0.9830960854092526,0.9830715441749593,0.01690391459074736,0.0021154013995714977,0.9875444839857651,0.9875570285784917,0.01245551601423489,0.3,0.5,1e-06,,,,,,,,
optdigits,passive,8,150,150,505800,505800,6.483608696804187,3372,3372.0,1.0,1,0,0,0.00032893337114251267,1.0,1.0,0.0,0.0018613372811362575,0.9884341637010676,0.9884540659752534,0.011565836298932375,0.0021326752658087146,0.9893238434163701,0.9893034164065918,0.010676156583629859,0.3,0.5,1e-06,,,,,,,,
optdigits,passive,9,150,68,229296,505800,7.2345720100569615,3372,3372.0,1.0,1,0,0,0.00030703010502062313,1.0,1.0,0.0,0.0024162771108997543,0.9848754448398577,0.9849394112487275,0.015124555160142328,0.0022212314040270494,0.9839857651245552,0.9840063269112861,0.016014234875444844,0.3,0.5,1e-06,,,,,,,,
optdigits,passive,10,150,129,434988,505800,6.365912457326448,3372,3372.0,1.0,1,0,0,0.0003154272472449984,1.0,1.0,0.0,0.0023623644816459207,0.9857651245551602,0.9857837121199765,0.014234875444839812,0.002007982242617125,0.9848754448398577,0.9849081921237757,0.015124555160142328,0.3,0.5,1e-06,,,,,,,,
optdigits,passive,11,150,124,418128,505800,7.672991877407566,3372,3372.0,1.0,1,0,0,0.0003074071355628693,1.0,1.0,0.0,0.002202530966162047,0.9839857651245552,0.9839782609028808,0.016014234875444844,0.0023587324542310227,0.9822064056939501,0.9822237915211562,0.017793594306049876,0.3,0.5,1e-06,,,,,,,,
optdigits,passive,12,150,128,431616,505800,6.826259798508259,3372,3372.0,1.0,1,0,0,0.0003097152244782035,1.0,1.0,0.0,0.0017613313583368223,0.9902135231316725,0.9902087497688014,0.009786476868327454,0.0021141965858415216,0.9902135231316725,0.9902542436510482,0.009786476868327454,0.3,0.5,1e-06,,,,,,,,
optdigits,passive,13,150,127,428244,505800,6.196059551313146,3372,3372.0,1.0,1,0,0,0.0003218267964406579,1.0,1.0,0.0,0.0023574798997785897,0.9822064056939501,0.9822424027432314,0.017793594306049876,0.00199405799595465,0.9848754448398577,0.9848927049137396,0.015124555160142328,0.3,0.5,1e-06,,,,,,,,
optdigits,passive,14,150,146,492312,505800,6.505146899572985,3372,3372.0,1.0,1,0,0,0.0003298320026058193,1.0,1.0,0.0,0.0024112772044548284,0.9866548042704626,0.986735268793981,0.013345195729537407,0.0021456056291311943,0.9857651245551602,0.9857869367504165,0.014234875444839812,0.3,0.5,1e-06,,,,,,,,
optdigits,passive,15,150,143,482196,505800,7.821313237524169,3372,3372.0,1.0,1,0,0,0.000315327661509972,1.0,1.0,0.0,0.001989488317176405,0.9866548042704626,0.9866855565909948,0.013345195729537407,0.0024662764131254842,0.9830960854092526,0.9831606010525409,0.01690391459074736,0.3,0.5,1e-06,,,,,,,,
optdigits,passive,16,150,141,475452,505800,9.180320963012377,3372,3372.0,1.0,1,0,0,0.00030564322709084984,1.0,1.0,0.0,0.0020681502060862136,0.9893238434163701,0.9893771768274672,0.010676156583629859,0.0028059029248648816,0.9777580071174378,0.9777648762302649,0.022241992882562234,0.3,0.5,1e-06,,,,,,,,
optdigits,passive,17,150,144,485568,505800,7.315678312527791,3372,3372.0,1.0,1,0,0,0.00028904067729045745,1.0,1.0,0.0,0.002290230967702544,0.9839857651245552,0.98397553322749,0.016014234875444844,0.0021145286142921437,0.9884341637010676,0.9884608225821114,0.011565836298932375,0.3,0.5,1e-06,,,,,,,,
optdigits,passive,18,150,106,357432,505800,7.648814333033932,3372,3372.0,1.0,1,0,0,0.00028261981791450193,1.0,1.0,0.0,0.0024636789287265943,0.9839857651245552,0.9840431719551835,0.016014234875444844,0.0021617065140638824,0.9866548042704626,0.9867097195232875,0.013345195729537407,0.3,0.5,1e-06,,,,,,,,
optdigits,passive,19,150,125,421500,505800,4.790016831549672,3372,3372.0,1.0,1,0,0,0.00042188955371997075,1.0,1.0,0.0,0.0019025971195670878,0.9884341637010676,0.9884763283741052,0.011565836298932375,0.0020208580633736396,0.9875444839857651,0.9874837028603342,0.01245551601423489,0.3,0.5,1e-06,,,,,,,,
optdigits,passive,20,150,94,316968,505800,7.617116203171619,3372,3372.0,1.0,1,0,0,0.00029933989760558565,1.0,1.0,0.0,0.0024713468729129643,0.9830960854092526,0.9830601831415731,0.01690391459074736,0.00228010678430724,0.9839857651245552,0.9840908766282308,0.016014234875444844,0.3,0.5,1e-06,,,,,,,,
optdigits,passive,21,150,96,323712,505800,8.1577103606393,3372,3372.0,1.0,1,0,0,0.0003065238872758172,1.0,1.0,0.0,0.002123214008056956,0.9839857651245552,0.9839779302044483,0.016014234875444844,0.002500533091013367,0.9804270462633452,0.9804992104997432,0.019572953736654797,0.3,0.5,1e-06,,,,,,,,
optdigits,passive,22,150,74,249528,505800,7.308328421335906,3372,3372.0,1.0,1,0,0,0.0003111254866449889,1.0,1.0,0.0,0.002507707909621969,0.9813167259786477,0.9813791504579947,0.01868327402135228,0.0022738072366495373,0.9848754448398577,0.9849240001681248,0.015124555160142328,0.3,0.5,1e-06,,,,,,,,
optdigits,passive,23,150,100,337200,505800,7.247148885264646,3372,3372.0,1.0,1,0,0,0.00029270985640690166,1.0,1.0,0.0,0.0022438630498353624,0.9857651245551602,0.9858103178107726,0.014234875444839812,0.002121311909565252,0.9830960854092526,0.9830776139620703,0.01690391459074736,0.3,0.5,1e-06,,,,,,,,
optdigits,passive,24,150,112,377664,505800,6.73489296915275,3372,3372.0,1.0,1,0,0,0.0003233878544112869,1.0,1.0,0.0,0.002607589539017758,0.9786476868327402,0.9787742796192683,0.02135231316725983,0.0021779825869839694,0.9866548042704626,0.9867064201782872,0.013345195729537407,0.3,0.5,1e-06,,,,,,,,
optdigits,passive,25,150,112,377664,505800,6.260603677842213,3372,3372.0,1.0,1,0,0,0.00032957954388426226,1.0,1.0,0.0,0.0020130467487243526,0.9884341637010676,0.9884425823900074,0.011565836298932375,0.0020633669045833714,0.9911032028469751,0.9911253945532488,0.008896797153024938,0.3,0.5,1e-06,,,,,,,,
optdigits,passive,26,150,121,408012,505800,4.896577394520427,3372,3372.0,1.0,1,0,0,0.0003589371370050509,1.0,1.0,0.0,0.0026510896551310997,0.9822064056939501,0.9822590123544455,0.017793594306049876,0.0017575634711128137,0.9919928825622776,0.9920214846886642,0.008007117437722422,0.3,0.5,1e-06,,,,,,,,
optdigits,passive,27,150,69,232668,505800,8.649654014237598,3372,3372.0,1.0,1,0,0,0.00027091132727531767,1.0,1.0,0.0,0.00246278969128773,0.9795373665480427,0.9796272760967788,0.020462633451957313,0.002343289249469387,0.9813167259786477,0.9814311808964262,0.01868327402135228,0.3,0.5,1e-06,,,,,,,,
optdigits,passive,28,150,139,468708,505800,8.653242111757617,3372,3372.0,1.0,1,0,0,0.0002950461495218068,1.0,1.0,0.0,0.0023092154044809334,0.9830960854092526,0.98316999147702,0.01690391459074736,0.0025531057659540332,0.9813167259786477,0.9813298927313179,0.01868327402135228,0.3,0.5,1e-06,,,,,,,,
optdigits,passive,29,150,147,495684,505800,6.124970379376182,3372,3372.0,1.0,1,0,0,0.0003402822867009616,1.0,1.0,0.0,0.002583502093887567,0.9795373665480427,0.9795836506052588,0.020462633451957313,0.0020842189266697835,0.9857651245551602,0.985768902296918,0.014234875444839812,0.3,0.5,1e-06,,,,,,,,
optdigits,passive,30,150,70,236040,505800,7.31176755474701,3372,3372.0,1.0,1,0,0,0.0003168377993728745,1.0,1.0,0.0,0.0030760196958433154,0.9750889679715302,0.9751640631976087,0.02491103202846978,0.0023166443415720264,0.9830960854092526,0.9831485208438344,0.01690391459074736,0.3,0.5,1e-06,,,,,,,,
optdigits,sasla,1,150,80,210211,394138,5.9454109781223075,2595,2627.5866666666666,0.7792368525108738,1,150,505800,0.00040250487239488944,1.0,1.0,0.0,0.0026523043466153457,0.9804270462633452,0.980534897166026,0.019572953736654797,0.0023930568870842942,0.9830960854092526,0.98313743951809,0.01690391459074736,0.3,0.5,1e-06,0.5,,,,,,,
optdigits,sasla,2,150,99,249420,374051,6.364098204249978,2458,2493.673333333333,0.7395235270858046,1,150,505800,0.00034502652077702254,1.0,1.0,0.0,0.0030341722070410778,0.9768683274021353,0.9768766864493958,0.02313167259786475,0.002195782661295667,0.9857651245551602,0.9857847363586263,0.014234875444839812,0.3,0.5,1e-06,0.5,,,,,,,
optdigits,sasla,3,150,95,237201,369601,8.454402513071877,2409,2464.0066666666667,0.73072558323448,1,150,505800,0.0003478760440126413,1.0,1.0,0.0,0.0023925510145896426,0.9866548042704626,0.9866586856334422,0.013345195729537407,0.0029410841007379775,0.9777580071174378,0.977784918205896,0.022241992882562234,0.3,0.5,1e-06,0.5,,,,,,,
optdigits,sasla,4,150,108,280746,389461,6.65140982344069,2545,2596.4066666666668,0.76999011466983,1,150,505800,0.000379661717576015,1.0,1.0,0.0,0.002282695012050257,0.9857651245551602,0.9858319179186615,0.014234875444839812,0.002525285677869471,0.9830960854092526,0.9830997068538754,0.01690391459074736,0.3,0.5,1e-06,0.5,,,,,,,
optdigits,sasla,5,150,116,309030,399693,6.688117686677035,2729,2664.62,0.7902194543297746,1,150,505800,0.0003476365421450649,1.0,1.0,0.0,0.0026005823531100735,0.9813167259786477,0.98133638173184,0.01868327402135228,0.0023250341060556553,0.9839857651245552,0.9839955819192365,0.016014234875444844,0.3,0.5,1e-06,0.5,,,,,,,
optdigits,sasla,6,150,51,132616,379667,5.528153587108965,2461,2531.1133333333332,0.7506267299327797,1,150,505800,0.00037852050219834685,1.0,1.0,0.0,0.002134573656120243,0.9875444839857651,0.987546319967753,0.01245551601423489,0.002092519472022078,0.9857651245551602,0.9857695199911245,0.014234875444839812,0.3,0.5,1e-06,0.5,,,,,,,
optdigits,sasla,7,150,60,153879,382014,6.264571421386964,2570,2546.76,0.7552669039145908,1,150,505800,0.00033061610771321025,1.0,1.0,0.0,0.0026917262440738763,0.9777580071174378,0.9777935778979365,0.022241992882562234,0.002071168219830371,0.9893238434163701,0.9893400484582546,0.010676156583629859,0.3,0.5,1e-06,0.5,,,,,,,
optdigits,sasla,8,150,140,360461,385992,5.973603696210226,2530,2573.28,0.7631316725978649,1,150,505800,0.00039211381423778167,1.0,1.0,0.0,0.002015030216628975,0.9893238434163701,0.989316266914569,0.010676156583629859,0.0023423325300659026,0.9875444839857651,0.9875296064349637,0.01245551601423489,0.3,0.5,1e-06,0.5,,,,,,,
optdigits,sasla,9,150,63,166069,390503,6.251962682363066,2592,2603.3533333333335,0.7720502174772638,1,150,505800,0.0003520911094410381,1.0,1.0,0.0,0.0024364307516754288,0.9848754448398577,0.9849515122130839,0.015124555160142328,0.0022012604770171806,0.9839857651245552,0.9840022769886996,0.016014234875444844,0.3,0.5,1e-06,0.5,,,,,,,
optdigits,sasla,10,150,123,312455,378770,5.620798147378915,2381,2525.133333333333,0.7488533017002768,1,150,505800,0.0003742912858162931,1.0,1.0,0.0,0.002469776660728408,0.9857651245551602,0.9857317143739666,0.014234875444839812,0.0021038157658962923,0.9884341637010676,0.9885309600269991,0.011565836298932375,0.3,0.5,1e-06,0.5,,,,,,,
optdigits,sasla,11,150,93,240998,384412,7.567240423103598,2528,2562.7466666666664,0.760007908264136,1,150,505800,0.00030399867836543987,1.0,1.0,0.0,0.0023341270272282657,0.9839857651245552,0.9839813675098302,0.016014234875444844,0.002300431087497026,0.9848754448398577,0.9848886539784513,0.015124555160142328,0.3,0.5,1e-06,0.5,,,,,,,
optdigits,sasla,12,150,141,360565,383137,6.1161453538080215,2554,2554.2466666666664,0.7574871490707789,1,150,505800,0.00036521046549516513,1.0,1.0,0.0,0.0018503932044415762,0.9893238434163701,0.9893150355309575,0.010676156583629859,0.002233680291700319,0.9848754448398577,0.9848681194077136,0.015124555160142328,0.3,0.5,1e-06,0.5,,,,,,,
optdigits,sasla,13,150,120,308390,384895,5.362955780508115,2505,2565.9666666666667,0.7609628311585607,1,150,505800,0.00038869539497939364,1.0,1.0,0.0,0.0023497151806316516,0.9839857651245552,0.9840017905644572,0.016014234875444844,0.0020845562153616244,0.9848754448398577,0.9849378122680443,0.015124555160142328,0.3,0.5,1e-06,0.5,,,,,,,
optdigits,sasla,14,150,94,248830,395977,5.476893253650041,2589,2639.846666666667,0.7828726769474101,1,150,505800,0.00039697976593573784,1.0,1.0,0.0,0.0024754467572491463,0.9830960854092526,0.9831528093349192,0.01690391459074736,0.002174215801889015,0.9857651245551602,0.985784311673874,0.014234875444839812,0.3,0.5,1e-06,0.5,,,,,,,
optdigits,sasla,15,150,150,382886,382886,6.921959209092802,2495,2552.5733333333333,0.7569909054962436,1,150,505800,0.00036517526701290937,1.0,1.0,0.0,0.0020360692281664156,0.9875444839857651,0.987576289855139,0.01245551601423489,0.002527728302432931,0.9848754448398577,0.9849242481869258,0.015124555160142328,0.3,0.5,1e-06,0.5,,,,,,,
optdigits,sasla,16,150,149,384383,386954,8.624281700433139,2554,2579.693333333333,0.7650336101225781,1,150,505800,0.0003314071500888491,1.0,1.0,0.0,0.002141127119656756,0.9875444839857651,0.987586065200244,0.01245551601423489,0.00285814861990396,0.9768683274021353,0.9769169095472792,0.02313167259786475,0.3,0.5,1e-06,0.5,,,,,,,
optdigits,sasla,17,150,140,379135,405630,5.889677184642015,2623,2704.2,0.8019572953736654,1,150,505800,0.00035813754909394763,1.0,1.0,0.0,0.0023015739691662446,0.9848754448398577,0.9848572534116761,0.015124555160142328,0.002109314551862233,0.9902135231316725,0.9902557085808381,0.009786476868327454,0.3,0.5,1e-06,0.5,,,,,,,
optdigits,sasla,18,150,108,271470,372763,6.688322605559877,2406,2485.0866666666666,0.7369770660340055,1,150,505800,0.0003252501203834449,1.0,1.0,0.0,0.002480272373863886,0.9822064056939501,0.982253829190269,0.017793594306049876,0.0021753777326216656,0.9875444839857651,0.9876152389878927,0.01245551601423489,0.3,0.5,1e-06,0.5,,,,,,,
optdigits,sasla,19,150,121,317981,394464,4.743441885386707,2646,2629.76,0.7798813760379597,1,150,505800,0.0004316369401764147,1.0,1.0,0.0,0.001957566226864767,0.9911032028469751,0.9911253288520394,0.008896797153024938,0.002047444741312962,0.9875444839857651,0.9874493073915296,0.01245551601423489,0.3,0.5,1e-06,0.5,,,,,,,
optdigits,sasla,20,150,73,187503,379098,6.944571317294934,2498,2527.32,0.7495017793594306,1,150,505800,0.00033430955610050264,1.0,1.0,0.0,0.0025542935121128756,0.9866548042704626,0.9866789351496598,0.013345195729537407,0.0023216365543931522,0.9822064056939501,0.9823925575540017,0.017793594306049876,0.3,0.5,1e-06,0.5,,,,,,,
optdigits,sasla,21,150,146,376966,387210,7.333660081171931,2545,2581.4,0.7655397390272836,1,150,505800,0.00034571926511431996,1.0,1.0,0.0,0.0021281995018913222,0.9848754448398577,0.9848705204726669,0.015124555160142328,0.002535387573860984,0.9804270462633452,0.980479726815773,0.019572953736654797,0.3,0.5,1e-06,0.5,,,,,,,
optdigits,sasla,22,150,78,197295,372084,6.129541590782954,2451,2480.56,0.7356346381969158,1,150,505800,0.0003736829965873329,1.0,1.0,0.0,0.0024705974224534574,0.9839857651245552,0.98409737087084,0.016014234875444844,0.0022905054693504617,0.9848754448398577,0.9849058985285692,0.015124555160142328,0.3,0.5,1e-06,0.5,,,,,,,
optdigits,sasla,23,150,121,314416,386967,6.591527630199485,2533,2579.78,0.7650593119810202,1,150,505800,0.0003217047882712228,1.0,1.0,0.0,0.0022388135000392067,0.9857651245551602,0.985834403010372,0.014234875444839812,0.00212052600065724,0.9822064056939501,0.9821986232235336,0.017793594306049876,0.3,0.5,1e-06,0.5,,,,,,,
optdigits,sasla,24,150,117,296108,379801,5.716973987464827,2547,2532.0066666666667,0.7508916567813365,1,150,505800,0.00035032994890128467,1.0,1.0,0.0,0.0026886369627701925,0.9777580071174378,0.977887091000059,0.022241992882562234,0.0020028272048985265,0.9866548042704626,0.9866534813421535,0.013345195729537407,0.3,0.5,1e-06,0.5,,,,,,,
optdigits,sasla,25,150,143,379079,397526,6.424493874717749,2622,2650.173333333333,0.7859351522340846,1,150,505800,0.00035141953838102775,1.0,1.0,0.0,0.0020768156292442393,0.9857651245551602,0.9857512306332732,0.014234875444839812,0.0022576926717850516,0.9866548042704626,0.9866640085168381,0.013345195729537407,0.3,0.5,1e-06,0.5,,,,,,,
optdigits,sasla,26,150,106,268088,375219,4.598923346607172,2457,2501.46,0.7418327402135232,1,150,505800,0.00037866891785027194,1.0,1.0,0.0,0.002605443760819197,0.9830960854092526,0.983129756091393,0.01690391459074736,0.0017414693269360891,0.9919928825622776,0.9920250921756338,0.008007117437722422,0.3,0.5,1e-06,0.5,,,,,,,
optdigits,sasla,27,150,52,133947,376890,6.5980726980235795,2406,2512.6,0.7451364175563464,1,150,505800,0.0003705263522115442,1.0,1.0,0.0,0.002746917890961864,0.9795373665480427,0.9796093099468983,0.020462633451957313,0.0024447598084252585,0.9777580071174378,0.9779126331279429,0.022241992882562234,0.3,0.5,1e-06,0.5,,,,,,,
optdigits,sasla,28,150,131,346421,396518,6.287250174405039,2682,2643.4533333333334,0.783942269671807,1,150,505800,0.00041411241694120726,1.0,1.0,0.0,0.002347399400636707,0.9839857651245552,0.9840579900310648,0.016014234875444844,0.0026036283656368977,0.9813167259786477,0.9813716098296765,0.01868327402135228,0.3,0.5,1e-06,0.5,,,,,,,
optdigits,sasla,29,150,133,344566,388036,5.456587752677626,2541,2586.9066666666668,0.7671727955713721,1,150,505800,0.0003789396817134376,1.0,1.0,0.0,0.002570474988601766,0.9813167259786477,0.9813771143220835,0.01868327402135228,0.0020677176262411012,0.9848754448398577,0.9849358067057145,0.015124555160142328,0.3,0.5,1e-06,0.5,,,,,,,
optdigits,sasla,30,150,85,210439,366567,7.04088751438849,2418,2443.78,0.7247271648873073,1,150,505800,0.0003140765703646044,1.0,1.0,0.0,0.0028897811408853144,0.9777580071174378,0.977763768337371,0.022241992882562234,0.002211377802842101,0.9848754448398577,0.984894651909298,0.015124555160142328,0.3,0.5,1e-06,0.5,,,,,,,
optdigits,uncertainty,1,150,133,374023,431347,5.62783503181874,3372,2875.6466666666665,0.8528015025701858,1,18,28773,0.0003737711218163507,1.0,1.0,0.0,0.0025758448378601206,0.9822064056939501,0.9822623659523704,0.017793594306049876,0.002103522213240248,0.9866548042704626,0.986674518555476,0.013345195729537407,0.3,0.5,1e-06,,0.1,0.05,1.3,,,,
optdigits,uncertainty,2,150,127,352608,430164,5.80850577612832,3372,2867.76,0.8504626334519574,1,18,28773,0.00035807241899382474,1.0,1.0,0.0,0.003050913169844863,0.9822064056939501,0.9822263074223784,0.017793594306049876,0.002079865713997871,0.9866548042704626,0.9866570958234793,0.013345195729537407,0.3,0.5,1e-06,,0.1,0.05,1.3,,,,
optdigits,uncertainty,3,150,79,178612,418024,8.140496813153604,3372,2786.826666666667,0.8264610517991301,1,18,28773,0.0003237463615499639,1.0,1.0,0.0,0.0021976371839059275,0.9848754448398577,0.9848699480225825,0.015124555160142328,0.002635456224467555,0.9804270462633452,0.980428532265852,0.019572953736654797,0.3,0.5,1e-06,,0.1,0.05,1.3,,,,
optdigits,uncertainty,4,150,119,309281,413813,7.453478191365266,3372,2758.7533333333336,0.8181356267299329,1,18,28773,0.00034071845017406003,1.0,1.0,0.0,0.002027906544611127,0.9857651245551602,0.9858052532185871,0.014234875444839812,0.0025395375377681296,0.9813167259786477,0.9813570506549381,0.01868327402135228,0.3,0.5,1e-06,,0.1,0.05,1.3,,,,
optdigits,uncertainty,5,150,148,420216,426960,6.243128015060147,3372,2846.4,0.8441281138790035,1,18,28773,0.0003340799394663938,1.0,1.0,0.0,0.002480355676258161,0.9866548042704626,0.9866604761769764,0.013345195729537407,0.0020857038293522413,0.9866548042704626,0.9866985293322508,0.013345195729537407,0.3,0.5,1e-06,,0.1,0.05,1.3,,,,
optdigits,uncertainty,6,150,145,406734,423594,6.514903495904984,3372,2823.96,0.8374733096085409,1,18,28773,0.0003287273706047908,1.0,1.0,0.0,0.0021111316658734593,0.9848754448398577,0.9849190464773636,0.015124555160142328,0.002141627095952805,0.9857651245551602,0.9857983324137896,0.014234875444839812,0.3,0.5,1e-06,,0.1,0.05,1.3,,,,
optdigits,uncertainty,7,150,122,338107,432523,5.93711615849809,3372,2883.4866666666667,0.8551265322261764,1,18,28773,0.00035671901210462234,1.0,1.0,0.0,0.002434116102006714,0.9848754448398577,0.984906329805981,0.015124555160142328,0.002117882210809829,0.9839857651245552,0.9840076138112863,0.016014234875444844,0.3,0.5,1e-06,,0.1,0.05,1.3,,,,
optdigits,uncertainty,8,150,149,421229,424601,6.1675892191291135,3372,2830.673333333333,0.8394642151047844,1,18,28773,0.0003339603109025078,1.0,1.0,0.0,0.0018618153268373655,0.9902135231316725,0.9902214307559973,0.009786476868327454,0.002059730013139314,0.9884341637010676,0.9884268627658122,0.011565836298932375,0.3,0.5,1e-06,,0.1,0.05,1.3,,,,
optdigits,uncertainty,9,150,136,375372,422580,6.621849572926638,3372,2817.2,0.8354685646500593,1,18,28773,0.0003410136005002659,1.0,1.0,0.0,0.002557409692611386,0.9839857651245552,0.984120136934278,0.016014234875444844,0.002258140764834861,0.9839857651245552,0.9840251486105638,0.016014234875444844,0.3,0.5,1e-06,,0.1,0.05,1.3,,,,
optdigits,uncertainty,10,150,143,401673,425277,6.414022473410335,3372,2835.18,0.8408007117437722,1,18,28773,0.00034436290894275095,1.0,1.0,0.0,0.0023236010130322057,0.9848754448398577,0.9848612032098994,0.015124555160142328,0.0022087514369677616,0.9848754448398577,0.9850143480416703,0.015124555160142328,0.3,0.5,1e-06,,0.1,0.05,1.3,,,,
optdigits,uncertainty,11,150,130,343507,410947,6.74984510545518,3372,2739.6466666666665,0.8124693554764729,1,18,28773,0.0003306757285577151,1.0,1.0,0.0,0.002162970100935386,0.9848754448398577,0.9848593290564676,0.015124555160142328,0.002232009947898119,0.9857651245551602,0.9857975159890463,0.014234875444839812,0.3,0.5,1e-06,,0.1,0.05,1.3,,,,
optdigits,uncertainty,12,150,137,368125,411961,6.1807727051122905,3372,2746.4066666666668,0.8144741004349546,1,18,28773,0.0003358175240693449,1.0,1.0,0.0,0.001825354633291183,0.9911032028469751,0.9911216932504361,0.008896797153024938,0.002075611786666197,0.9902135231316725,0.9901741526000565,0.009786476868327454,0.3,0.5,1e-06,,0.1,0.05,1.3,,,,
optdigits,uncertainty,13,150,132,356152,416848,5.016267705480803,3372,2778.9866666666667,0.8241360221431396,1,18,28773,0.0003956444041982708,1.0,1.0,0.0,0.0022113666290036285,0.9839857651245552,0.9840609228145617,0.016014234875444844,0.001984658247633979,0.9857651245551602,0.9858069854546077,0.014234875444839812,0.3,0.5,1e-06,,0.1,0.05,1.3,,,,
optdigits,uncertainty,14,150,92,225990,421566,6.857515894525053,3372,2810.44,0.8334638196915777,1,18,28773,0.00032293988673148404,1.0,1.0,0.0,0.002356667315794592,0.9804270462633452,0.9804728279326834,0.019572953736654797,0.002214565406237272,0.9866548042704626,0.9866945693821076,0.013345195729537407,0.3,0.5,1e-06,,0.1,0.05,1.3,,,,
optdigits,uncertainty,15,150,150,411285,411285,6.9960846915755175,3372,2741.9,0.8131376037959668,1,18,28773,0.00035962400122646897,1.0,1.0,0.0,0.0021520953503711606,0.9866548042704626,0.986690249505614,0.013345195729537407,0.0025159599697036346,0.9813167259786477,0.9813861593990678,0.01868327402135228,0.3,0.5,1e-06,,0.1,0.05,1.3,,,,
optdigits,uncertainty,16,150,148,415667,422411,7.286378605958653,3372,2816.0733333333333,0.8351344404903124,1,18,28773,0.0003369079561149052,1.0,1.0,0.0,0.0019461646832349198,0.9875444839857651,0.9875479675755061,0.01245551601423489,0.002454838923612902,0.9813167259786477,0.981285915484631,0.01868327402135228,0.3,0.5,1e-06,,0.1,0.05,1.3,,,,
optdigits,uncertainty,17,150,118,308099,416003,6.025409494400236,3372,2773.3533333333335,0.8224654013444049,1,18,28773,0.0003482343129863943,1.0,1.0,0.0,0.002188127185678636,0.9875444839857651,0.9875645980330777,0.01245551601423489,0.0020982543357441637,0.9893238434163701,0.9893347521133572,0.010676156583629859,0.3,0.5,1e-06,,0.1,0.05,1.3,,,,
optdigits,uncertainty,18,150,128,356825,431009,6.98479420807063,3372,2873.3933333333334,0.852133254250692,1,18,28773,0.0003018954354870829,1.0,1.0,0.0,0.002213970335815279,0.9875444839857651,0.9875684605197288,0.01245551601423489,0.0021086774892331373,0.9866548042704626,0.9867152290285143,0.013345195729537407,0.3,0.5,1e-06,,0.1,0.05,1.3,,,,
optdigits,uncertainty,19,150,121,319060,416848,6.456505434630408,3372,2778.9866666666667,0.8241360221431396,1,18,28773,0.0003519024520474419,1.0,1.0,0.0,0.0021038171608090206,0.9866548042704626,0.9867138933602311,0.013345195729537407,0.0022720600941040755,0.9822064056939501,0.9821878470899371,0.017793594306049876,0.3,0.5,1e-06,,0.1,0.05,1.3,,,,
optdigits,uncertainty,20,150,125,348223,432523,5.7915107104782,3372,2883.4866666666667,0.8551265322261764,1,18,28773,0.00035811901399642116,1.0,1.0,0.0,0.0022266347605647044,0.9875444839857651,0.9875664808020808,0.01245551601423489,0.002074050105186166,0.9839857651245552,0.9841014179200641,0.016014234875444844,0.3,0.5,1e-06,,0.1,0.05,1.3,,,,
optdigits,uncertainty,21,150,92,230877,426453,7.473389706492788,3372,2843.02,0.8431257413997627,1,18,28773,0.0003249974442254738,1.0,1.0,0.0,0.002224234534866932,0.9830960854092526,0.9831624741687799,0.01690391459074736,0.0024288325543111197,0.9822064056939501,0.9822253245533874,0.017793594306049876,0.3,0.5,1e-06,,0.1,0.05,1.3,,,,
optdigits,uncertainty,22,150,89,214360,420052,6.2379250347783595,3372,2800.346666666667,0.8304705417160934,1,18,28773,0.00034341994799994637,1.0,1.0,0.0,0.0024043047503400396,0.9830960854092526,0.9831078753429798,0.01690391459074736,0.002142227891071148,0.9848754448398577,0.9848873179483586,0.015124555160142328,0.3,0.5,1e-06,,0.1,0.05,1.3,,,,
optdigits,uncertainty,23,150,125,351427,435727,6.410836402362133,3372,2904.846666666667,0.8614610517991301,1,18,28773,0.0003142057531648473,1.0,1.0,0.0,0.002348053403810229,0.9839857651245552,0.9840776241319114,0.016014234875444844,0.002014321680220814,0.9857651245551602,0.9857712815493478,0.014234875444839812,0.3,0.5,1e-06,,0.1,0.05,1.3,,,,
optdigits,uncertainty,24,150,66,151634,434882,7.309009102469216,3372,2899.213333333333,0.8597904310003953,1,18,28773,0.0003057062428920593,1.0,1.0,0.0,0.0027165054500900175,0.9786476868327402,0.9788299203671903,0.02135231316725983,0.0022344097119797266,0.9830960854092526,0.9830968223701764,0.01690391459074736,0.3,0.5,1e-06,,0.1,0.05,1.3,,,,
optdigits,uncertainty,25,150,146,397121,410609,5.272742638140458,3372,2737.3933333333334,0.8118011071569791,1,18,28773,0.00043249205550657355,1.0,1.0,0.0,0.0021527119078790925,0.9866548042704626,0.9866681334829153,0.013345195729537407,0.0022804193017265197,0.9839857651245552,0.9839962712608912,0.016014234875444844,0.3,0.5,1e-06,,0.1,0.05,1.3,,,,
optdigits,uncertainty,26,150,117,318719,429995,5.142110019536288,3372,2866.633333333333,0.8501285092922103,1,18,28773,0.00035473641217307234,1.0,1.0,0.0,0.0026118950454251505,0.9822064056939501,0.9822143590446197,0.017793594306049876,0.0018240936593295095,0.9911032028469751,0.9911167868477039,0.008896797153024938,0.3,0.5,1e-06,,0.1,0.05,1.3,,,,
optdigits,uncertainty,27,150,140,391050,424770,6.331454988248848,3372,2831.8,0.8397983392645315,1,18,28773,0.00038157018768927956,1.0,1.0,0.0,0.00266183238638105,0.9795373665480427,0.9796051184866446,0.020462633451957313,0.0024158944682123383,0.9839857651245552,0.9840848280004482,0.016014234875444844,0.3,0.5,1e-06,,0.1,0.05,1.3,,,,
optdigits,uncertainty,28,150,140,402683,436403,7.162729321826715,3372,2909.3533333333335,0.8627975484381178,1,18,28773,0.00033323370663650376,1.0,1.0,0.0,0.0023034159467939888,0.9822064056939501,0.9823280757775514,0.017793594306049876,0.002386862841546287,0.9830960854092526,0.9831177719693536,0.01690391459074736,0.3,0.5,1e-06,,0.1,0.05,1.3,,,,
optdigits,uncertainty,29,150,147,416168,426284,6.465972943404078,3372,2841.8933333333334,0.8427916172400158,1,18,28773,0.0003365415960148013,1.0,1.0,0.0,0.002687462137660549,0.9786476868327402,0.9786632541421504,0.02135231316725983,0.002176068854161731,0.9884341637010676,0.9884408485856623,0.011565836298932375,0.3,0.5,1e-06,,0.1,0.05,1.3,,,,
optdigits,uncertainty,30,150,112,305908,434044,6.765321527160119,3372,2893.6266666666666,0.8581336496638987,1,18,28773,0.00029714850718316396,1.0,1.0,0.0,0.0025956131821672094,0.9822064056939501,0.9822589070897726,0.017793594306049876,0.0020103051924097526,0.9893238434163701,0.9893432013801637,0.010676156583629859,0.3,0.5,1e-06,,0.1,0.05,1.3,,,,
auto_mpg,passive,1,300,278,66442,71700,1.1377806440182054,239,239.0,1.0,1,0,0,0.003786563742635129,,,,0.003925685518666424,,,,0.004308278933711383,,,,0.05,0.9,1e-06,,,,,2.584472565536026,2.6315222315092788,2.7567742089382072,
auto_mpg,passive,2,300,272,65008,71700,0.6197176102094075,239,239.0,1.0,1,0,0,0.003450350115295873,,,,0.00444366545594,,,,0.002138242727836912,,,,0.05,0.9,1e-06,,,,,2.613915801209873,2.966406667860154,2.05773058532915,
auto_mpg,passive,3,300,94,22466,71700,1.6011287595080619,239,239.0,1.0,1,0,0,0.0026109089926774887,,,,0.003161455079428403,,,,0.004180401476634151,,,,0.05,0.9,1e-06,,,,,2.4015615679854165,2.6426604531148805,3.038833141501,
auto_mpg,passive,4,300,298,71222,71700,1.505281288963289,239,239.0,1.0,1,0,0,0.003224687965885979,,,,0.004438877367987429,,,,0.004854062457793252,,,,0.05,0.9,1e-06,,,,,2.526991955754056,2.9648080727016892,3.100364040245127,
auto_mpg,passive,5,300,263,62857,71700,1.111956341608159,239,239.0,1.0,1,0,0,0.0032651673301367203,,,,0.0035188754518145978,,,,0.003630723519157307,,,,0.05,0.9,1e-06,,,,,2.614230153397801,2.7138950330408305,2.756688456430322,
auto_mpg,passive,6,300,270,64530,71700,0.8569848579360151,239,239.0,1.0,1,0,0,0.003963508533380756,,,,0.0042839264230384285,,,,0.003396666797407491,,,,0.05,0.9,1e-06,,,,,2.7228643798345966,2.8307864842998702,2.520650220920299,
auto_mpg,passive,7,300,273,65247,71700,1.891316395450647,239,239.0,1.0,1,0,0,0.003055760145752468,,,,0.0030640068710254364,,,,0.0057794092642263015,,,,0.05,0.9,1e-06,,,,,2.418453204835548,2.4217144033870146,3.3259811401762573,
auto_mpg,passive,8,300,77,18403,71700,1.4214558489806028,239,239.0,1.0,1,0,0,0.003038990995342111,,,,0.0034617331037225052,,,,0.004319791525328427,,,,0.05,0.9,1e-06,,,,,2.590971074464307,2.7653152489586095,3.089080685163548,
auto_mpg,passive,9,300,209,49951,71700,1.45733583410148,239,239.0,1.0,1,0,0,0.0028899178242735436,,,,0.003944878456456077,,,,0.004211580802922419,,,,0.05,0.9,1e-06,,,,,2.3922290382648743,2.7949679002444987,2.8879028524150736,
auto_mpg,passive,10,300,286,68354,71700,2.0606323946002183,239,239.0,1.0,1,0,0,0.0027502510291177685,,,,0.003616026384992814,,,,0.005667256363882662,,,,0.05,0.9,1e-06,,,,,2.3140401306728933,2.653386491258534,3.3217821559157406,
auto_mpg,passive,11,300,290,69310,71700,1.4349743966180342,239,239.0,1.0,1,0,0,0.0033797683676261296,,,,0.004616378664279484,,,,0.004849881074043024,,,,0.05,0.9,1e-06,,,,,2.514372280941638,2.93857530364653,3.0119770361947653,
auto_mpg,passive,12,300,295,70505,71700,1.3401153723443893,239,239.0,1.0,1,0,0,0.0030504851040717143,,,,0.0031775573491429772,,,,0.004088001981074079,,,,0.05,0.9,1e-06,,,,,2.5268272553028046,2.5789195662312876,2.9251399362273016,
auto_mpg,passive,13,300,300,71700,71700,1.0216500228083718,239,239.0,1.0,1,0,0,0.0030880785579475954,,,,0.0036596577216585547,,,,0.0031549355291612046,,,,0.05,0.9,1e-06,,,,,2.5423495878211138,2.767651050988719,2.5697231847039426,
auto_mpg,passive,14,300,291,69549,71700,1.18872678143025,239,239.0,1.0,1,0,0,0.003540583617274996,,,,0.004751676082462758,,,,0.004208786567747978,,,,0.05,0.9,1e-06,,,,,2.796631761702006,3.2398229066046547,3.0491325861882888,
auto_mpg,passive,15,300,296,70744,71700,1.1466660683903689,239,239.0,1.0,1,0,0,0.0031826369663442277,,,,0.004374001081288189,,,,0.0036494218173117863,,,,0.05,0.9,1e-06,,,,,2.510461481999506,2.9430622897283256,2.688264784899669,
auto_mpg,passive,16,300,296,70744,71700,1.196247362569017,239,239.0,1.0,1,0,0,0.0035962612189828344,,,,0.00471261709653279,,,,0.004302017998317454,,,,0.05,0.9,1e-06,,,,,2.6686131752074442,3.054858426410144,2.9187447886322877,
auto_mpg,passive,17,300,280,66920,71700,1.2513148966871817,239,239.0,1.0,1,0,0,0.003986094972896791,,,,0.008478781253299164,,,,0.004987860019195642,,,,0.05,0.9,1e-06,,,,,2.8095310231565107,4.097573254603958,3.1428028578025966,
auto_mpg,passive,18,300,281,67159,71700,0.9215273029379549,239,239.0,1.0,1,0,0,0.0030064046010796538,,,,0.004012167293256936,,,,0.0027704839235731917,,,,0.05,0.9,1e-06,,,,,2.5770424450879643,2.9770585400365532,2.4738631706651,
auto_mpg,passive,19,300,295,70505,71700,1.2895256430932776,239,239.0,1.0,1,0,0,0.00394405057213884,,,,0.004603032172940907,,,,0.005085954350429747,,,,0.05,0.9,1e-06,,,,,2.9516787958473225,3.1887455323412794,3.3518462315713875,
auto_mpg,passive,20,300,291,69549,71700,0.7700146795823251,239,239.0,1.0,1,0,0,0.004521988458294857,,,,0.005110384220074313,,,,0.0034819974937888866,,,,0.05,0.9,1e-06,,,,,3.0764922342645002,3.2705280264246768,2.6996367124751255,
auto_mpg,passive,21,300,276,65964,71700,1.5675072122095863,239,239.0,1.0,1,0,0,0.003263302691097654,,,,0.004216057997437534,,,,0.005115250503918524,,,,0.05,0.9,1e-06,,,,,2.684890248154423,3.05176540978161,3.361486034948832,
auto_mpg,passive,22,300,225,53775,71700,1.146235987147845,239,239.0,1.0,1,0,0,0.003375960930443784,,,,0.006142440496541503,,,,0.0038696479096797876,,,,0.05,0.9,1e-06,,,,,2.585584388975015,3.4876306847595417,2.7681889879745207,
auto_mpg,passive,23,300,202,48278,71700,1.5226333360199362,239,239.0,1.0,1,0,0,0.002846359599465374,,,,0.005617535835110843,,,,0.004333962012446332,,,,0.05,0.9,1e-06,,,,,2.287436339679416,3.213490784628132,2.8225827512290786,
auto_mpg,passive,24,300,275,65725,71700,0.807187179453697,239,239.0,1.0,1,0,0,0.003485997177568415,,,,0.0030892179777029746,,,,0.0028138522293449974,,,,0.05,0.9,1e-06,,,,,2.774989687413023,2.6122944919640805,2.49315053188192,
auto_mpg,passive,25,300,164,39196,71700,1.3635710628631639,239,239.0,1.0,1,0,0,0.0030898344811935118,,,,0.0038801672933272877,,,,0.004213208887592289,,,,0.05,0.9,1e-06,,,,,2.473589442770051,2.7719490043309527,2.8884609915411064,
auto_mpg,passive,26,300,293,70027,71700,1.4426342697590073,239,239.0,1.0,1,0,0,0.0031241866946094717,,,,0.004281606376279717,,,,0.004507058790768742,,,,0.05,0.9,1e-06,,,,,2.3824998459990896,2.7891236051854786,2.861613681696319,
auto_mpg,passive,27,300,293,70027,71700,0.927256750681158,239,239.0,1.0,1,0,0,0.0036613119965484735,,,,0.004372920149253659,,,,0.0033949762651494806,,,,0.05,0.9,1e-06,,,,,2.768276510895496,3.0253586861556165,2.66568893702443,
auto_mpg,passive,28,300,264,63096,71700,1.0277828074701,239,239.0,1.0,1,0,0,0.002940754651843505,,,,0.003054209501550198,,,,0.003022457072152474,,,,0.05,0.9,1e-06,,,,,2.548750090911681,2.5974504401286245,2.5839132478442104,
auto_mpg,passive,29,300,284,67876,71700,1.2198333678107864,239,239.0,1.0,1,0,0,0.003290854220874549,,,,0.004136154562953781,,,,0.004014293787223742,,,,0.05,0.9,1e-06,,,,,2.6244930105982824,2.94231711579878,2.8986493044211112,
auto_mpg,passive,30,300,257,61423,71700,0.9314399473537676,239,239.0,1.0,1,0,0,0.003550080591780713,,,,0.0035445896844692767,,,,0.0033066868795098596,,,,0.05,0.9,1e-06,,,,,2.6514235972159854,2.649372326169028,2.558919047791352,
auto_mpg,sasla,1,300,287,60946,63546,1.1515124198885103,195,211.82,0.886276150627615,1,300,71700,0.0038965198125415737,,,,0.004103978389857863,,,,0.004486890958483272,,,,0.05,0.9,1e-06,0.5,,,,2.6217286185498554,2.6906166355891856,2.813338879474794,
auto_mpg,sasla,2,300,292,63014,64657,0.8233971869948398,207,215.52333333333334,0.9017712691771269,1,300,71700,0.004181394771137597,,,,0.004439910063976802,,,,0.003442948692269629,,,,0.05,0.9,1e-06,0.5,,,,2.8775348817251944,2.9651529309953073,2.6111107115300443,
auto_mpg,sasla,3,300,285,59659,62723,1.62369485853608,202,209.07666666666665,0.8747977684797767,1,300,71700,0.002740970173881626,,,,0.0034939109916394227,,,,0.004450499178732341,,,,0.05,0.9,1e-06,0.5,,,,2.460650953326073,2.77813775405963,3.135466900769284,
auto_mpg,sasla,4,300,288,62281,64761,1.5537325887240405,203,215.87,0.9032217573221758,1,300,71700,0.00328289230790626,,,,0.004669415388609712,,,,0.005100736764065433,,,,0.05,0.9,1e-06,0.5,,,,2.549695568637827,3.0408238724553547,3.1781651903323986,
auto_mpg,sasla,5,300,293,63429,64858,1.0807813774385184,201,216.19333333333333,0.9045746164574616,1,300,71700,0.003270309241436383,,,,0.003079925176300586,,,,0.0035344893266095303,,,,0.05,0.9,1e-06,0.5,,,,2.6162877587631566,2.5389911164320065,2.7199093856554595,
auto_mpg,sasla,6,300,299,64672,64889,0.7784470309631086,212,216.29666666666665,0.9050069735006973,1,300,71700,0.0038629318814309105,,,,0.004408596476135017,,,,0.0030070878539126275,,,,0.05,0.9,1e-06,0.5,,,,2.6880951466529432,2.871681605939333,2.371696813198188,
auto_mpg,sasla,7,300,292,60723,62243,2.207655885512108,186,207.47666666666666,0.8681032078103208,1,300,71700,0.0029780962646162464,,,,0.003307850425733975,,,,0.0065746117462016805,,,,0.05,0.9,1e-06,0.5,,,,2.3875222263870204,2.516233783953001,3.5474241070760275,
auto_mpg,sasla,8,300,95,21552,65932,1.4964435984218831,218,219.77333333333334,0.9195536959553696,1,300,71700,0.0028463407298456194,,,,0.0036179300863160434,,,,0.004259388364104948,,,,0.05,0.9,1e-06,0.5,,,,2.5075020782102997,2.827013894672635,3.0674075204165208,
auto_mpg,sasla,9,300,245,52555,63880,1.5603343433656367,209,212.93333333333334,0.8909344490934449,1,300,71700,0.0029627974111610263,,,,0.003935288541656984,,,,0.004622954553069348,,,,0.05,0.9,1e-06,0.5,,,,2.422205518417383,2.7915685796011247,3.025657904277279,
auto_mpg,sasla,10,300,298,62215,62597,1.9517613833635035,193,208.65666666666667,0.8730404463040446,1,300,71700,0.0031248333634095377,,,,0.003775618366122369,,,,0.0060989290881486285,,,,0.05,0.9,1e-06,0.5,,,,2.46659672100643,2.7113074250031515,3.4459701435723984,
auto_mpg,sasla,11,300,283,61831,65375,1.1918127336400233,205,217.91666666666666,0.9117852161785216,1,300,71700,0.003774360486806881,,,,0.004809640706144947,,,,0.004498330889524197,,,,0.05,0.9,1e-06,0.5,,,,2.6570993937191543,2.999455541158804,2.900760085656104,
auto_mpg,sasla,12,300,296,66686,67569,1.4240631193851356,222,225.23,0.9423849372384937,1,300,71700,0.0030343720812703785,,,,0.003145960739208441,,,,0.004321137371429061,,,,0.05,0.9,1e-06,0.5,,,,2.5201449193159475,2.5660655583420833,3.007392656353131,
auto_mpg,sasla,13,300,295,64918,65950,0.9075476556246634,207,219.83333333333334,0.9198047419804742,1,300,71700,0.003031434745043165,,,,0.0038118647511754477,,,,0.002751171496043074,,,,0.05,0.9,1e-06,0.5,,,,2.5189248472407644,2.8246187646755376,2.3996612030527675,
auto_mpg,sasla,14,300,288,63605,66122,1.184790898837273,211,220.40666666666667,0.9222036262203627,1,300,71700,0.0029435289351170324,,,,0.003998867876878816,,,,0.00348746629279083,,,,0.05,0.9,1e-06,0.5,,,,2.549952042230113,2.9721203104896854,2.775574362321237,
auto_mpg,sasla,15,300,288,59895,62235,1.1757597143380782,187,207.45,0.8679916317991632,1,300,71700,0.0033386107631096285,,,,0.004663517655206255,,,,0.00392540403711981,,,,0.05,0.9,1e-06,0.5,,,,2.5712417163012584,3.0389029001799623,2.788060498717075,
auto_mpg,sasla,16,300,299,64669,64875,1.567441234143582,206,216.25,0.9048117154811716,1,300,71700,0.0030561894902853956,,,,0.004373855720891661,,,,0.004790397426429585,,,,0.05,0.9,1e-06,0.5,,,,2.4600852095278434,2.943013386190371,3.079965016633661,
auto_mpg,sasla,17,300,214,47118,65297,0.8866346802781984,211,217.65666666666667,0.910697350069735,1,300,71700,0.0035185437426192793,,,,0.006494894636883403,,,,0.0031196629062821,,,,0.05,0.9,1e-06,0.5,,,,2.6396204739170037,3.5862954569706558,2.485500446623402,
auto_mpg,sasla,18,300,196,43571,65944,0.7514321373324548,208,219.81333333333333,0.919721059972106,1,300,71700,0.0036011614261009933,,,,0.004480697643487093,,,,0.0027060284272942604,,,,0.05,0.9,1e-06,0.5,,,,2.8204548552063535,3.146086631747923,2.444916521252417,
auto_mpg,sasla,19,300,296,64016,64815,1.3781161305897678,201,216.05,0.9039748953974895,1,300,71700,0.0028556614932030554,,,,0.002726222794184734,,,,0.003935433167287193,,,,0.05,0.9,1e-06,0.5,,,,2.511604315668682,2.454022443327297,2.9484524528195144,
auto_mpg,sasla,20,300,300,64817,64817,0.9039516157573999,206,216.05666666666667,0.904002789400279,1,300,71700,0.0034926146183089234,,,,0.003992107969459043,,,,0.003157154627438266,,,,0.05,0.9,1e-06,0.5,,,,2.703749375318323,2.8906282166383606,2.5706267635330704,
auto_mpg,sasla,21,300,300,67382,67382,1.4428911587516633,223,224.60666666666665,0.9397768479776848,1,300,71700,0.0027946454821771963,,,,0.0038376141156245863,,,,0.0040323692580787555,,,,0.05,0.9,1e-06,0.5,,,,2.4846271088695437,2.9115785377376846,2.98454413455321,
auto_mpg,sasla,22,300,299,65350,65550,1.2072828066385521,203,218.5,0.9142259414225942,1,300,71700,0.002865952701011155,,,,0.005433503035272711,,,,0.003460015420570087,,,,0.05,0.9,1e-06,0.5,,,,2.3822894106672554,3.280197308943288,2.617574361232917,
auto_mpg,sasla,23,300,194,41193,62502,1.2537163567711356,192,208.34,0.8717154811715482,1,300,71700,0.0032050080396666346,,,,0.005614795719962915,,,,0.004018171002913053,,,,0.05,0.9,1e-06,0.5,,,,2.4272733894573575,3.212706952618765,2.717805296563173,
auto_mpg,sasla,24,300,264,58040,65586,1.0379434678797084,212,218.62,0.9147280334728034,1,300,71700,0.004122098525884163,,,,0.003563586423530014,,,,0.004278505238898042,,,,0.05,0.9,1e-06,0.5,,,,3.0175678358038804,2.8057017677539786,3.0742833429477145,
auto_mpg,sasla,25,300,152,34524,64830,1.5430517730441482,195,216.1,0.90418410041841,1,300,71700,0.002750108924116705,,,,0.0036762570473574552,,,,0.004243560451422816,,,,0.05,0.9,1e-06,0.5,,,,2.333645902227265,2.69813046719939,2.898846422963802,
auto_mpg,sasla,26,300,280,62398,66661,1.3660804785072937,212,222.20333333333335,0.9297210599721061,1,300,71700,0.0032802185448029477,,,,0.004235810508582753,,,,0.004481042519292909,,,,0.05,0.9,1e-06,0.5,,,,2.4412698175342307,2.7741673349530465,2.8533426263821995,
auto_mpg,sasla,27,300,285,62693,65903,0.9004964174331022,216,219.67666666666668,0.9191492329149233,1,300,71700,0.0031292185755523658,,,,0.0038467942197214612,,,,0.0028178501166500206,,,,0.05,0.9,1e-06,0.5,,,,2.5592284100470737,2.837530744593925,2.4285667398242907,
auto_mpg,sasla,28,300,287,62165,64870,1.0435765677308952,205,216.23333333333332,0.904741980474198,1,300,71700,0.003012291156895605,,,,0.0033523712026322944,,,,0.003143556466519243,,,,0.05,0.9,1e-06,0.5,,,,2.57956414256021,2.72128425318171,2.6351691092871077,
auto_mpg,sasla,29,300,148,31394,61275,1.2614310831314541,186,204.25,0.854602510460251,1,300,71700,0.004082382709688141,,,,0.006068073487976952,,,,0.0051496444432390315,,,,0.05,0.9,1e-06,0.5,,,,2.9231288306020033,3.5638261833216216,3.2830668090182074,
auto_mpg,sasla,30,300,274,58985,64294,1.0182589967201197,203,214.31333333333333,0.8967085076708508,1,300,71700,0.003568642636553516,,,,0.0032583981007803693,,,,0.003633802470749626,,,,0.05,0.9,1e-06,0.5,,,,2.658346211657748,2.5401659077844356,2.6825057954647455,
auto_mpg,uncertainty,1,300,240,72648,94248,1.4337015517337184,120,104.72,0.43815899581589957,1,9,4833,0.004272605320966982,,,,0.005316890171116641,,,,0.006125640878616103,,,,0.05,0.9,1e-06,,0.05,0.05,1.05,2.7453370988251615,3.0625143692478822,3.287191888204704,3
auto_mpg,uncertainty,2,300,287,180813,190134,0.7915465993063657,239,211.26,0.8839330543933054,1,19,6783,0.0037480206163174367,,,,0.004540601549658495,,,,0.002966732972976216,,,,0.05,0.9,1e-06,,0.05,0.05,1.05,2.7243380527134664,2.9985873705315367,2.423813724223904,3
auto_mpg,uncertainty,3,300,119,61812,191589,1.4952200405376548,239,212.87666666666667,0.890697350069735,1,19,6783,0.0029493362746324647,,,,0.003324196644551195,,,,0.00440990670411513,,,,0.05,0.9,1e-06,,0.05,0.05,1.05,2.5524662251757837,2.7098247891355607,3.1211350354302714,3
auto_mpg,uncertainty,4,300,282,186426,199332,1.6261207670624775,239,221.48,0.926694560669456,1,19,6783,0.0032711662145499085,,,,0.004724673971121326,,,,0.005319311313992758,,,,0.05,0.9,1e-06,,0.05,0.05,1.05,2.545137893388579,3.058763742316985,3.245545598128943,3
auto_mpg,uncertainty,5,300,61,16344,129204,1.1303122314070042,192,143.56,0.6006694560669457,1,15,6435,0.0038879559047786515,,,,0.003953636992656816,,,,0.004394604114342396,,,,0.05,0.9,1e-06,,0.05,0.05,1.05,2.852671503336086,2.876666356730088,3.0328503217395646,3
auto_mpg,uncertainty,6,300,244,159519,199671,0.9421327709898739,239,221.85666666666665,0.9282705718270571,1,19,6783,0.0036096628639297997,,,,0.004257449654680181,,,,0.003400781676333426,,,,0.05,0.9,1e-06,,0.05,0.05,1.05,2.598480323363963,2.8220251008243524,2.5221765747933755,3
auto_mpg,uncertainty,7,300,297,99633,101784,1.914834675322078,239,113.09333333333333,0.47319386331938634,1,19,6783,0.003833626844111812,,,,0.004972734141390915,,,,0.0073407616133508435,,,,0.05,0.9,1e-06,,0.05,0.05,1.05,2.7088376439550164,3.0851456922657716,3.7484232052363495,3
auto_mpg,uncertainty,8,300,99,62808,206925,1.4538860565470004,239,229.91666666666666,0.9619944211994421,1,19,6783,0.0029816392470111367,,,,0.0035048655218062877,,,,0.004334963726882789,,,,0.05,0.9,1e-06,,0.05,0.05,1.05,2.5664062610287566,2.7824895215741763,3.094500746919296,3
auto_mpg,uncertainty,9,300,295,172467,176052,1.5766488279416329,239,195.61333333333334,0.818465829846583,1,19,6783,0.002865935039900685,,,,0.003989519244459065,,,,0.004518573121616272,,,,0.05,0.9,1e-06,,0.05,0.05,1.05,2.382282070360966,2.810737533787184,2.991304802938113,3
auto_mpg,uncertainty,10,300,288,186114,194718,2.1972487633445907,239,216.35333333333332,0.9052440725244072,1,19,6783,0.0036610440625088185,,,,0.004867610098944167,,,,0.008044224538897558,,,,0.05,0.9,1e-06,,0.05,0.05,1.05,2.669852054612417,3.078524471082224,3.9575536469190107,3
auto_mpg,uncertainty,11,300,282,122331,135237,1.5268220057642479,239,150.26333333333332,0.6287168758716876,1,19,6783,0.00329572704993394,,,,0.004537089442259832,,,,0.005031988584831625,,,,0.05,0.9,1e-06,,0.05,0.05,1.05,2.482914301751483,2.913230057828794,3.0680040983046464,3
auto_mpg,uncertainty,12,300,83,14868,66168,1.1027251220386356,84,73.52,0.30761506276150624,1,6,3546,0.004424014253734878,,,,0.004209775608309525,,,,0.004878471657850457,,,,0.05,0.9,1e-06,,0.05,0.05,1.05,3.0429818162384668,2.9683873499203832,3.1954571010044277,3
auto_mpg,uncertainty,13,300,67,16128,82188,0.8345658676930126,96,91.32,0.382092050209205,1,7,4011,0.004502520354637096,,,,0.00446969921140602,,,,0.0037576498065731586,,,,0.05,0.9,1e-06,,0.05,0.05,1.05,3.0698626206684896,3.0586532666638617,2.804460001189272,3
auto_mpg,uncertainty,14,300,297,202347,204498,1.1326640156405758,239,227.22,0.9507112970711297,1,19,6783,0.002777471195974517,,,,0.0036889995471826144,,,,0.0031459416781585295,,,,0.05,0.9,1e-06,,0.05,0.05,1.05,2.47698079764614,2.8546453369422964,2.63616865299855,3
auto_mpg,uncertainty,15,300,299,76200,76917,1.1510135318689945,239,85.46333333333334,0.3575871687587169,1,19,6783,0.0037466675154944886,,,,0.004711324175559881,,,,0.004312465009748142,,,,0.05,0.9,1e-06,,0.05,0.05,1.05,2.723846241541171,3.054439342768564,2.922286576561881,3
auto_mpg,uncertainty,16,300,300,207636,207636,1.342597019100895,239,230.70666666666668,0.9652998605299861,1,19,6783,0.003257949888818986,,,,0.004589808792359243,,,,0.004374113809108462,,,,0.05,0.9,1e-06,,0.05,0.05,1.05,2.5399911943417828,3.014791677889103,2.943100214142739,3
auto_mpg,uncertainty,17,300,224,153612,208104,1.0852959025510125,239,231.22666666666666,0.9674755927475592,1,19,6783,0.0031690277509727736,,,,0.00676679975770575,,,,0.0034393328332012014,,,,0.05,0.9,1e-06,,0.05,0.05,1.05,2.5050882626893283,3.6605949270845044,2.60973922891669,3
auto_mpg,uncertainty,18,300,252,90393,124809,0.9126450813770407,239,138.67666666666668,0.5802370990237099,1,19,6783,0.0032332896852801806,,,,0.0044103086260916784,,,,0.0029508459279380768,,,,0.05,0.9,1e-06,,0.05,0.05,1.05,2.672515091591424,3.121277263402999,2.5531193968976877,3
auto_mpg,uncertainty,19,300,300,41940,41940,1.1198555952267177,48,46.6,0.19497907949790796,1,3,1935,0.004252663904694188,,,,0.0035787171381703948,,,,0.004762369468290488,,,,0.05,0.9,1e-06,,0.05,0.05,1.05,3.0649852471862666,2.811651855799078,3.2434663795781336,3
auto_mpg,uncertainty,20,300,300,190482,190482,0.827420749464508,239,211.64666666666668,0.8855509065550907,1,19,6783,0.003443967729014802,,,,0.003797159911114857,,,,0.002849610359473007,,,,0.05,0.9,1e-06,,0.05,0.05,1.05,2.684853758552045,2.8191653049187875,2.442214688151816,3
auto_mpg,uncertainty,21,300,287,196212,205533,1.5078001291144318,239,228.37,0.9555230125523013,1,19,6783,0.0031288887168662727,,,,0.0040329845348635205,,,,0.004717738811275655,,,,0.05,0.9,1e-06,,0.05,0.05,1.05,2.6290141071431314,2.9847718233582814,3.228232493812662,3
auto_mpg,uncertainty,22,300,256,159069,190617,1.0909712991246685,239,211.79666666666665,0.8861785216178522,1,19,6783,0.00333539839472146,,,,0.006147151937994442,,,,0.0036388239197876057,,,,0.05,0.9,1e-06,,0.05,0.05,1.05,2.570004410725237,3.4889679885624476,2.684358595113441,3
auto_mpg,uncertainty,23,300,232,38952,74916,1.0017716304381061,239,83.24,0.34828451882845185,1,19,6783,0.0038217798058849724,,,,0.0047909246726198645,,,,0.003828550587316818,,,,0.05,0.9,1e-06,,0.05,0.05,1.05,2.6505558744304025,2.9676576853878327,2.6529027381790806,3
auto_mpg,uncertainty,24,300,261,101088,116532,0.7797092040639606,132,129.48,0.5417573221757321,1,10,5190,0.0038458522462782307,,,,0.003238554489525257,,,,0.0029986463938931943,,,,0.05,0.9,1e-06,,0.05,0.05,1.05,2.9147019765369855,2.674690050708921,2.5737151909467504,3
auto_mpg,uncertainty,25,300,244,67680,85860,1.0864858922039695,120,95.4,0.399163179916318,1,9,4833,0.004282243935332215,,,,0.004437628721775221,,,,0.0046525976227144595,,,,0.05,0.9,1e-06,,0.05,0.05,1.05,2.9120291126535154,2.964391046453788,3.0353428871184067,3
auto_mpg,uncertainty,26,300,289,199362,207249,1.486083881644965,239,230.27666666666667,0.9635006973500697,1,19,6783,0.0031750401625983845,,,,0.004116289951336441,,,,0.004718376009212868,,,,0.05,0.9,1e-06,,0.05,0.05,1.05,2.4018119629611894,2.734748365456114,2.927929838019309,3
auto_mpg,uncertainty,27,300,294,137664,141864,0.941768444436913,239,157.62666666666667,0.6595258019525801,1,19,6783,0.0035675310767889364,,,,0.0043996390207897895,,,,0.003359788192667862,,,,0.05,0.9,1e-06,,0.05,0.05,1.05,2.7325931849456744,3.0345871956415795,2.6518383574448645,3
auto_mpg,uncertainty,28,300,263,151017,177546,1.0427073271914158,239,197.27333333333334,0.8254114365411437,1,19,6783,0.0030416368730958707,,,,0.003112801967346339,,,,0.003171537054232651,,,,0.05,0.9,1e-06,,0.05,0.05,1.05,2.592098735131202,2.622247041349854,2.6468708606201257,3
auto_mpg,uncertainty,29,300,261,164904,192867,1.2779780980161948,239,214.29666666666665,0.8966387726638773,1,19,6783,0.0037764628356660597,,,,0.005252691476332874,,,,0.004826236791953356,,,,0.05,0.9,1e-06,,0.05,0.05,1.05,2.811471633144516,3.3157520343327818,3.1783038315047656,3
auto_mpg,uncertainty,30,300,291,92988,95904,0.9218073142342241,108,106.56,0.44585774058577404,1,8,4440,0.004061727331349237,,,,0.003078533938098232,,,,0.003744129962462783,,,,0.05,0.9,1e-06,,0.05,0.05,1.05,2.8360598632441323,2.4690619333907007,2.7229236783587836,3
diabetes,passive,1,300,297,78705,79500,1.2068506648063373,265,265.0,1.0,1,0,0,0.017677089402663472,,,,0.021699429121804913,,,,0.021333607097445473,,,,0.01,0.9,1e-05,,,,,51.5201461141046,57.08156360919889,56.598360760059094,
diabetes,passive,2,300,27,7155,79500,1.0940533570973499,265,265.0,1.0,1,0,0,0.018048504259704955,,,,0.020957034504746303,,,,0.019746026675916024,,,,0.01,0.9,1e-05,,,,,52.89823418557479,57.001394565361466,55.329968949331715,
diabetes,passive,3,300,194,51410,79500,0.982312105771578,265,265.0,1.0,1,0,0,0.017126438987276088,,,,0.021666418679868352,,,,0.016823508345959626,,,,0.01,0.9,1e-05,,,,,51.69286839584114,58.14209296651144,51.23365973340525,
diabetes,passive,4,300,290,76850,79500,1.3731552982402435,265,265.0,1.0,1,0,0,0.016552424398349964,,,,0.018263382329284688,,,,0.022729049261315328,,,,0.01,0.9,1e-05,,,,,50.81920913151398,53.38112239290818,59.55081788688317,
diabetes,passive,5,300,66,17490,79500,1.408722657987007,265,265.0,1.0,1,0,0,0.01821815182828888,,,,0.019361052326768335,,,,0.02566432326715796,,,,0.01,0.9,1e-05,,,,,52.13395238944654,53.74436943200666,61.87759148451266,
diabetes,passive,6,300,184,48760,79500,1.2841861530725505,265,265.0,1.0,1,0,0,0.017855232596492385,,,,0.020870698698672866,,,,0.022929442460305163,,,,0.01,0.9,1e-05,,,,,51.61206653283842,55.800358176045556,58.487793806063685,
diabetes,passive,7,300,280,74200,79500,1.1798345325381967,265,265.0,1.0,1,0,0,0.01799845962699046,,,,0.01607285957115875,,,,0.021235204200417895,,,,0.01,0.9,1e-05,,,,,53.83103308072985,50.869986286607535,58.47136954334014,
diabetes,passive,8,300,62,16430,79500,0.9512971240505771,265,265.0,1.0,1,0,0,0.019089977985787845,,,,0.020666834873539455,,,,0.018160241156068804,,,,0.01,0.9,1e-05,,,,,52.6759729698927,54.80836378508712,51.377226739202335,
diabetes,passive,9,300,247,65455,79500,1.3654861479012965,265,265.0,1.0,1,0,0,0.01675739634747049,,,,0.018968478693059045,,,,0.022881992587362735,,,,0.01,0.9,1e-05,,,,,50.97108022842708,54.22965197770588,59.56175516954372,
diabetes,passive,10,300,283,74995,79500,1.3277779480283805,265,265.0,1.0,1,0,0,0.017839649450347862,,,,0.013928081953565916,,,,0.02368709314072851,,,,0.01,0.9,1e-05,,,,,52.758234480415716,46.61683158264966,60.79291658805462,
diabetes,passive,11,300,36,9540,79500,0.9452869363392999,265,265.0,1.0,1,0,0,0.019437895345496333,,,,0.024394231470678367,,,,0.018374388540028166,,,,0.01,0.9,1e-05,,,,,55.94221592264992,62.66984428547665,54.39030487988303,
diabetes,passive,12,300,285,75525,79500,1.3528465595581505,265,265.0,1.0,1,0,0,0.019643304382040483,,,,0.022596289736739866,,,,0.026574376751597007,,,,0.01,0.9,1e-05,,,,,50.80603277616259,54.49122588287469,59.093478447410284,
diabetes,passive,13,300,284,75260,79500,1.1073889611407066,265,265.0,1.0,1,0,0,0.017721890643057014,,,,0.018336948027019493,,,,0.019625026068664116,,,,0.01,0.9,1e-05,,,,,52.41741419630581,53.319257601923965,55.160181682294564,
diabetes,passive,14,300,300,79500,79500,1.0165092819894832,265,265.0,1.0,1,0,0,0.01758670350181035,,,,0.021230244756627,,,,0.01787704734918717,,,,0.01,0.9,1e-05,,,,,52.217104701296336,57.37174604030272,52.646373676503956,
diabetes,passive,15,300,283,74995,79500,0.8406491594340256,265,265.0,1.0,1,0,0,0.01829350188706844,,,,0.025375411738256876,,,,0.015378416984468846,,,,0.01,0.9,1e-05,,,,,52.24165384416655,61.52831777142976,47.89876420793113,
diabetes,passive,16,300,300,79500,79500,1.1834654561079905,265,265.0,1.0,1,0,0,0.018482705215782387,,,,0.01747218091971676,,,,0.021873643158305436,,,,0.01,0.9,1e-05,,,,,52.51111752387712,51.05544330669289,57.12537366396064,
diabetes,passive,17,300,195,51675,79500,1.190080117664846,265,265.0,1.0,1,0,0,0.018305081081228396,,,,0.01786621692747873,,,,0.021784513047012833,,,,0.01,0.9,1e-05,,,,,52.59642554480134,51.962101084628706,57.37785785938205,
diabetes,passive,18,300,292,77380,79500,1.2388567581338876,265,265.0,1.0,1,0,0,0.018096016624318374,,,,0.025472500876458953,,,,0.022418372490339997,,,,0.01,0.9,1e-05,,,,,51.622600895001995,61.246909808594886,57.45798993669819,
diabetes,passive,19,300,50,13250,79500,0.9867774711763435,265,265.0,1.0,1,0,0,0.017267559408731856,,,,0.01730277962422434,,,,0.017039238606735698,,,,0.01,0.9,1e-05,,,,,52.72669196305989,52.78043723855727,52.37694186848609,
diabetes,passive,20,300,22,5830,79500,1.1151557915760075,265,265.0,1.0,1,0,0,0.018225218164066685,,,,0.019334395204738206,,,,0.020323957588395215,,,,0.01,0.9,1e-05,,,,,52.481564114915244,54.05497835822867,55.421023508502245,
diabetes,passive,21,300,42,11130,79500,1.1171267182219171,265,265.0,1.0,1,0,0,0.017025109824373757,,,,0.01897349187275085,,,,0.019019205065470376,,,,0.01,0.9,1e-05,,,,,52.35522212213674,55.26989992386397,55.33644127560649,
diabetes,passive,22,300,39,10335,79500,0.9675641757308383,265,265.0,1.0,1,0,0,0.0190888006303507,,,,0.01772420187212734,,,,0.018469639647595584,,,,0.01,0.9,1e-05,,,,,54.57407918005092,52.58724747596768,53.68170569212664,
diabetes,passive,23,300,297,78705,79500,1.2495626444797434,265,265.0,1.0,1,0,0,0.01791646082116805,,,,0.015071991787783302,,,,0.02238774016341646,,,,0.01,0.9,1e-05,,,,,52.871691855119835,48.49337602898864,59.102006387237424,
diabetes,passive,24,300,28,7420,79500,1.3681179566375943,265,265.0,1.0,1,0,0,0.017181972891568916,,,,0.022181941018828116,,,,0.0235069656434158,,,,0.01,0.9,1e-05,,,,,50.79350959521939,57.71271160765546,59.411428276840425,
diabetes,passive,25,300,285,75525,79500,1.2130657754108536,265,265.0,1.0,1,0,0,0.01951295703133869,,,,0.0189800156615405,,,,0.023670500351779533,,,,0.01,0.9,1e-05,,,,,53.25634979512246,52.52404147320904,58.6561523737106,
diabetes,passive,26,300,268,71020,79500,1.2076056578949752,265,265.0,1.0,1,0,0,0.017506342376290562,,,,0.013796428509812773,,,,0.021140758102655047,,,,0.01,0.9,1e-05,,,,,53.09000354344256,47.13010234446138,58.34119545365863,
diabetes,passive,27,300,49,12985,79500,0.9974807654424116,265,265.0,1.0,1,0,0,0.018066771795399957,,,,0.019406815755582563,,,,0.01802125735954892,,,,0.01,0.9,1e-05,,,,,53.93309270188688,55.897474538644495,53.865114806356814,
diabetes,passive,28,300,28,7420,79500,1.042827209369837,265,265.0,1.0,1,0,0,0.0184467010443868,,,,0.024544043138676357,,,,0.019236721772197544,,,,0.01,0.9,1e-05,,,,,52.120400377581454,60.12034183848868,53.22478555481469,
diabetes,passive,29,300,295,78175,79500,1.0512621847953392,265,265.0,1.0,1,0,0,0.017910670614856326,,,,0.019452824669242978,,,,0.01882881072172354,,,,0.01,0.9,1e-05,,,,,53.69958989056345,55.96369507802952,55.058768113845794,
diabetes,passive,30,300,286,75790,79500,1.1488713640407002,265,265.0,1.0,1,0,0,0.016864250772590503,,,,0.02126640574807763,,,,0.019374854788630484,,,,0.01,0.9,1e-05,,,,,52.10730011024275,58.514310678666284,55.851426966373154,
diabetes,sasla,1,300,29,6521,58154,1.2232591331161327,193,193.84666666666666,0.7314968553459119,1,300,79500,0.018868421130425604,,,,0.023679895367267674,,,,0.023080968475274542,,,,0.01,0.9,1e-05,0.1,,,,53.22791899337667,59.629558850802226,58.870635062104114,
diabetes,sasla,2,300,29,6729,58564,1.1479465296990534,194,195.21333333333334,0.7366540880503145,1,300,79500,0.018026282670533696,,,,0.021468070370858718,,,,0.02069320863501334,,,,0.01,0.9,1e-05,0.1,,,,52.86565960620883,57.69219621388982,56.64146596698724,
diabetes,sasla,3,300,53,11447,58470,1.021910356536205,188,194.9,0.7354716981132076,1,300,79500,0.018270936315763184,,,,0.02253308053617506,,,,0.018671259044691853,,,,0.01,0.9,1e-05,0.1,,,,53.39216083534128,59.293540041531614,53.97391214696268,
diabetes,sasla,4,300,295,58613,59559,1.3028861579766635,194,198.53,0.7491698113207548,1,300,79500,0.017161341450643564,,,,0.01830591250392204,,,,0.022359274228354657,,,,0.01,0.9,1e-05,0.1,,,,51.74551477989819,53.44324090494921,59.06442043632559,
diabetes,sasla,5,300,27,6060,58615,1.3232827843479178,189,195.38333333333333,0.7372955974842768,1,300,79500,0.01843296587036641,,,,0.01850435118351243,,,,0.024392026400728604,,,,0.01,0.9,1e-05,0.1,,,,52.440412825362664,52.54185764929696,60.324319732591675,
diabetes,sasla,6,300,299,59606,59802,1.297662969483713,199,199.34,0.7522264150943396,1,300,79500,0.017941799279720005,,,,0.020604731946609924,,,,0.023282408531202205,,,,0.01,0.9,1e-05,0.1,,,,51.73702942868485,55.44367089378673,58.936242682343256,
diabetes,sasla,7,300,277,55302,59797,1.1708987836955378,195,199.32333333333332,0.7521635220125786,1,300,79500,0.017515082285958956,,,,0.01655633415176951,,,,0.0205083885449566,,,,0.01,0.9,1e-05,0.1,,,,53.10325428215736,51.62940700518459,57.46201005964823,
diabetes,sasla,8,300,56,11840,57565,0.9422479733433212,180,191.88333333333333,0.7240880503144653,1,300,79500,0.02057743540717971,,,,0.02190198130502756,,,,0.019389046809018182,,,,0.01,0.9,1e-05,0.1,,,,54.689691795405054,56.422399847326105,53.086987568296166,
diabetes,sasla,9,300,195,38557,58555,1.3338667441740277,194,195.18333333333334,0.7365408805031447,1,300,79500,0.01704262900042342,,,,0.01931386044176995,,,,0.02273259605696065,,,,0.01,0.9,1e-05,0.1,,,,51.40304682371424,54.72113683164713,59.36699740480712,
diabetes,sasla,10,300,269,53849,59885,1.311417220745592,195,199.61666666666667,0.7532704402515723,1,300,79500,0.018052186425087928,,,,0.013952058870951805,,,,0.023673948149970116,,,,0.01,0.9,1e-05,0.1,,,,53.071577958209836,46.65693930531937,60.776045939984336,
diabetes,sasla,11,300,34,7685,61159,0.9898697099931543,192,203.86333333333334,0.7692955974842768,1,300,79500,0.018158626109546373,,,,0.018866978559605133,,,,0.017974673960930786,,,,0.01,0.9,1e-05,0.1,,,,54.070021051320694,55.11454461165787,53.79545141680587,
diabetes,sasla,12,300,234,45992,58617,1.3223050737666315,187,195.39,0.7373207547169811,1,300,79500,0.020265472333132913,,,,0.02558757048015999,,,,0.026797136888378946,,,,0.01,0.9,1e-05,0.1,,,,51.60435760452548,57.98591797504393,59.34063758705788,
diabetes,sasla,13,300,35,7918,59274,1.1466664502225363,194,197.58,0.7455849056603774,1,300,79500,0.018071494012330082,,,,0.018572162727678143,,,,0.020721975889336355,,,,0.01,0.9,1e-05,0.1,,,,52.931913716075094,53.660140680925004,56.680823168249,
diabetes,sasla,14,300,299,60019,60216,1.0708314667186842,197,200.72,0.7574339622641509,1,300,79500,0.01786794084154282,,,,0.02156887212248169,,,,0.01913355329859198,,,,0.01,0.9,1e-05,0.1,,,,52.632963025828786,57.82748233367891,54.46510961806175,
diabetes,sasla,15,300,284,58284,61514,0.8325420334776338,201,205.04666666666665,0.7737610062893081,1,300,79500,0.01828499236515519,,,,0.025181345888509923,,,,0.01522302472580931,,,,0.01,0.9,1e-05,0.1,,,,52.22950190052707,61.29258834145466,47.65615162030827,
diabetes,sasla,16,300,293,56160,57476,1.183926204289712,185,191.58666666666667,0.7229685534591195,1,300,79500,0.0189027541572021,,,,0.017613953053262774,,,,0.022379465979957856,,,,0.01,0.9,1e-05,0.1,,,,53.10446470289441,51.26216092728911,57.78210405307647,
diabetes,sasla,17,300,162,33767,61665,1.1322355708651834,203,205.55,0.7756603773584906,1,300,79500,0.01914740020200828,,,,0.01724542180393704,,,,0.021679367598304973,,,,0.01,0.9,1e-05,0.1,,,,53.79294352739323,51.051359591019256,57.239219965908966,
diabetes,sasla,18,300,221,42784,57420,1.2881111726746375,191,191.4,0.7222641509433962,1,300,79500,0.017861137649772683,,,,0.024513531315279134,,,,0.02300713096335181,,,,0.01,0.9,1e-05,0.1,,,,51.28648643821516,60.08296104311915,58.20759033092442,
diabetes,sasla,19,300,47,9893,56632,0.9798462436745302,178,188.77333333333334,0.7123522012578617,1,300,79500,0.018564521928177317,,,,0.018960969546707153,,,,0.01819037707693799,,,,0.01,0.9,1e-05,0.1,,,,54.67098899326827,55.25165810665566,54.11727202891142,
diabetes,sasla,20,300,28,6296,58233,1.114477766028642,186,194.11,0.7324905660377359,1,300,79500,0.019674510253222546,,,,0.0205343204078209,,,,0.021926804234719075,,,,0.01,0.9,1e-05,0.1,,,,54.52835137284575,55.707102388363104,57.56494202727505,
diabetes,sasla,21,300,49,10685,60382,1.1097475919612734,198,201.27333333333334,0.7595220125786164,1,300,79500,0.018139342225950057,,,,0.019217476233886498,,,,0.02013009135500952,,,,0.01,0.9,1e-05,0.1,,,,54.04130310327636,55.6241287658723,56.9295719413406,
diabetes,sasla,22,300,38,8420,59938,0.9463003502355998,195,199.79333333333332,0.7539371069182389,1,300,79500,0.01884766771916165,,,,0.017964097226392806,,,,0.017835554563766877,,,,0.01,0.9,1e-05,0.1,,,,54.22828925830314,52.94193299973035,52.752179109603865,
diabetes,sasla,23,300,299,60019,60215,1.2553754087038078,196,200.71666666666667,0.7574213836477988,1,300,79500,0.018101485811566925,,,,0.014975691007751885,,,,0.02272416014884201,,,,0.01,0.9,1e-05,0.1,,,,53.14399612138449,48.33820631223802,59.544412728845295,
diabetes,sasla,24,300,34,7660,59435,1.3852490344435673,185,198.11666666666667,0.7476100628930817,1,300,79500,0.017456336882959896,,,,0.023348368571398707,,,,0.024181373812041825,,,,0.01,0.9,1e-05,0.1,,,,51.197442173237,59.210670223356594,60.25765023185359,
diabetes,sasla,25,300,48,10594,60728,1.2581271435970742,199,202.42666666666668,0.763874213836478,1,300,79500,0.018688538829343754,,,,0.01826181488009889,,,,0.023512557975365268,,,,0.01,0.9,1e-05,0.1,,,,52.119174203809436,51.52070774851723,58.46013205673743,
diabetes,sasla,26,300,68,14363,60192,1.2077758735656106,200,200.64,0.757132075471698,1,300,79500,0.01823827106095589,,,,0.014225412515373893,,,,0.022027743762972396,,,,0.01,0.9,1e-05,0.1,,,,54.18846868211383,47.85722142145584,59.55250762300598,
diabetes,sasla,27,300,23,5267,58695,0.9890970386604486,198,195.65,0.7383018867924529,1,300,79500,0.018232092722916836,,,,0.01994446003894457,,,,0.01803330892081976,,,,0.01,0.9,1e-05,0.1,,,,54.17928954900101,56.66647359320048,53.88312271293461,
diabetes,sasla,28,300,30,7036,61274,1.0070633969288556,200,204.24666666666667,0.7707421383647799,1,300,79500,0.018568101522152318,,,,0.02420713084076261,,,,0.018699255393418567,,,,0.01,0.9,1e-05,0.1,,,,52.2916251713846,59.706284669871586,52.47597845643141,
diabetes,sasla,29,300,285,56757,59722,1.050343177033606,181,199.07333333333332,0.7512201257861635,1,300,79500,0.019345185251065766,,,,0.0207907376102656,,,,0.020319083336908076,,,,0.01,0.9,1e-05,0.1,,,,55.80864675185686,57.856211773501705,57.19619013369609,
diabetes,sasla,30,300,24,5326,56987,1.1334716062274826,192,189.95666666666668,0.7168176100628931,1,300,79500,0.01687085124047367,,,,0.02186205525607353,,,,0.01912263085396461,,,,0.01,0.9,1e-05,0.1,,,,52.11749620253571,59.3281135355674,55.48669612257528,
diabetes,uncertainty,1,300,184,66969,130653,1.2197630903926733,183,145.17,0.547811320754717,1,10,4605,0.017896098470991176,,,,0.02212504933132027,,,,0.02182900037694779,,,,0.01,0.9,1e-05,,0.2,0.05,1.15,51.83831629243728,57.63865403230769,57.251732182101414,3
diabetes,uncertainty,2,300,70,12612,107955,1.201904073794797,157,119.95,0.45264150943396225,1,8,3996,0.019326449324026822,,,,0.023084525402640513,,,,0.023228538174536538,,,,0.01,0.9,1e-05,,0.2,0.05,1.15,54.73896769807481,59.82477059448552,60.01108882386327,3
diabetes,uncertainty,3,300,274,156957,177627,0.9656628019262603,265,197.36333333333334,0.7447672955974843,1,17,5508,0.017549947660622785,,,,0.021418959456423737,,,,0.016947331631616217,,,,0.01,0.9,1e-05,,0.2,0.05,1.15,52.32810510374583,57.80910956924102,51.42185739374766,3
diabetes,uncertainty,4,300,294,196155,200385,1.3665956582467274,235,222.65,0.8401886792452831,1,14,5355,0.016562509655208876,,,,0.018379700091400573,,,,0.02263425378447795,,,,0.01,0.9,1e-05,,0.2,0.05,1.15,50.83468863831041,53.55084226005017,59.4265045810636,3
diabetes,uncertainty,5,300,156,32097,71763,1.2181944718416535,92,79.73666666666666,0.30089308176100626,1,3,1791,0.01939318490455936,,,,0.017902400408978173,,,,0.023624670642137215,,,,0.01,0.9,1e-05,,0.2,0.05,1.15,53.78894937438695,51.680192854855626,59.36785717011962,3
diabetes,uncertainty,6,300,193,124494,209559,1.2501390369052512,265,232.84333333333333,0.8786540880503144,1,17,5508,0.01830327805079657,,,,0.02080199635261267,,,,0.02288164239463185,,,,0.01,0.9,1e-05,,0.2,0.05,1.15,52.255611115699026,55.70844041951546,58.426798451698346,3
diabetes,uncertainty,7,300,238,110850,142470,1.1693657265600368,170,158.3,0.5973584905660377,1,9,4320,0.01773575955123703,,,,0.016857510651268455,,,,0.020739589353726398,,,,0.01,0.9,1e-05,,0.2,0.05,1.15,53.43673829748089,52.09688622858965,57.78500057591343,3
diabetes,uncertainty,8,300,294,128997,131823,0.9470541890559946,157,146.47,0.5527169811320755,1,8,3996,0.020699449281695013,,,,0.02152954332614104,,,,0.01960350015338136,,,,0.01,0.9,1e-05,,0.2,0.05,1.15,54.85159337689173,55.94061818004917,53.379765621094386,3
diabetes,uncertainty,9,300,279,215739,232434,1.3746005712207041,265,258.26,0.974566037735849,1,17,5508,0.016519927913880347,,,,0.01904616456636188,,,,0.022708302346944778,,,,0.01,0.9,1e-05,,0.2,0.05,1.15,50.60863697369837,54.34058794850737,59.335266973671466,3
diabetes,uncertainty,10,300,300,64899,64899,1.2446781864735799,79,72.11,0.27211320754716983,1,2,1233,0.020211269584848222,,,,0.014987196006452447,,,,0.02515652637319751,,,,0.01,0.9,1e-05,,0.2,0.05,1.15,56.15570618357447,48.356770538433835,62.65019574892118,3
diabetes,uncertainty,11,300,46,12579,209544,0.9579965957286574,265,232.82666666666665,0.8785911949685534,1,17,5508,0.01765351982403306,,,,0.019115632361077012,,,,0.01691201189405204,,,,0.01,0.9,1e-05,,0.2,0.05,1.15,53.31270275735462,55.47654169384537,52.1810342937064,3
diabetes,uncertainty,12,300,297,230607,232992,1.3555790069455456,265,258.88,0.9769056603773585,1,17,5508,0.019737780616750262,,,,0.02248645455795768,,,,0.026756121047763357,,,,0.01,0.9,1e-05,,0.2,0.05,1.15,50.92806430809872,54.35863012674829,59.29520664803061,3
diabetes,uncertainty,13,300,146,23214,61272,1.2612005347568922,118,68.08,0.25690566037735846,1,5,2790,0.02111287873789628,,,,0.019339892442122798,,,,0.02662757395449221,,,,0.01,0.9,1e-05,,0.2,0.05,1.15,57.21294369458385,54.75800209172677,64.2519579666946,3
diabetes,uncertainty,14,300,268,196674,222114,1.1119814543404223,265,246.79333333333332,0.9312955974842767,1,17,5508,0.018747890472765493,,,,0.023094028629360754,,,,0.02084730651372072,,,,0.01,0.9,1e-05,,0.2,0.05,1.15,53.91340615051365,59.837083385173884,56.851973207069996,3
diabetes,uncertainty,15,300,295,229017,232992,0.8399910996394568,265,258.88,0.9769056603773585,1,17,5508,0.018358365410919206,,,,0.02536297478475543,,,,0.015420863549100994,,,,0.01,0.9,1e-05,,0.2,0.05,1.15,52.33418887006336,61.51323784640834,47.96482227456701,3
diabetes,uncertainty,16,300,218,72141,104367,1.2205395779505979,131,115.96333333333334,0.43759748427672956,1,6,3231,0.01980983880757637,,,,0.018096205969206077,,,,0.024178692297468638,,,,0.01,0.9,1e-05,,0.2,0.05,1.15,54.36369450265901,51.95917631518766,60.059940362402266,3
diabetes,uncertainty,17,300,191,89493,145083,1.1730123103402232,170,161.20333333333335,0.6083144654088051,1,9,4320,0.01882541526251439,,,,0.01791209662599979,,,,0.022082443850196105,,,,0.01,0.9,1e-05,,0.2,0.05,1.15,53.33873167088654,52.02877655927723,57.768882892777164,3
diabetes,uncertainty,18,300,289,217122,225867,1.2276098592555957,265,250.96333333333334,0.9470314465408806,1,17,5508,0.01806797375190927,,,,0.024634940806962526,,,,0.022180422714615136,,,,0.01,0.9,1e-05,,0.2,0.05,1.15,51.582586362546095,60.23156533480041,57.1522454232684,3
diabetes,uncertainty,19,300,128,20352,53160,1.0025061640765174,66,59.06666666666667,0.2228930817610063,1,1,636,0.01926737371198833,,,,0.020006026799809163,,,,0.01931566091183415,,,,0.01,0.9,1e-05,,0.2,0.05,1.15,55.69629496565769,56.753868363188694,55.766043319617665,3
diabetes,uncertainty,20,300,64,12087,134943,1.146659966468902,196,149.93666666666667,0.5657987421383648,1,11,4851,0.019014694210086714,,,,0.020800748650664027,,,,0.021803388625354456,,,,0.01,0.9,1e-05,,0.2,0.05,1.15,53.60620647797285,56.0673313169208,57.40271050918605,3
diabetes,uncertainty,21,300,44,29472,232992,1.1155685637689279,265,258.88,0.9769056603773585,1,17,5508,0.017180864960087916,,,,0.019299705693019035,,,,0.019166432847833176,,,,0.01,0.9,1e-05,,0.2,0.05,1.15,52.594164159872854,55.74300648840363,55.5502082449064,3
diabetes,uncertainty,22,300,85,13515,47700,0.8850966475768688,53,53.0,0.2,1,0,0,0.022460057004517055,,,,0.0202390043043213,,,,0.019879321159083415,,,,0.01,0.9,1e-05,,0.2,0.05,1.15,59.19738502780147,56.19422253739018,55.69264838240313,3
diabetes,uncertainty,23,300,275,43725,47700,1.1426236324574963,53,53.0,0.2,1,0,0,0.020251721719241802,,,,0.015129331299100306,,,,0.02314009583435844,,,,0.01,0.9,1e-05,,0.2,0.05,1.15,56.211874913088444,48.58553196109028,60.086882533176706,3
diabetes,uncertainty,24,300,89,33300,200931,1.3856763944274568,265,223.25666666666666,0.8424779874213836,1,17,5508,0.017131601056909387,,,,0.021728524655606787,,,,0.023738855183307806,,,,0.01,0.9,1e-05,,0.2,0.05,1.15,50.71900010056931,57.11981950530355,59.70374756762394,3
diabetes,uncertainty,25,300,191,30369,47700,1.2864538692088512,53,53.0,0.2,1,0,0,0.020736116909930855,,,,0.017586641064260996,,,,0.026676057831147636,,,,0.01,0.9,1e-05,,0.2,0.05,1.15,54.9001547633622,50.55932908788445,62.26882596530683,3
diabetes,uncertainty,26,300,184,29490,52458,1.2668642938816093,66,58.28666666666667,0.2199496855345912,1,1,636,0.018934149761539378,,,,0.015634782034976556,,,,0.023986998267901224,,,,0.01,0.9,1e-05,,0.2,0.05,1.15,55.212568281296626,50.17194770963307,62.14454280801243,3
diabetes,uncertainty,27,300,175,31881,68292,1.0196888931505124,105,75.88,0.2863396226415094,1,4,2310,0.018786563071803486,,,,0.01883394808454144,,,,0.019156449704789587,,,,0.01,0.9,1e-05,,0.2,0.05,1.15,54.99696363041473,55.066278879683296,55.535739253419386,3
diabetes,uncertainty,28,300,33,15945,228210,1.0130996795161338,265,253.56666666666666,0.9568553459119497,1,17,5508,0.0184642241896808,,,,0.023787060375003447,,,,0.018706099609079666,,,,0.01,0.9,1e-05,,0.2,0.05,1.15,52.145149967021524,59.18597085252367,52.48558108626344,3
diabetes,uncertainty,29,300,294,129348,132174,0.9792513058319102,157,146.86,0.554188679245283,1,8,3996,0.01826871056623114,,,,0.019958268082181683,,,,0.01788965867784706,,,,0.01,0.9,1e-05,,0.2,0.05,1.15,54.23366985575909,56.68608600022697,53.66808175932004,3
diabetes,uncertainty,30,300,123,20610,93993,1.045844625358269,144,104.43666666666667,0.3941006289308176,1,7,3633,0.01721414192408875,,,,0.02130879729147903,,,,0.01800331781146267,,,,0.01,0.9,1e-05,,0.2,0.05,1.15,52.645073339060374,58.57260160624498,53.83829768695859,3
concrete,passive,1,300,249,153882,185400,1.5964820314190387,618,618.0,1.0,1,0,0,0.0023595967751096616,,,,0.003983542264929193,,,,0.003767053852856885,,,,0.3,0.9,1e-06,,,,,4.813813415704646,6.254679643876574,6.082348081211635,
concrete,passive,2,300,276,170568,185400,1.3724898824278715,618,618.0,1.0,1,0,0,0.0022744529863224306,,,,0.003559957997970631,,,,0.003121663711785394,,,,0.3,0.9,1e-06,,,,,4.7850643501099235,5.986482778151141,5.605861431143063,
concrete,passive,3,300,295,182310,185400,1.180532183289537,618,618.0,1.0,1,0,0,0.0029545934887853405,,,,0.005135436929642311,,,,0.0034879927020488085,,,,0.3,0.9,1e-06,,,,,5.121176125530054,6.751644141645806,5.564275538467628,
concrete,passive,4,300,117,72306,185400,1.4686914974478138,618,618.0,1.0,1,0,0,0.0027627149330772065,,,,0.004793883483921008,,,,0.004057575932082599,,,,0.3,0.9,1e-06,,,,,5.116079642995129,6.739272172271378,6.200155574056816,
concrete,passive,5,300,281,173658,185400,1.6011217676796203,618,618.0,1.0,1,0,0,0.0023689763909572744,,,,0.0035591686936779273,,,,0.0037930196666807986,,,,0.3,0.9,1e-06,,,,,4.883482848684327,5.985819087947638,6.179336529359022,
concrete,passive,6,300,218,134724,185400,1.3591994220549386,618,618.0,1.0,1,0,0,0.0025189154176251363,,,,0.004660364844143067,,,,0.0034237083798413595,,,,0.3,0.9,1e-06,,,,,4.821111819863241,6.557682275492358,5.620679154310486,
concrete,passive,7,300,256,158208,185400,1.570086474221283,618,618.0,1.0,1,0,0,0.002376060484263468,,,,0.003281458869662664,,,,0.003730620428273743,,,,0.3,0.9,1e-06,,,,,4.778905107721997,5.616078165415264,5.988115840352515,
concrete,passive,8,300,263,162534,185400,1.3089031706110592,618,618.0,1.0,1,0,0,0.0027539446973122495,,,,0.004387638718019303,,,,0.003604646945999517,,,,0.3,0.9,1e-06,,,,,5.10795269328995,6.447401101917107,5.843871077061925,
concrete,passive,9,300,292,180456,185400,1.6582241290095978,618,618.0,1.0,1,0,0,0.0026428002260085706,,,,0.004403681332856365,,,,0.00438235510291943,,,,0.3,0.9,1e-06,,,,,4.860310362413164,6.273931564671146,6.258721370981606,
concrete,passive,10,300,257,158826,185400,1.3895542830474523,618,618.0,1.0,1,0,0,0.002736370127768759,,,,0.003408729328251857,,,,0.0038023348310441832,,,,0.3,0.9,1e-06,,,,,5.128461287122356,5.723951164594912,6.045397194418155,
concrete,passive,11,300,186,114948,185400,1.7505495588357294,618,618.0,1.0,1,0,0,0.00224849653407088,,,,0.00252028199740258,,,,0.0039361046157614455,,,,0.3,0.9,1e-06,,,,,4.699119259703198,4.975021072136719,6.217326466008624,
concrete,passive,12,300,251,155118,185400,1.5429008518935738,618,618.0,1.0,1,0,0,0.0027163417451825113,,,,0.003381640101298408,,,,0.004191045992676174,,,,0.3,0.9,1e-06,,,,,5.174026016272454,5.772980580615563,6.426841916607549,
concrete,passive,13,300,216,133488,185400,1.4172943775282505,618,618.0,1.0,1,0,0,0.00294000192430975,,,,0.003277678831119172,,,,0.004166848197246446,,,,0.3,0.9,1e-06,,,,,5.382824388766811,5.68354891741543,6.408261766092557,
concrete,passive,14,300,287,177366,185400,1.3630712958095486,618,618.0,1.0,1,0,0,0.0024524273730466175,,,,0.0043882800125272375,,,,0.00334283335725746,,,,0.3,0.9,1e-06,,,,,4.830511231623714,6.461631464804342,5.639652988724307,
concrete,passive,15,300,283,174894,185400,1.2173689584085265,618,618.0,1.0,1,0,0,0.0029612687775066337,,,,0.004022584007845322,,,,0.0036049566872409415,,,,0.3,0.9,1e-06,,,,,5.4022579581864,6.296351507730949,5.960551294168668,
concrete,passive,16,300,287,177366,185400,1.9108855364897144,618,618.0,1.0,1,0,0,0.0026869423867097184,,,,0.004555436582517151,,,,0.005134439344144754,,,,0.3,0.9,1e-06,,,,,5.136881332460634,6.688602063634737,7.100956787762321,
concrete,passive,17,300,264,163152,185400,1.2202684091312623,618,618.0,1.0,1,0,0,0.00529118632934039,,,,0.005888244425528662,,,,0.006456667524521281,,,,0.3,0.9,1e-06,,,,,7.298369185461858,7.699139972052555,8.06219897476063,
concrete,passive,18,300,291,179838,185400,1.4430508725571107,618,618.0,1.0,1,0,0,0.0029379318808218017,,,,0.003463459511680533,,,,0.0042395851641332544,,,,0.3,0.9,1e-06,,,,,5.287079974603206,5.740504692760544,6.351213333118878,
concrete,passive,19,300,274,169332,185400,1.5221382032773016,618,618.0,1.0,1,0,0,0.002152598096486411,,,,0.0031546854082741553,,,,0.003276551798963965,,,,0.3,0.9,1e-06,,,,,4.6551188818664375,5.635433495331709,5.743251299516143,
concrete,passive,20,300,294,181692,185400,1.495670260979838,618,618.0,1.0,1,0,0,0.002675183958675174,,,,0.004035387664229774,,,,0.004001193089640774,,,,0.3,0.9,1e-06,,,,,5.189507288769954,6.373704600062142,6.3466427904673495,
concrete,passive,21,300,285,176130,185400,1.4207066742687369,618,618.0,1.0,1,0,0,0.002769056214097294,,,,0.0038204256494112536,,,,0.003934016644793346,,,,0.3,0.9,1e-06,,,,,5.223989439365001,6.136097902013795,6.226650658908343,
concrete,passive,22,300,293,181074,185400,1.1994832091593286,618,618.0,1.0,1,0,0,0.0026677960105870764,,,,0.0029302735264989392,,,,0.0031999765201614406,,,,0.3,0.9,1e-06,,,,,4.983399385754381,5.22280084475444,5.457864894127032,
concrete,passive,23,300,292,180456,185400,1.611241057800838,618,618.0,1.0,1,0,0,0.002796322676190685,,,,0.0035945518923629276,,,,0.00450554990673795,,,,0.3,0.9,1e-06,,,,,5.3057030870747095,6.015499281941355,6.734776731927136,
concrete,passive,24,300,262,161916,185400,1.2387111284012435,618,618.0,1.0,1,0,0,0.00283408915534298,,,,0.003928732695237946,,,,0.00351061777560463,,,,0.3,0.9,1e-06,,,,,5.341411714984719,6.288912337160972,5.9448523710125425,
concrete,passive,25,300,187,115566,185400,1.5007929923953627,618,618.0,1.0,1,0,0,0.002880372361806022,,,,0.004487165853094222,,,,0.004322842656087758,,,,0.3,0.9,1e-06,,,,,5.327957129007337,6.650012553924485,6.527112801904147,
concrete,passive,26,300,231,142758,185400,1.479033715910926,618,618.0,1.0,1,0,0,0.002191996673174743,,,,0.003919538980731804,,,,0.003242036984790027,,,,0.3,0.9,1e-06,,,,,4.697526576344345,6.281549615607544,5.712921846947057,
concrete,passive,27,300,263,162534,185400,1.1062052911663927,618,618.0,1.0,1,0,0,0.002445161863461177,,,,0.0037894298097868352,,,,0.0027048509911190306,,,,0.3,0.9,1e-06,,,,,4.961387033199813,6.176411658548103,5.218203034236387,
concrete,passive,28,300,257,158826,185400,1.0141993015490478,618,618.0,1.0,1,0,0,0.002929310622725255,,,,0.003590730248247369,,,,0.00297090478758816,,,,0.3,0.9,1e-06,,,,,5.430402414334214,6.0123006619546935,5.4688204783313825,
concrete,passive,29,300,269,166242,185400,1.673059020329734,618,618.0,1.0,1,0,0,0.0026223248235667713,,,,0.003659204948345221,,,,0.004387304200302965,,,,0.3,0.9,1e-06,,,,,4.995031850763785,5.90049417644032,6.460912995436025,
concrete,passive,30,300,278,171804,185400,1.256349951244309,618,618.0,1.0,1,0,0,0.00271636033319027,,,,0.0039041356119876008,,,,0.0034126991721655712,,,,0.3,0.9,1e-06,,,,,5.072977650142389,6.081794007754494,5.6861493511021335,
concrete,sasla,1,300,251,153936,183568,1.6787653266554907,606,611.8933333333333,0.990118662351672,1,300,185400,0.002447551199014993,,,,0.004073026372915505,,,,0.004108864088120443,,,,0.3,0.9,1e-06,0.7,,,,4.902710491763138,6.324540340678677,6.352303563785115,
concrete,sasla,2,300,237,146341,185272,1.3579659596531284,618,617.5733333333334,0.999309600862999,1,300,185400,0.002287600548984343,,,,0.0036199336289772766,,,,0.003106483674804547,,,,0.3,0.9,1e-06,0.7,,,,4.798874545215818,6.036700149090368,5.5922147195299585,
concrete,sasla,3,300,293,178868,183136,1.1843242594584629,610,610.4533333333334,0.9877885652642935,1,300,185400,0.0029638313296132513,,,,0.0045497748254781905,,,,0.003510137344604005,,,,0.3,0.9,1e-06,0.7,,,,5.129175819729074,6.355003523149739,5.58191088751806,
concrete,sasla,4,300,142,87364,184643,1.6229467357798246,617,615.4766666666667,0.9959169363538296,1,300,185400,0.0024784585971256885,,,,0.0045032871656910485,,,,0.00402240628997058,,,,0.3,0.9,1e-06,0.7,,,,4.845739832883695,6.531818071854433,6.173226709867515,
concrete,sasla,5,300,282,171522,182440,1.3378141513187414,599,608.1333333333333,0.9840345199568501,1,300,185400,0.003307795036704599,,,,0.004792708702144695,,,,0.004425215009765308,,,,0.3,0.9,1e-06,0.7,,,,5.770568438274535,6.946080582091382,6.674465443324857,
concrete,sasla,6,300,242,149422,185244,1.3817347896736432,618,617.48,0.9991585760517799,1,300,185400,0.002526609480500009,,,,0.004698894540056148,,,,0.0034911042191261127,,,,0.3,0.9,1e-06,0.7,,,,4.828469282999673,6.5847343873243815,5.675731198559775,
concrete,sasla,7,300,259,158078,183223,1.4200366411430865,612,610.7433333333333,0.9882578209277239,1,300,185400,0.002928236331234059,,,,0.004049379705650021,,,,0.004158202884278768,,,,0.3,0.9,1e-06,0.7,,,,5.30521175866136,6.238697269614747,6.3219709930488,
concrete,sasla,8,300,291,178722,184273,1.4615956038793394,616,614.2433333333333,0.9939212513484358,1,300,185400,0.002942699677103552,,,,0.004371814427800286,,,,0.004301036911591703,,,,0.3,0.9,1e-06,0.7,,,,5.280100998141053,6.435764124789224,6.383455627543316,
concrete,sasla,9,300,254,156753,185120,1.6172620350778917,617,617.0666666666667,0.9984897518878102,1,300,185400,0.0027646007956634096,,,,0.004887696827446814,,,,0.004471083908972565,,,,0.3,0.9,1e-06,0.7,,,,4.9710490611276,6.609733736669923,6.321763508154748,
concrete,sasla,10,300,289,177427,184125,1.4416735273439363,609,613.75,0.9931229773462783,1,300,185400,0.002508319237606608,,,,0.0029723223396576673,,,,0.0036161774429849716,,,,0.3,0.9,1e-06,0.7,,,,4.91010823691602,5.344998823957994,5.895552723604598,
concrete,sasla,11,300,224,135400,181317,1.4990074872679477,608,604.39,0.9779773462783171,1,300,185400,0.0030419968625051276,,,,0.003156421251355535,,,,0.004559976073140792,,,,0.3,0.9,1e-06,0.7,,,,5.465749665263459,5.567597553326471,6.691933828376589,
concrete,sasla,12,300,297,182715,184569,1.6236011064200608,618,615.23,0.9955177993527509,1,300,185400,0.0023227084265733454,,,,0.003072665173425335,,,,0.003771151971275682,,,,0.3,0.9,1e-06,0.7,,,,4.78446907584879,5.502930440075011,6.096399533659002,
concrete,sasla,13,300,216,133346,185255,1.1986442455037913,618,617.5166666666667,0.9992179072276159,1,300,185400,0.0031778792162217846,,,,0.003639567564483808,,,,0.003809146635430341,,,,0.3,0.9,1e-06,0.7,,,,5.596352959733575,5.989096311898716,6.127033428925495,
concrete,sasla,14,300,282,172198,183169,1.2760974511365155,611,610.5633333333334,0.9879665587918016,1,300,185400,0.0036645787850706477,,,,0.00598034552690263,,,,0.004676359647117602,,,,0.3,0.9,1e-06,0.7,,,,5.904825261983098,7.543244022359923,6.670355353273421,
concrete,sasla,15,300,266,164311,185250,1.3633297470921408,615,617.5,0.9991909385113269,1,300,185400,0.0032465327048622023,,,,0.00407745221530951,,,,0.00442609461144615,,,,0.3,0.9,1e-06,0.7,,,,5.656480512380251,6.339147311634176,6.604603505003418,
concrete,sasla,16,300,289,177297,184053,1.7393640185299075,615,613.51,0.9927346278317152,1,300,185400,0.0021823673925990303,,,,0.0037626512739038164,,,,0.0037959313178996855,,,,0.3,0.9,1e-06,0.7,,,,4.629502127462031,6.07879280337682,6.105616592167955,
concrete,sasla,17,300,249,149636,179841,1.2301798494565248,596,599.47,0.9700161812297735,1,300,185400,0.0028042889202113484,,,,0.002978689185465568,,,,0.003449779721698197,,,,0.3,0.9,1e-06,0.7,,,,5.313255231563081,5.475980523414729,5.893115907074466,
concrete,sasla,18,300,300,183754,183754,1.5468137881121438,607,612.5133333333333,0.9911218985976268,1,300,185400,0.0023534796452707287,,,,0.0030438710718418954,,,,0.0036403947653460404,,,,0.3,0.9,1e-06,0.7,,,,4.732059993956735,5.381559488687529,5.885308858846886,
concrete,sasla,19,300,256,157450,184360,1.6947050677853774,612,614.5333333333333,0.9943905070118662,1,300,185400,0.002414706461160685,,,,0.003401585325939674,,,,0.004092215276943108,,,,0.3,0.9,1e-06,0.7,,,,4.930392255628355,5.851806879223114,6.418425973143258,
concrete,sasla,20,300,292,180410,185351,1.4292818245628824,618,617.8366666666667,0.9997357065803668,1,300,185400,0.0035678119955610647,,,,0.004210066260942846,,,,0.0050994088387128576,,,,0.3,0.9,1e-06,0.7,,,,5.993082844383527,6.510191534760363,7.164884876504817,
concrete,sasla,21,300,287,176385,184350,1.6131123530141867,613,614.5,0.9943365695792881,1,300,185400,0.002333713301260232,,,,0.0035162754001267136,,,,0.0037645417546563983,,,,0.3,0.9,1e-06,0.7,,,,4.795789968116489,5.886780536603385,6.0910541913728675,
concrete,sasla,22,300,287,174928,182862,1.104935909098756,612,609.54,0.9863106796116504,1,300,185400,0.00365444534438001,,,,0.004726286965970369,,,,0.004037927888844243,,,,0.3,0.9,1e-06,0.7,,,,5.832572158563383,6.632991313054719,6.130962564836509,
concrete,sasla,23,300,253,155434,184242,1.7672059190617757,613,614.14,0.9937540453074434,1,300,185400,0.002359069357078009,,,,0.003068828506830639,,,,0.004168961331305516,,,,0.3,0.9,1e-06,0.7,,,,4.873260813908509,5.558218435289455,6.4783324930901305,
concrete,sasla,24,300,268,159433,178556,1.1530415141318093,600,595.1866666666666,0.9630852211434735,1,300,185400,0.002594885582724508,,,,0.0037155140721159513,,,,0.002992010801303469,,,,0.3,0.9,1e-06,0.7,,,,5.111029728079532,6.115877186421059,5.488211999025378,
concrete,sasla,25,300,277,171005,185200,1.2303736815745967,618,617.3333333333334,0.9989212513484359,1,300,185400,0.004329778339944642,,,,0.005170491521122392,,,,0.005327245316519635,,,,0.3,0.9,1e-06,0.7,,,,6.532346840122712,7.138423657374613,7.245823522466974,
concrete,sasla,26,300,298,183633,184864,1.4166066121294194,615,616.2133333333334,0.997108953613808,1,300,185400,0.002555033991800936,,,,0.004332096067934319,,,,0.0036194780470006306,,,,0.3,0.9,1e-06,0.7,,,,5.071630928140028,6.603867331700578,6.036320266666443,
concrete,sasla,27,300,296,181851,184301,1.1116469640906006,613,614.3366666666667,0.9940722761596549,1,300,185400,0.002660835382937011,,,,0.003609112432077132,,,,0.002957909575386779,,,,0.3,0.9,1e-06,0.7,,,,5.175571396125244,6.0276705342096495,5.456846622830109,
concrete,sasla,28,300,290,178509,184653,1.1677832161324926,615,615.51,0.9959708737864078,1,300,185400,0.002412969249504901,,,,0.0027440041539027616,,,,0.0028178249906156403,,,,0.3,0.9,1e-06,0.7,,,,4.92861840110619,5.2558345164433575,5.326063116034684,
concrete,sasla,29,300,224,137618,184211,1.4224748189373404,613,614.0366666666666,0.9935868392664509,1,300,185400,0.0034639911122642123,,,,0.005202082509382846,,,,0.004927440130218592,,,,0.3,0.9,1e-06,0.7,,,,5.7409452260691625,7.035316450260917,6.847084647305447,
concrete,sasla,30,300,275,167733,182935,1.233597470954049,608,609.7833333333333,0.9867044228694714,1,300,185400,0.002863205123765533,,,,0.0040323758797196334,,,,0.003532042599499836,,,,0.3,0.9,1e-06,0.7,,,,5.208293985818652,6.18087218942994,5.784718441660522,
concrete,uncertainty,1,300,285,376128,403938,1.0961274343546559,618,448.82,0.7262459546925566,1,8,6648,0.003915477380628058,,,,0.004995808836207205,,,,0.004291862175501522,,,,0.3,0.9,1e-06,,0.2,0.1,1.15,6.20101405457398,7.004437458058706,6.492220168280277,3
concrete,uncertainty,2,300,281,462510,497736,1.2415978805385757,618,553.04,0.8948867313915857,1,8,6648,0.004247125516871317,,,,0.005954109139393973,,,,0.0052732220401287295,,,,0.3,0.9,1e-06,,0.2,0.1,1.15,6.538781850460637,7.742080737306477,7.285969179111599,3
concrete,uncertainty,3,300,241,390078,499464,1.3082454974762452,618,554.96,0.8979935275080907,1,8,6648,0.002482657540484103,,,,0.0048910445642548145,,,,0.0032479255491137766,,,,0.3,0.9,1e-06,,0.2,0.1,1.15,4.694390922536107,6.589032564118265,5.369376735317981,3
concrete,uncertainty,4,300,201,281166,464712,1.6441913482254125,618,516.3466666666667,0.835512405609493,1,8,6648,0.0029750206211100532,,,,0.004746908502482369,,,,0.004891503166021343,,,,0.3,0.9,1e-06,,0.2,0.1,1.15,5.309018628384186,6.706172020830879,6.807543552641847,3
concrete,uncertainty,5,300,278,499536,540324,1.3405552867087758,618,600.36,0.9714563106796117,1,8,6648,0.004065047598927824,,,,0.00487011503582549,,,,0.005449421049465509,,,,0.3,0.9,1e-06,,0.2,0.1,1.15,6.397084951945309,7.001948470293773,7.406695370509956,3
concrete,uncertainty,6,300,274,477486,525690,1.3038663066274745,618,584.1,0.9451456310679612,1,8,6648,0.002428481730429677,,,,0.0046021124373802885,,,,0.0031664155045676413,,,,0.3,0.9,1e-06,,0.2,0.1,1.15,4.733777406699321,6.516569399608822,5.405356769296381,3
concrete,uncertainty,7,300,292,409704,424536,1.4263344925183672,618,471.70666666666665,0.7632793959007551,1,8,6648,0.0025288072277153493,,,,0.003319586375171871,,,,0.0036069249738201518,,,,0.3,0.9,1e-06,,0.2,0.1,1.15,4.9301203749567,5.648610745851111,5.8880056165149695,3
concrete,uncertainty,8,300,248,431130,527538,1.480834692896952,618,586.1533333333333,0.9484681769147788,1,8,6648,0.0024483044044082136,,,,0.004133772468240439,,,,0.003625534100820092,,,,0.3,0.9,1e-06,,0.2,0.1,1.15,4.816171750113497,6.258100643643045,5.860777799154812,3
concrete,uncertainty,9,300,240,429432,540672,1.4510568083794042,618,600.7466666666667,0.9720819848975188,1,8,6648,0.0025475286558771385,,,,0.005283252412841972,,,,0.003696608800652154,,,,0.3,0.9,1e-06,,0.2,0.1,1.15,4.771900439031233,6.871989940103528,5.7482226495992625,3
concrete,uncertainty,10,300,235,315750,436260,1.4168948329666744,618,484.73333333333335,0.7843581445523193,1,8,6648,0.0029388239919603495,,,,0.0035289915016005766,,,,0.0041640045292071146,,,,0.3,0.9,1e-06,,0.2,0.1,1.15,5.314794164924377,5.824048292319623,6.326379754164342,3
concrete,uncertainty,11,300,282,508236,541608,1.2538655426432523,618,601.7866666666666,0.973764832793959,1,8,6648,0.003878848532451322,,,,0.004042842347139092,,,,0.00486355451997306,,,,0.3,0.9,1e-06,,0.2,0.1,1.15,6.171941008373221,6.301062088372733,6.911101165667371,3
concrete,uncertainty,12,300,282,495306,528678,1.486900547976259,618,587.42,0.9505177993527507,1,8,6648,0.0033467887973721894,,,,0.0039210550241432175,,,,0.004976342096773513,,,,0.3,0.9,1e-06,,0.2,0.1,1.15,5.743155264150806,6.216384551944454,7.00311919449377,3
concrete,uncertainty,13,300,215,382710,540300,1.3860871685352656,618,600.3333333333334,0.9714131607335491,1,8,6648,0.0028538980399858745,,,,0.0037130173838106142,,,,0.003955751453532365,,,,0.3,0.9,1e-06,,0.2,0.1,1.15,5.303415221046199,6.049227187842136,6.243827587966306,3
concrete,uncertainty,14,300,299,507816,509670,1.1719847185215033,618,566.3,0.9163430420711973,1,8,6648,0.003786826212055107,,,,0.004992206646022246,,,,0.004438102452225256,,,,0.3,0.9,1e-06,,0.2,0.1,1.15,6.002507426998965,6.89193695218214,6.498209078567111,3
concrete,uncertainty,15,300,284,487152,516816,1.3506657919193457,618,574.24,0.9291909385113268,1,8,6648,0.002649560357444173,,,,0.003374535856371552,,,,0.0035786705384254383,,,,0.3,0.9,1e-06,,0.2,0.1,1.15,5.110028387571488,5.766913372164663,5.93878035313225,3
concrete,uncertainty,16,300,295,473862,483132,1.4467872668218202,618,536.8133333333334,0.8686299892125136,1,8,6648,0.0030197978988112523,,,,0.0038067753442635748,,,,0.004369005148375407,,,,0.3,0.9,1e-06,,0.2,0.1,1.15,5.445770001599966,6.114331482296626,6.550306686308321,3
concrete,uncertainty,17,300,290,500784,519324,1.3288211185568122,618,577.0266666666666,0.9337001078748651,1,8,6648,0.0025134249370596215,,,,0.003038794217156475,,,,0.0033398921362721517,,,,0.3,0.9,1e-06,,0.2,0.1,1.15,5.030165338510978,5.530952721008475,5.798498125393255,3
concrete,uncertainty,18,300,279,329658,368592,1.5388077757893668,618,409.5466666666667,0.6626968716289104,1,8,6648,0.0037121138823541645,,,,0.004967176494850404,,,,0.005712229706782243,,,,0.3,0.9,1e-06,,0.2,0.1,1.15,5.942999099206145,6.874637688582155,7.372212593277538,3
concrete,uncertainty,19,300,269,329340,386814,1.2255658720902771,618,429.79333333333335,0.6954584681769148,1,8,6648,0.002749863412251448,,,,0.004175847512982259,,,,0.0033701387509650913,,,,0.3,0.9,1e-06,,0.2,0.1,1.15,5.2614429027308836,6.483680655900168,5.824695026461913,3
concrete,uncertainty,20,300,253,340554,427692,1.073668018773827,618,475.2133333333333,0.7689536138079827,1,8,6648,0.0029479147647406946,,,,0.004232676038442425,,,,0.003165081804973254,,,,0.3,0.9,1e-06,,0.2,0.1,1.15,5.447619447644014,6.527649322700476,5.644711759884919,3
concrete,uncertainty,21,300,277,491202,533844,1.334680306431721,618,593.16,0.9598058252427184,1,8,6648,0.003040834874000557,,,,0.003942238230680485,,,,0.004058542421439327,,,,0.3,0.9,1e-06,,0.2,0.1,1.15,5.474353308000981,6.2331537102495185,6.324430857965318,3
concrete,uncertainty,22,300,295,470034,479304,1.0609209171666525,618,532.56,0.8617475728155339,1,8,6648,0.005181281199420804,,,,0.006468596965252003,,,,0.005496929602187853,,,,0.3,0.9,1e-06,,0.2,0.1,1.15,6.944931499152641,7.7598697433431365,7.1533499623667955,3
concrete,uncertainty,23,300,291,411630,428316,1.439884984537522,618,475.9066666666667,0.7700755124056096,1,8,6648,0.0031434815296672194,,,,0.004075288139716568,,,,0.00452625185373887,,,,0.3,0.9,1e-06,,0.2,0.1,1.15,5.625417461445415,6.405137551851205,6.7502313608549365,3
concrete,uncertainty,24,300,274,358614,406818,1.3503387420489867,618,452.02,0.7314239482200647,1,8,6648,0.002651220004731958,,,,0.003455864697716635,,,,0.0035800450860848606,,,,0.3,0.9,1e-06,,0.2,0.1,1.15,5.166211531782452,5.898310973556433,6.00334840616203,3
concrete,uncertainty,25,300,281,435858,471084,1.3730971603313291,618,523.4266666666666,0.8469687162891045,1,8,6648,0.0033032770646685273,,,,0.004193436872399906,,,,0.004535720357283963,,,,0.3,0.9,1e-06,,0.2,0.1,1.15,5.705699631666647,6.428674826009203,6.685894811703907,3
concrete,uncertainty,26,300,228,412176,545664,1.4201029556637752,618,606.2933333333333,0.9810571736785328,1,8,6648,0.002255001299040619,,,,0.0037540806038339944,,,,0.003202334009793236,,,,0.3,0.9,1e-06,,0.2,0.1,1.15,4.764558884155809,6.147536231867892,5.677832996025649,3
concrete,uncertainty,27,300,299,414960,416814,1.0031310991522118,618,463.12666666666667,0.7493959007551241,1,8,6648,0.0034978952476148596,,,,0.005555426765459738,,,,0.003508847504459192,,,,0.3,0.9,1e-06,,0.2,0.1,1.15,5.934070479585702,7.478388345629871,5.943353300430515,3
concrete,uncertainty,28,300,260,439752,513912,1.083616093446692,618,571.0133333333333,0.9239697950377562,1,8,6648,0.004277412294791367,,,,0.004277743300074132,,,,0.004635072800942671,,,,0.3,0.9,1e-06,,0.2,0.1,1.15,6.5620548649684,6.562308760625027,6.830894538667613,3
concrete,uncertainty,29,300,269,438348,495822,1.7673551727789285,618,550.9133333333333,0.891445523193096,1,8,6648,0.002343900453860357,,,,0.0032000500356252496,,,,0.0041425045916089805,,,,0.3,0.9,1e-06,,0.2,0.1,1.15,4.722419900453545,5.517894634475418,6.278075265984002,3
concrete,uncertainty,30,300,272,370008,421920,1.218210783650111,618,468.8,0.7585760517799353,1,8,6648,0.003038766077214354,,,,0.004301985196464882,,,,0.003701857604252672,,,,0.3,0.9,1e-06,,0.2,0.1,1.15,5.365595064117115,6.384159295160489,5.922146049931111,3
